[2025-07-01 09:54:09,155] [kometa.py:299]             [INFO]     |====================================================================================================|
[2025-07-01 09:54:09,155] [kometa.py:300]             [INFO]     |                                                                                                    |
[2025-07-01 09:54:09,155] [kometa.py:301]             [INFO]     |                   __  ___  ______    ___  ___   _______  __________    ___                         |
[2025-07-01 09:54:09,155] [kometa.py:302]             [INFO]     |                  |  |/  / /  __  \  |   \/   | |   ____||          |  /   \                        |
[2025-07-01 09:54:09,155] [kometa.py:303]             [INFO]     |                  |  '  / |  |  |  | |  \  /  | |  |__   `---|  |---` /  ^  \                       |
[2025-07-01 09:54:09,155] [kometa.py:304]             [INFO]     |                  |    <  |  |  |  | |  |\/|  | |   __|      |  |    /  /_\  \                      |
[2025-07-01 09:54:09,155] [kometa.py:305]             [INFO]     |                  |  .  \ |  `--`  | |  |  |  | |  |____     |  |   /  _____  \                     |
[2025-07-01 09:54:09,155] [kometa.py:306]             [INFO]     |                  |__|\__\ \______/  |__|  |__| |_______|    |__|  /__/     \__\                    |
[2025-07-01 09:54:09,155] [kometa.py:307]             [INFO]     |                                                                                                    |
[2025-07-01 09:54:09,187] [kometa.py:313]             [INFO]     |     Version: 2.2.0 (Python 3.13.2) (Git: master)                                                   |
[2025-07-01 09:54:09,241] [kometa.py:316]             [INFO]     |     Platform: macOS-15.5-arm64-arm-64bit-Mach-O                                                    |
[2025-07-01 09:54:09,241] [kometa.py:317]             [INFO]     |     Total Memory: 16 GB                                                                            |
[2025-07-01 09:54:09,241] [kometa.py:318]             [INFO]     |     Available Memory: 4 GB                                                                         |
[2025-07-01 09:54:09,241] [kometa.py:319]             [INFO]     |     Process Priority: normal                                                                       |
[2025-07-01 09:54:09,241] [kometa.py:351]             [DEBUG]    |====================================================================================================|
[2025-07-01 09:54:09,241] [kometa.py:352]             [DEBUG]    | Run Command: /Volumes/MacOS/Servers/Kometa/kometa.py --config /Users/zacharygoodnite/Kometa/config/config.yml --run |
[2025-07-01 09:54:09,241] [kometa.py:356]             [DEBUG]    | --config (KOMETA_CONFIG): "/Users/zacharygoodnite/Kometa/config/config.yml"                        |
[2025-07-01 09:54:09,241] [kometa.py:356]             [DEBUG]    | --times (KOMETA_TIMES): "05:00"                                                                    |
[2025-07-01 09:54:09,241] [kometa.py:356]             [DEBUG]    | --run (KOMETA_RUN): True                                                                           |
[2025-07-01 09:54:09,242] [kometa.py:356]             [DEBUG]    | --tests (KOMETA_TESTS): False                                                                      |
[2025-07-01 09:54:09,242] [kometa.py:356]             [DEBUG]    | --debug (KOMETA_DEBUG): False                                                                      |
[2025-07-01 09:54:09,242] [kometa.py:356]             [DEBUG]    | --trace (KOMETA_TRACE): False                                                                      |
[2025-07-01 09:54:09,242] [kometa.py:356]             [DEBUG]    | --log-requests (KOMETA_LOG_REQUESTS): False                                                        |
[2025-07-01 09:54:09,242] [kometa.py:356]             [DEBUG]    | --timeout (KOMETA_TIMEOUT): 180                                                                    |
[2025-07-01 09:54:09,242] [kometa.py:356]             [DEBUG]    | --no-verify-ssl (KOMETA_NO_VERIFY_SSL): False                                                      |
[2025-07-01 09:54:09,242] [kometa.py:356]             [DEBUG]    | --collections-only (KOMETA_COLLECTIONS_ONLY): False                                                |
[2025-07-01 09:54:09,242] [kometa.py:356]             [DEBUG]    | --metadata-only (KOMETA_METADATA_ONLY): False                                                      |
[2025-07-01 09:54:09,242] [kometa.py:356]             [DEBUG]    | --playlists-only (KOMETA_PLAYLISTS_ONLY): False                                                    |
[2025-07-01 09:54:09,242] [kometa.py:356]             [DEBUG]    | --operations-only (KOMETA_OPERATIONS_ONLY): False                                                  |
[2025-07-01 09:54:09,242] [kometa.py:356]             [DEBUG]    | --overlays-only (KOMETA_OVERLAYS_ONLY): False                                                      |
[2025-07-01 09:54:09,242] [kometa.py:356]             [DEBUG]    | --run-collections (KOMETA_RUN_COLLECTIONS): None                                                   |
[2025-07-01 09:54:09,242] [kometa.py:356]             [DEBUG]    | --run-libraries (KOMETA_RUN_LIBRARIES): None                                                       |
[2025-07-01 09:54:09,242] [kometa.py:356]             [DEBUG]    | --run-files (KOMETA_RUN_FILES): None                                                               |
[2025-07-01 09:54:09,242] [kometa.py:356]             [DEBUG]    | --ignore-schedules (KOMETA_IGNORE_SCHEDULES): False                                                |
[2025-07-01 09:54:09,242] [kometa.py:356]             [DEBUG]    | --ignore-ghost (KOMETA_IGNORE_GHOST): False                                                        |
[2025-07-01 09:54:09,242] [kometa.py:356]             [DEBUG]    | --delete-collections (KOMETA_DELETE_COLLECTIONS): False                                            |
[2025-07-01 09:54:09,242] [kometa.py:356]             [DEBUG]    | --delete-labels (KOMETA_DELETE_LABELS): False                                                      |
[2025-07-01 09:54:09,242] [kometa.py:356]             [DEBUG]    | --resume (KOMETA_RESUME): None                                                                     |
[2025-07-01 09:54:09,242] [kometa.py:356]             [DEBUG]    | --no-countdown (KOMETA_NO_COUNTDOWN): False                                                        |
[2025-07-01 09:54:09,242] [kometa.py:356]             [DEBUG]    | --no-missing (KOMETA_NO_MISSING): False                                                            |
[2025-07-01 09:54:09,242] [kometa.py:356]             [DEBUG]    | --no-report (KOMETA_NO_REPORT): False                                                              |
[2025-07-01 09:54:09,242] [kometa.py:356]             [DEBUG]    | --read-only-config (KOMETA_READ_ONLY_CONFIG): False                                                |
[2025-07-01 09:54:09,242] [kometa.py:356]             [DEBUG]    | --divider (KOMETA_DIVIDER): "="                                                                    |
[2025-07-01 09:54:09,242] [kometa.py:356]             [DEBUG]    | --width (KOMETA_WIDTH): 100                                                                        |
[2025-07-01 09:54:09,242] [kometa.py:356]             [DEBUG]    | --low-priority (KOMETA_LOW_PRIORITY): False                                                        |
[2025-07-01 09:54:09,242] [kometa.py:357]             [DEBUG]    |                                                                                                    |
[2025-07-01 09:54:09,242] [kometa.py:363]             [INFO]     |====================================================================================================|
[2025-07-01 09:54:09,242] [kometa.py:363]             [INFO]     |                                            Starting Run                                            |
[2025-07-01 09:54:09,242] [kometa.py:363]             [INFO]     |====================================================================================================|
[2025-07-01 09:54:09,242] [config.py:156]             [INFO]     | Locating config...                                                                                 |
[2025-07-01 09:54:09,242] [config.py:162]             [INFO]     | Using /Users/zacharygoodnite/Kometa/config/config.yml as config                                    |
[2025-07-01 09:54:09,243] [config.py:203]             [DEBUG]    |========================================= Redacted Config ==========================================|
[2025-07-01 09:54:09,243] [config.py:205]             [DEBUG]    | libraries:                                                                                         |
[2025-07-01 09:54:09,243] [config.py:205]             [DEBUG]    | #MOVIE LIBRARY CONFIG FOR SCHEDULED COLLECTIONS TO BE DELETED WHEN OUT OF SEASON                   |
[2025-07-01 09:54:09,243] [config.py:205]             [DEBUG]    |   Scheduled:                                                                                       |
[2025-07-01 09:54:09,243] [config.py:205]             [DEBUG]    |     library_name: Movies                                                                           |
[2025-07-01 09:54:09,243] [config.py:205]             [DEBUG]    |     report_path: config/missing/Scheduled_report.yml                                               |
[2025-07-01 09:54:09,243] [config.py:205]             [DEBUG]    |     template_variables:                                                                            |
[2025-07-01 09:54:09,243] [config.py:205]             [DEBUG]    |       use_separator: false                                                                         |
[2025-07-01 09:54:09,244] [config.py:205]             [DEBUG]    |     collection_files:                                                                              |
[2025-07-01 09:54:09,244] [config.py:205]             [DEBUG]    |     - folder: /config/Scheduled/                                                                   |
[2025-07-01 09:54:09,244] [config.py:205]             [DEBUG]    |       asset_directory: config/assets/plex/Collections                                              |
[2025-07-01 09:54:09,244] [config.py:205]             [DEBUG]    |     - pmm: year                                                                                    |
[2025-07-01 09:54:09,244] [config.py:205]             [DEBUG]    |       asset_directory: config/assets/plex/Collections                                              |
[2025-07-01 09:54:09,244] [config.py:205]             [DEBUG]    |       template_variables:                                                                          |
[2025-07-01 09:54:09,244] [config.py:205]             [DEBUG]    |         limit: 25                                                                                  |
[2025-07-01 09:54:09,244] [config.py:205]             [DEBUG]    |         sort_by: critic_rating.desc                                                                |
[2025-07-01 09:54:09,244] [config.py:205]             [DEBUG]    |         data:                                                                                      |
[2025-07-01 09:54:09,244] [config.py:205]             [DEBUG]    |           starting: current_year-1                                                                 |
[2025-07-01 09:54:09,244] [config.py:205]             [DEBUG]    |           ending: current_year-1                                                                   |
[2025-07-01 09:54:09,244] [config.py:205]             [DEBUG]    |         summary_format: Top <<limit>> movies of <<key>>. Sorted by critic rating.                  |
[2025-07-01 09:54:09,244] [config.py:205]             [DEBUG]    |         collection_section: '010'                                                                  |
[2025-07-01 09:54:09,244] [config.py:205]             [DEBUG]    |         schedule: range(01/01-02/28)                                                               |
[2025-07-01 09:54:09,244] [config.py:205]             [DEBUG]    |     settings:                                                                                      |
[2025-07-01 09:54:09,244] [config.py:205]             [DEBUG]    |       delete_not_scheduled: true                                                                   |
[2025-07-01 09:54:09,244] [config.py:205]             [DEBUG]    |       asset_directory: config/assets/plex/Movies                                                   |
[2025-07-01 09:54:09,244] [config.py:205]             [DEBUG]    |                                                                                                    |
[2025-07-01 09:54:09,244] [config.py:205]             [DEBUG]    | #MAIN MOVIE LIBRARY CONFIG                                                                         |
[2025-07-01 09:54:09,244] [config.py:205]             [DEBUG]    |   Movies:                                                                                          |
[2025-07-01 09:54:09,244] [config.py:205]             [DEBUG]    |     collection_files:                                                                              |
[2025-07-01 09:54:09,244] [config.py:205]             [DEBUG]    |     - default: basic                                                                               |
[2025-07-01 09:54:09,244] [config.py:205]             [DEBUG]    |     - default: imdb                                                                                |
[2025-07-01 09:54:09,244] [config.py:205]             [DEBUG]    |     - default: trakt                                                                               |
[2025-07-01 09:54:09,244] [config.py:205]             [DEBUG]    |     - default: resolution                                                                          |
[2025-07-01 09:54:09,244] [config.py:205]             [DEBUG]    |       template_variables:                                                                          |
[2025-07-01 09:54:09,244] [config.py:205]             [DEBUG]    |         sep_style: gold                                                                            |
[2025-07-01 09:54:09,244] [config.py:205]             [DEBUG]    |         exclude:                                                                                   |
[2025-07-01 09:54:09,244] [config.py:205]             [DEBUG]    |         - sd                                                                                       |
[2025-07-01 09:54:09,244] [config.py:205]             [DEBUG]    |         sort_by: title.asc                                                                         |
[2025-07-01 09:54:09,244] [config.py:205]             [DEBUG]    |       folder: config/Movies/                                                                       |
[2025-07-01 09:54:09,244] [config.py:205]             [DEBUG]    |       asset_directory: config/assets/plex/Movies                                                   |
[2025-07-01 09:54:09,244] [config.py:205]             [DEBUG]    |       asset_depth: 2                                                                               |
[2025-07-01 09:54:09,244] [config.py:205]             [DEBUG]    |     - pmm: based                                                                                   |
[2025-07-01 09:54:09,244] [config.py:205]             [DEBUG]    |       asset_directory: config/assets/plex/Collections                                              |
[2025-07-01 09:54:09,244] [config.py:205]             [DEBUG]    |       template_variables:                                                                          |
[2025-07-01 09:54:09,244] [config.py:205]             [DEBUG]    |         summary_true_story: Films based on or inspired by a true story.                            |
[2025-07-01 09:54:09,244] [config.py:205]             [DEBUG]    |         summary_book: Films based on or inspired by a book.                                        |
[2025-07-01 09:54:09,244] [config.py:205]             [DEBUG]    |         summary_video_game: Films based on or inspired by a video game.                            |
[2025-07-01 09:54:09,244] [config.py:205]             [DEBUG]    |         summary_comic: Films based on or inspired by a comic.                                      |
[2025-07-01 09:54:09,244] [config.py:205]             [DEBUG]    |         schedule: all[weekly(thursday), hourly(06-07)]                                             |
[2025-07-01 09:54:09,244] [config.py:205]             [DEBUG]    |     - pmm: decade                                                                                  |
[2025-07-01 09:54:09,244] [config.py:205]             [DEBUG]    |       asset_directory: config/assets/plex/Collections                                              |
[2025-07-01 09:54:09,244] [config.py:205]             [DEBUG]    |       template_variables:                                                                          |
[2025-07-01 09:54:09,244] [config.py:205]             [DEBUG]    |         exclude:                                                                                   |
[2025-07-01 09:54:09,244] [config.py:205]             [DEBUG]    |         - 1960                                                                                     |
[2025-07-01 09:54:09,244] [config.py:205]             [DEBUG]    |         limit: 100                                                                                 |
[2025-07-01 09:54:09,244] [config.py:205]             [DEBUG]    |         limit_1970: 25                                                                             |
[2025-07-01 09:54:09,244] [config.py:205]             [DEBUG]    |         summary_format: Top <<limit>> movies of the <<key>>s. Sorted by critic rating.             |
[2025-07-01 09:54:09,244] [config.py:205]             [DEBUG]    |         summary_1970: Top <<limit_1970>> movies of the <<key>>s. Sorted by critic rating.          |
[2025-07-01 09:54:09,244] [config.py:205]             [DEBUG]    |         minimum_items: 25                                                                          |
[2025-07-01 09:54:09,244] [config.py:205]             [DEBUG]    |     - pmm: genre                                                                                   |
[2025-07-01 09:54:09,244] [config.py:205]             [DEBUG]    |       asset_directory: config/assets/plex/Collections                                              |
[2025-07-01 09:54:09,244] [config.py:205]             [DEBUG]    |       template_variables:                                                                          |
[2025-07-01 09:54:09,244] [config.py:205]             [DEBUG]    |         sort_by: title.asc                                                                         |
[2025-07-01 09:54:09,244] [config.py:205]             [DEBUG]    |         exclude:                                                                                   |
[2025-07-01 09:54:09,245] [config.py:205]             [DEBUG]    |         - Horror #IN SCHEDULED LIBRARY                                                             |
[2025-07-01 09:54:09,245] [config.py:205]             [DEBUG]    |         - War #GENRE.YML                                                                           |
[2025-07-01 09:54:09,245] [config.py:205]             [DEBUG]    |         - Western #GENRE.YML                                                                       |
[2025-07-01 09:54:09,245] [config.py:205]             [DEBUG]    |         - Spy #GENRE.YML                                                                           |
[2025-07-01 09:54:09,245] [config.py:205]             [DEBUG]    |         - Sport #GENRE.YML                                                                         |
[2025-07-01 09:54:09,245] [config.py:205]             [DEBUG]    |         minimum_items: 10                                                                          |
[2025-07-01 09:54:09,245] [config.py:205]             [DEBUG]    |     - pmm: imdb                                                                                    |
[2025-07-01 09:54:09,245] [config.py:205]             [DEBUG]    |       asset_directory: config/assets/plex/Collections                                              |
[2025-07-01 09:54:09,245] [config.py:205]             [DEBUG]    |       template_variables:                                                                          |
[2025-07-01 09:54:09,245] [config.py:205]             [DEBUG]    |         use_lowest: false                                                                          |
[2025-07-01 09:54:09,245] [config.py:205]             [DEBUG]    |         order_top: 3                                                                               |
[2025-07-01 09:54:09,245] [config.py:205]             [DEBUG]    |         order_popular: 3                                                                           |
[2025-07-01 09:54:09,245] [config.py:205]             [DEBUG]    |     - pmm: seasonal                                                                                |
[2025-07-01 09:54:09,245] [config.py:205]             [DEBUG]    |       asset_directory: config/assets/plex/Collections                                              |
[2025-07-01 09:54:09,245] [config.py:205]             [DEBUG]    |       template_variables:                                                                          |
[2025-07-01 09:54:09,245] [config.py:205]             [DEBUG]    |         emoji: ''                                                                                  |
[2025-07-01 09:54:09,245] [config.py:205]             [DEBUG]    |         schedule_easter: range(03/20-04/05)                                                        |
[2025-07-01 09:54:09,245] [config.py:205]             [DEBUG]    |         schedule_independence: range(06/28-07/05)                                                  |
[2025-07-01 09:54:09,245] [config.py:205]             [DEBUG]    |         schedule_labor: range(09/01-09/05)                                                         |
[2025-07-01 09:54:09,245] [config.py:205]             [DEBUG]    |         schedule_thanksgiving: range(11/01-11/24)                                                  |
[2025-07-01 09:54:09,245] [config.py:205]             [DEBUG]    |         schedule_veteran: range(11/01-11/12)                                                       |
[2025-07-01 09:54:09,245] [config.py:205]             [DEBUG]    |         schedule_valentine: range(02/05-02/15)                                                     |
[2025-07-01 09:54:09,245] [config.py:205]             [DEBUG]    |         exclude:                                                                                   |
[2025-07-01 09:54:09,245] [config.py:205]             [DEBUG]    |         - christmas #IN SCHEDULED LIBRARY                                                          |
[2025-07-01 09:54:09,245] [config.py:205]             [DEBUG]    |         - easter #NOT ENOUGH FILMS                                                                 |
[2025-07-01 09:54:09,245] [config.py:205]             [DEBUG]    |         - halloween #IN SCHEDULED LIBRARY                                                          |
[2025-07-01 09:54:09,245] [config.py:205]             [DEBUG]    |         - latinx #NOT ENOUGH FILMS                                                                 |
[2025-07-01 09:54:09,245] [config.py:205]             [DEBUG]    |         - women #INOP DUE TO IMDB CHANGES                                                          |
[2025-07-01 09:54:09,245] [config.py:205]             [DEBUG]    |     - pmm: tautulli                                                                                |
[2025-07-01 09:54:09,245] [config.py:205]             [DEBUG]    |       asset_directory: config/assets/plex/Collections                                              |
[2025-07-01 09:54:09,245] [config.py:205]             [DEBUG]    |       template_variables:                                                                          |
[2025-07-01 09:54:09,245] [config.py:205]             [DEBUG]    |         use_watched: true                                                                          |
[2025-07-01 09:54:09,245] [config.py:205]             [DEBUG]    |         list_days: 14                                                                              |
[2025-07-01 09:54:09,245] [config.py:205]             [DEBUG]    |         list_size: 25                                                                              |
[2025-07-01 09:54:09,245] [config.py:205]             [DEBUG]    |         summary_popular: A collection of the most watched movies on this Plex server.              |
[2025-07-01 09:54:09,245] [config.py:205]             [DEBUG]    |         order_popular: 1                                                                           |
[2025-07-01 09:54:09,245] [config.py:205]             [DEBUG]    | #    - pmm: trakt                                                                                  |
[2025-07-01 09:54:09,245] [config.py:205]             [DEBUG]    | #      asset_directory: config/assets/plex/Collections                                             |
[2025-07-01 09:54:09,245] [config.py:205]             [DEBUG]    | #      template_variables:                                                                         |
[2025-07-01 09:54:09,245] [config.py:205]             [DEBUG]    | #        use_collected: false                                                                      |
[2025-07-01 09:54:09,245] [config.py:205]             [DEBUG]    | #        use_recommended: false                                                                    |
[2025-07-01 09:54:09,245] [config.py:205]             [DEBUG]    | #        use_watched: false                                                                        |
[2025-07-01 09:54:09,245] [config.py:205]             [DEBUG]    | #        order_popular: 4                                                                          |
[2025-07-01 09:54:09,245] [config.py:205]             [DEBUG]    | #        order_trending: 4                                                                         |
[2025-07-01 09:54:09,245] [config.py:205]             [DEBUG]    | #        schedule: weekly(monday)                                                                  |
[2025-07-01 09:54:09,245] [config.py:205]             [DEBUG]    |     - pmm: universe                                                                                |
[2025-07-01 09:54:09,245] [config.py:205]             [DEBUG]    |       asset_directory: config/assets/plex/Collections                                              |
[2025-07-01 09:54:09,245] [config.py:205]             [DEBUG]    |       template_variables:                                                                          |
[2025-07-01 09:54:09,245] [config.py:205]             [DEBUG]    |         trakt_list_avp: https://trakt.tv/users/oldmankestis/lists/alien-predator                   |
[2025-07-01 09:54:09,245] [config.py:205]             [DEBUG]    |         trakt_list_mcu: https://trakt.tv/users/oldmankestis/lists/marvel-cinematic-universe        |
[2025-07-01 09:54:09,245] [config.py:205]             [DEBUG]    |         trakt_list_star: https://trakt.tv/users/oldmankestis/lists/star-wars                       |
[2025-07-01 09:54:09,245] [config.py:205]             [DEBUG]    |         trakt_list_trek: https://trakt.tv/users/oldmankestis/lists/star-trek                       |
[2025-07-01 09:54:09,245] [config.py:205]             [DEBUG]    |         trakt_list_xmen: https://trakt.tv/users/oldmankestis/lists/x-men-collection                |
[2025-07-01 09:54:09,245] [config.py:205]             [DEBUG]    |         summary_mcu: The Marvel Cinematic Universe (MCU) is an American media franchise and shared universe centered on a series of superhero films produced by Marvel Studios. Sorted in chronological order. |
[2025-07-01 09:54:09,245] [config.py:205]             [DEBUG]    |         summary_xmen: The X-Men Collection. Sorted in chronological order.                         |
[2025-07-01 09:54:09,245] [config.py:205]             [DEBUG]    |         minimum_items: 3                                                                           |
[2025-07-01 09:54:09,245] [config.py:205]             [DEBUG]    |         append_data:                                                                               |
[2025-07-01 09:54:09,245] [config.py:205]             [DEBUG]    |           star: Star Wars Saga                                                                     |
[2025-07-01 09:54:09,245] [config.py:205]             [DEBUG]    |           trek: Star Trek Universe                                                                 |
[2025-07-01 09:54:09,245] [config.py:205]             [DEBUG]    |           xmen: X-Men Collection                                                                   |
[2025-07-01 09:54:09,245] [config.py:205]             [DEBUG]    |         exclude:                                                                                   |
[2025-07-01 09:54:09,245] [config.py:205]             [DEBUG]    |         - marvel #FRANCHISE.YML                                                                    |
[2025-07-01 09:54:09,245] [config.py:205]             [DEBUG]    |         - mummy #FRANCHISE.YML                                                                     |
[2025-07-01 09:54:09,245] [config.py:205]             [DEBUG]    |         - rocky #NOT IN LIBRARY                                                                    |
[2025-07-01 09:54:09,245] [config.py:205]             [DEBUG]    |         collection_section: '106'                                                                  |
[2025-07-01 09:54:09,245] [config.py:205]             [DEBUG]    |     operations:                                                                                    |
[2025-07-01 09:54:09,245] [config.py:205]             [DEBUG]    |       mass_poster_update:                                                                          |
[2025-07-01 09:54:09,245] [config.py:205]             [DEBUG]    |         source: tmdb                                                                               |
[2025-07-01 09:54:09,245] [config.py:205]             [DEBUG]    |       mass_genre_update: tmdb                                                                      |
[2025-07-01 09:54:09,245] [config.py:205]             [DEBUG]    |       mass_audience_rating_update: tmdb                                                            |
[2025-07-01 09:54:09,245] [config.py:205]             [DEBUG]    |       mass_imdb_parental_labels: mild                                                              |
[2025-07-01 09:54:09,245] [config.py:205]             [DEBUG]    |       mass_critic_rating_update: mdb_tomatoes                                                      |
[2025-07-01 09:54:09,245] [config.py:205]             [DEBUG]    |       mass_user_rating_update: trakt_user                                                          |
[2025-07-01 09:54:09,245] [config.py:205]             [DEBUG]    |       assets_for_all: true                                                                         |
[2025-07-01 09:54:09,245] [config.py:205]             [DEBUG]    |     settings:                                                                                      |
[2025-07-01 09:54:09,245] [config.py:205]             [DEBUG]    |       asset_directory: config/assets/plex/Movies                                                   |
[2025-07-01 09:54:09,245] [config.py:205]             [DEBUG]    |       asset_depth: 2                                                                               |
[2025-07-01 09:54:09,245] [config.py:205]             [DEBUG]    |       show_missing_assets: false                                                                   |
[2025-07-01 09:54:09,245] [config.py:205]             [DEBUG]    | #######################################################                                            |
[2025-07-01 09:54:09,245] [config.py:205]             [DEBUG]    | ##                   TV LIBRARIES                    ##                                            |
[2025-07-01 09:54:09,245] [config.py:205]             [DEBUG]    | #######################################################                                            |
[2025-07-01 09:54:09,245] [config.py:205]             [DEBUG]    |                                                                                                    |
[2025-07-01 09:54:09,245] [config.py:205]             [DEBUG]    | #TV SHOWS CONFIG                                                                                   |
[2025-07-01 09:54:09,245] [config.py:205]             [DEBUG]    |       # see the wiki for how to use local files, folders, URLs, or files from git                  |
[2025-07-01 09:54:09,245] [config.py:205]             [DEBUG]    |                                                                                                    |
[2025-07-01 09:54:09,245] [config.py:205]             [DEBUG]    |   TV Shows:                                                                                        |
[2025-07-01 09:54:09,245] [config.py:205]             [DEBUG]    |     collection_files:                                                                              |
[2025-07-01 09:54:09,245] [config.py:205]             [DEBUG]    |     - default: basic                                                                               |
[2025-07-01 09:54:09,245] [config.py:205]             [DEBUG]    |     - default: imdb                                                                                |
[2025-07-01 09:54:09,245] [config.py:205]             [DEBUG]    |     - file: config/franchise.yml                                                                   |
[2025-07-01 09:54:09,245] [config.py:205]             [DEBUG]    |     remove_overlays: false                                                                         |
[2025-07-01 09:54:09,245] [config.py:205]             [DEBUG]    |     operations:                                                                                    |
[2025-07-01 09:54:09,245] [config.py:205]             [DEBUG]    |       assets_for_all: true                                                                         |
[2025-07-01 09:54:09,245] [config.py:205]             [DEBUG]    |     settings:                                                                                      |
[2025-07-01 09:54:09,245] [config.py:205]             [DEBUG]    |       asset_directory: config/assets/plex/Movies                                                   |
[2025-07-01 09:54:09,245] [config.py:205]             [DEBUG]    | settings:                                                                                          |
[2025-07-01 09:54:09,245] [config.py:205]             [DEBUG]    |   run_order:                                                                                       |
[2025-07-01 09:54:09,245] [config.py:205]             [DEBUG]    |   - operations                                                                                     |
[2025-07-01 09:54:09,246] [config.py:205]             [DEBUG]    |   - metadata                                                                                       |
[2025-07-01 09:54:09,246] [config.py:205]             [DEBUG]    |   - collections                                                                                    |
[2025-07-01 09:54:09,246] [config.py:205]             [DEBUG]    |   - overlays                                                                                       |
[2025-07-01 09:54:09,246] [config.py:205]             [DEBUG]    |   cache: true                                                                                      |
[2025-07-01 09:54:09,246] [config.py:205]             [DEBUG]    |   cache_expiration: 60                                                                             |
[2025-07-01 09:54:09,246] [config.py:205]             [DEBUG]    |   asset_directory: config/assets/plex/Movies                                                       |
[2025-07-01 09:54:09,246] [config.py:205]             [DEBUG]    |   asset_folders: true                                                                              |
[2025-07-01 09:54:09,246] [config.py:205]             [DEBUG]    |   asset_depth: 2                                                                                   |
[2025-07-01 09:54:09,246] [config.py:205]             [DEBUG]    |   create_asset_folders: true                                                                       |
[2025-07-01 09:54:09,246] [config.py:205]             [DEBUG]    |   prioritize_assets: true                                                                          |
[2025-07-01 09:54:09,246] [config.py:205]             [DEBUG]    |   dimensional_asset_rename: false                                                                  |
[2025-07-01 09:54:09,246] [config.py:205]             [DEBUG]    |   download_url_assets: true                                                                        |
[2025-07-01 09:54:09,246] [config.py:205]             [DEBUG]    |   show_missing_season_assets: false                                                                |
[2025-07-01 09:54:09,246] [config.py:205]             [DEBUG]    |   show_missing_episode_assets: false                                                               |
[2025-07-01 09:54:09,246] [config.py:205]             [DEBUG]    |   show_asset_not_needed: false                                                                     |
[2025-07-01 09:54:09,246] [config.py:205]             [DEBUG]    |   sync_mode: append                                                                                |
[2025-07-01 09:54:09,246] [config.py:205]             [DEBUG]    |   minimum_items: 1                                                                                 |
[2025-07-01 09:54:09,246] [config.py:205]             [DEBUG]    |   default_collection_order:                                                                        |
[2025-07-01 09:54:09,246] [config.py:205]             [DEBUG]    |   delete_below_minimum: true                                                                       |
[2025-07-01 09:54:09,246] [config.py:205]             [DEBUG]    |   delete_not_scheduled: false                                                                      |
[2025-07-01 09:54:09,246] [config.py:205]             [DEBUG]    |   run_again_delay: 2                                                                               |
[2025-07-01 09:54:09,246] [config.py:205]             [DEBUG]    |   missing_only_released: false                                                                     |
[2025-07-01 09:54:09,246] [config.py:205]             [DEBUG]    |   only_filter_missing: false                                                                       |
[2025-07-01 09:54:09,246] [config.py:205]             [DEBUG]    |   show_unmanaged: true                                                                             |
[2025-07-01 09:54:09,246] [config.py:205]             [DEBUG]    |   show_unconfigured: true                                                                          |
[2025-07-01 09:54:09,246] [config.py:205]             [DEBUG]    |   show_filtered: false                                                                             |
[2025-07-01 09:54:09,246] [config.py:205]             [DEBUG]    |   show_options: true                                                                               |
[2025-07-01 09:54:09,246] [config.py:205]             [DEBUG]    |   show_missing: false                                                                              |
[2025-07-01 09:54:09,246] [config.py:205]             [DEBUG]    |   show_missing_assets: false                                                                       |
[2025-07-01 09:54:09,246] [config.py:205]             [DEBUG]    |   save_report: false                                                                               |
[2025-07-01 09:54:09,246] [config.py:205]             [DEBUG]    |   tvdb_language: eng                                                                               |
[2025-07-01 09:54:09,246] [config.py:205]             [DEBUG]    |   ignore_ids:                                                                                      |
[2025-07-01 09:54:09,246] [config.py:205]             [DEBUG]    |   ignore_imdb_ids:                                                                                 |
[2025-07-01 09:54:09,246] [config.py:205]             [DEBUG]    |   item_refresh_delay: 0                                                                            |
[2025-07-01 09:54:09,246] [config.py:205]             [DEBUG]    |   playlist_sync_to_users: all                                                                      |
[2025-07-01 09:54:09,246] [config.py:205]             [DEBUG]    |   playlist_exclude_users:                                                                          |
[2025-07-01 09:54:09,246] [config.py:205]             [DEBUG]    |   playlist_report: false                                                                           |
[2025-07-01 09:54:09,246] [config.py:205]             [DEBUG]    |   verify_ssl: true                                                                                 |
[2025-07-01 09:54:09,246] [config.py:205]             [DEBUG]    |   custom_repo:                                                                                     |
[2025-07-01 09:54:09,246] [config.py:205]             [DEBUG]    |   overlay_artwork_filetype: jpg                                                                    |
[2025-07-01 09:54:09,246] [config.py:205]             [DEBUG]    |   overlay_artwork_quality: 75                                                                      |
[2025-07-01 09:54:09,246] [config.py:205]             [DEBUG]    |   show_unfiltered: false                                                                           |
[2025-07-01 09:54:09,246] [config.py:205]             [DEBUG]    | webhooks:                            # Can be individually specified per library as well           |
[2025-07-01 09:54:09,246] [config.py:205]             [DEBUG]    |   error:                                                                                           |
[2025-07-01 09:54:09,246] [config.py:205]             [DEBUG]    |   version:                                                                                         |
[2025-07-01 09:54:09,246] [config.py:205]             [DEBUG]    |   run_start:                                                                                       |
[2025-07-01 09:54:09,246] [config.py:205]             [DEBUG]    |   run_end:                                                                                         |
[2025-07-01 09:54:09,246] [config.py:205]             [DEBUG]    |   changes:                                                                                         |
[2025-07-01 09:54:09,246] [config.py:205]             [DEBUG]    |   delete:                                                                                          |
[2025-07-01 09:54:09,246] [config.py:205]             [DEBUG]    | plex:                                # Can be individually specified per library as well; REQUIRED for the script to run |
[2025-07-01 09:54:09,246] [config.py:205]             [DEBUG]    |   url: (redacted)                                                                                  |
[2025-07-01 09:54:09,246] [config.py:205]             [DEBUG]    |   token: (redacted)                                                                                |
[2025-07-01 09:54:09,246] [config.py:205]             [DEBUG]    |   timeout: 60                                                                                      |
[2025-07-01 09:54:09,246] [config.py:205]             [DEBUG]    |   db_cache:                                                                                        |
[2025-07-01 09:54:09,246] [config.py:205]             [DEBUG]    |   clean_bundles: false                                                                             |
[2025-07-01 09:54:09,246] [config.py:205]             [DEBUG]    |   empty_trash: true                                                                                |
[2025-07-01 09:54:09,246] [config.py:205]             [DEBUG]    |   optimize: true                                                                                   |
[2025-07-01 09:54:09,246] [config.py:205]             [DEBUG]    |   verify_ssl:                                                                                      |
[2025-07-01 09:54:09,246] [config.py:205]             [DEBUG]    | tmdb:                                # REQUIRED for the script to run                              |
[2025-07-01 09:54:09,246] [config.py:205]             [DEBUG]    |   apikey: (redacted)                                                                               |
[2025-07-01 09:54:09,246] [config.py:205]             [DEBUG]    |   language: en                                                                                     |
[2025-07-01 09:54:09,246] [config.py:205]             [DEBUG]    |   cache_expiration: 60                                                                             |
[2025-07-01 09:54:09,246] [config.py:205]             [DEBUG]    |   region:                                                                                          |
[2025-07-01 09:54:09,246] [config.py:205]             [DEBUG]    | tautulli:                            # Can be individually specified per library as well           |
[2025-07-01 09:54:09,246] [config.py:205]             [DEBUG]    |   url: (redacted)                                                                                  |
[2025-07-01 09:54:09,246] [config.py:205]             [DEBUG]    |   apikey: (redacted)                                                                               |
[2025-07-01 09:54:09,246] [config.py:205]             [DEBUG]    | radarr:                              # Can be individually specified per library as well           |
[2025-07-01 09:54:09,246] [config.py:205]             [DEBUG]    |   url: (redacted)                                                                                  |
[2025-07-01 09:54:09,246] [config.py:205]             [DEBUG]    |   token: (redacted)                                                                                |
[2025-07-01 09:54:09,246] [config.py:205]             [DEBUG]    |   add_missing: true                                                                                |
[2025-07-01 09:54:09,246] [config.py:205]             [DEBUG]    |   add_existing: false                                                                              |
[2025-07-01 09:54:09,246] [config.py:205]             [DEBUG]    |   upgrade_existing: true                                                                           |
[2025-07-01 09:54:09,246] [config.py:205]             [DEBUG]    |   monitor_existing: true                                                                           |
[2025-07-01 09:54:09,246] [config.py:205]             [DEBUG]    |   root_folder_path: /Volumes/Mothership/Data/Movies                                                |
[2025-07-01 09:54:09,246] [config.py:205]             [DEBUG]    |   monitor: true                                                                                    |
[2025-07-01 09:54:09,246] [config.py:205]             [DEBUG]    |   availability: announced                                                                          |
[2025-07-01 09:54:09,246] [config.py:205]             [DEBUG]    |   quality_profile: HD-1080p                                                                        |
[2025-07-01 09:54:09,246] [config.py:205]             [DEBUG]    |   tag: kometa                                                                                      |
[2025-07-01 09:54:09,246] [config.py:205]             [DEBUG]    |   search: false                                                                                    |
[2025-07-01 09:54:09,246] [config.py:205]             [DEBUG]    |   radarr_path:                                                                                     |
[2025-07-01 09:54:09,246] [config.py:205]             [DEBUG]    |   plex_path:                                                                                       |
[2025-07-01 09:54:09,246] [config.py:205]             [DEBUG]    |   ignore_cache: true                                                                               |
[2025-07-01 09:54:09,246] [config.py:205]             [DEBUG]    | sonarr:                              # Can be individually specified per library as well           |
[2025-07-01 09:54:09,246] [config.py:205]             [DEBUG]    |   url: (redacted)                                                                                  |
[2025-07-01 09:54:09,246] [config.py:205]             [DEBUG]    |   token: (redacted)                                                                                |
[2025-07-01 09:54:09,246] [config.py:205]             [DEBUG]    |   add_missing: false                                                                               |
[2025-07-01 09:54:09,246] [config.py:205]             [DEBUG]    |   add_existing: false                                                                              |
[2025-07-01 09:54:09,246] [config.py:205]             [DEBUG]    |   upgrade_existing: false                                                                          |
[2025-07-01 09:54:09,246] [config.py:205]             [DEBUG]    |   monitor_existing: false                                                                          |
[2025-07-01 09:54:09,246] [config.py:205]             [DEBUG]    |   root_folder_path: /Volumes/Mothership/Data/TV Shows                                              |
[2025-07-01 09:54:09,246] [config.py:205]             [DEBUG]    |   monitor: all                                                                                     |
[2025-07-01 09:54:09,246] [config.py:205]             [DEBUG]    |   quality_profile: Default                                                                         |
[2025-07-01 09:54:09,246] [config.py:205]             [DEBUG]    |   language_profile: English                                                                        |
[2025-07-01 09:54:09,246] [config.py:205]             [DEBUG]    |   series_type: standard                                                                            |
[2025-07-01 09:54:09,246] [config.py:205]             [DEBUG]    |   season_folder: true                                                                              |
[2025-07-01 09:54:09,247] [config.py:205]             [DEBUG]    |   tag:                                                                                             |
[2025-07-01 09:54:09,247] [config.py:205]             [DEBUG]    |   search: false                                                                                    |
[2025-07-01 09:54:09,247] [config.py:205]             [DEBUG]    |   cutoff_search: false                                                                             |
[2025-07-01 09:54:09,247] [config.py:205]             [DEBUG]    |   sonarr_path:                                                                                     |
[2025-07-01 09:54:09,247] [config.py:205]             [DEBUG]    |   plex_path:                                                                                       |
[2025-07-01 09:54:09,247] [config.py:205]             [DEBUG]    |   ignore_cache: false                                                                              |
[2025-07-01 09:54:09,247] [config.py:205]             [DEBUG]    | trakt:                                                                                             |
[2025-07-01 09:54:09,247] [config.py:205]             [DEBUG]    |   client_id: (redacted)                                                                            |
[2025-07-01 09:54:09,247] [config.py:205]             [DEBUG]    |   client_secret: (redacted)                                                                        |
[2025-07-01 09:54:09,247] [config.py:205]             [DEBUG]    |   pin:                                                                                             |
[2025-07-01 09:54:09,247] [config.py:205]             [DEBUG]    |   authorization:                                                                                   |
[2025-07-01 09:54:09,247] [config.py:205]             [DEBUG]    |     # everything below is autofilled by the script                                                 |
[2025-07-01 09:54:09,247] [config.py:205]             [DEBUG]    |     access_token: (redacted)                                                                       |
[2025-07-01 09:54:09,247] [config.py:205]             [DEBUG]    |     token_type: Bearer                                                                             |
[2025-07-01 09:54:09,247] [config.py:205]             [DEBUG]    |     expires_in: 7889238                                                                            |
[2025-07-01 09:54:09,247] [config.py:205]             [DEBUG]    |     refresh_token: (redacted)                                                                      |
[2025-07-01 09:54:09,247] [config.py:205]             [DEBUG]    |     scope: public                                                                                  |
[2025-07-01 09:54:09,247] [config.py:205]             [DEBUG]    |     created_at: 1751369646                                                                         |
[2025-07-01 09:54:09,247] [config.py:206]             [DEBUG]    |                                                                                                    |
[2025-07-01 09:54:09,264] [config.py:557]             [INFO]     |====================================================================================================|
[2025-07-01 09:54:09,264] [cache.py:17]               [INFO]     | Initializing cache database at /Users/zacharygoodnite/Kometa/config/config.cache                   |
[2025-07-01 09:54:09,264] [config.py:566]             [INFO]     |====================================================================================================|
[2025-07-01 09:54:09,264] [config.py:583]             [INFO]     | notifiarr attribute not found                                                                      |
[2025-07-01 09:54:09,264] [config.py:601]             [INFO]     | gotify attribute not found                                                                         |
[2025-07-01 09:54:09,264] [config.py:620]             [INFO]     | ntfy attribute not found                                                                           |
[2025-07-01 09:54:09,265] [config.py:640]             [INFO]     |====================================================================================================|
[2025-07-01 09:54:09,265] [config.py:645]             [INFO]     | Connecting to TMDb...                                                                              |
[2025-07-01 09:54:09,411] [config.py:654]             [INFO]     | TMDb Connection Successful                                                                         |
[2025-07-01 09:54:09,411] [config.py:658]             [INFO]     |====================================================================================================|
[2025-07-01 09:54:09,411] [config.py:675]             [INFO]     | omdb attribute not found                                                                           |
[2025-07-01 09:54:09,411] [config.py:677]             [INFO]     |====================================================================================================|
[2025-07-01 09:54:09,411] [config.py:695]             [INFO]     | mdblist attribute not found                                                                        |
[2025-07-01 09:54:09,411] [config.py:697]             [INFO]     |====================================================================================================|
[2025-07-01 09:54:09,412] [config.py:701]             [INFO]     | Connecting to Trakt...                                                                             |
[2025-07-01 09:54:09,504] [config.py:715]             [INFO]     | Trakt Connection Successful                                                                        |
[2025-07-01 09:54:09,504] [config.py:719]             [INFO]     |====================================================================================================|
[2025-07-01 09:54:09,504] [config.py:740]             [INFO]     | mal attribute not found                                                                            |
[2025-07-01 09:54:09,504] [config.py:772]             [INFO]     |====================================================================================================|
[2025-07-01 09:54:09,504] [config.py:777]             [INFO]     | playlist_files attribute not found                                                                 |
[2025-07-01 09:54:09,587] [config.py:808]             [INFO]     |====================================================================================================|
[2025-07-01 09:54:09,587] [config.py:810]             [INFO]     | Connecting to Plex Libraries...                                                                    |
[2025-07-01 09:54:09,588] [config.py:881]             [INFO]     |====================================================================================================|
[2025-07-01 09:54:09,588] [config.py:881]             [INFO]     |                                  Movies (Scheduled) Configuration                                  |
[2025-07-01 09:54:09,588] [config.py:881]             [INFO]     |====================================================================================================|
[2025-07-01 09:54:09,588] [config.py:882]             [INFO]     |                                                                                                    |
[2025-07-01 09:54:09,588] [config.py:883]             [INFO]     | Connecting to Movies (Scheduled) Library...                                                        |
[2025-07-01 09:54:09,588] [config.py:924]             [ERROR]    | Config Error: Folder /Volumes/MacOS/Servers/Kometa/config/missing does not exist                   |
[2025-07-01 09:54:09,588] [config.py:1072]            [INFO]     |                                                                                                    |
[2025-07-01 09:54:09,588] [config.py:1073]            [INFO]     | Reading in Collection Files                                                                        |
[2025-07-01 09:54:09,588] [util.py:324]               [INFO]     |                                                                                                    |
[2025-07-01 09:54:09,588] [util.py:348]               [INFO]     | Reading folder: /config/Scheduled/                                                                 |
[2025-07-01 09:54:09,588] [util.py:352]               [ERROR]    | Config Error: Folder not found: /config/Scheduled/                                                 |
[2025-07-01 09:54:09,588] [util.py:368]               [INFO]     | Template Variables: {'use_separator': False}                                                       |
[2025-07-01 09:54:09,588] [util.py:372]               [INFO]     | Asset Directory: config/assets/plex/Collections                                                    |
[2025-07-01 09:54:09,588] [util.py:324]               [INFO]     |                                                                                                    |
[2025-07-01 09:54:09,588] [util.py:329]               [INFO]     | Reading pmm: year                                                                                  |
[2025-07-01 09:54:09,588] [util.py:368]               [INFO]     | Template Variables: {'limit': 25, 'sort_by': 'critic_rating.desc', 'data': {'starting': 'current_year-1', 'ending': 'current_year-1'}, 'summary_format': 'Top <<limit>> movies of <<key>>. Sorted by critic rating.', 'collection_section': '010', 'schedule': 'range(01/01-02/28)', 'use_separator': False} |
[2025-07-01 09:54:09,588] [util.py:372]               [INFO]     | Asset Directory: config/assets/plex/Collections                                                    |
[2025-07-01 09:54:09,588] [config.py:1210]            [INFO]     |                                                                                                    |
[2025-07-01 09:54:09,588] [config.py:1211]            [INFO]     |======================================== Plex Configuration ========================================|
[2025-07-01 09:54:09,588] [library.py:142]            [INFO]     |                                                                                                    |
[2025-07-01 09:54:09,588] [library.py:144]            [INFO]     | Using Asset Directory: config/assets/plex/Movies                                                   |
[2025-07-01 09:54:16,361] [plex.py:467]               [INFO]     | Connected to server Mr Meeseeks version 1.41.8.9834-071366d65                                      |
[2025-07-01 09:54:16,361] [plex.py:468]               [INFO]     | Running on MacOSX version 15.5.0                                                                   |
[2025-07-01 09:54:16,482] [plex.py:472]               [INFO]     | Plex DB cache setting: 256 MB                                                                      |
[2025-07-01 09:54:16,482] [plex.py:489]               [INFO]     | PlexPass: True on Unknown update channel: 0.                                                       |
[2025-07-01 09:54:16,482] [plex.py:491]               [INFO]     | Scheduled maintenance running between 2:00 and 5:00                                                |
[2025-07-01 09:54:16,492] [plex.py:539]               [INFO]     | Connected to library Movies                                                                        |
[2025-07-01 09:54:16,492] [plex.py:540]               [INFO]     | Type: Movie                                                                                        |
[2025-07-01 09:54:16,492] [plex.py:541]               [INFO]     | Agent: tv.plex.agents.movie                                                                        |
[2025-07-01 09:54:16,492] [plex.py:542]               [INFO]     | Scanner: Plex Movie                                                                                |
[2025-07-01 09:54:16,492] [plex.py:543]               [INFO]     | Ratings Source: IMDb                                                                               |
[2025-07-01 09:54:16,492] [config.py:1239]            [INFO]     |                                                                                                    |
[2025-07-01 09:54:16,492] [config.py:1240]            [INFO]     | Movies (Scheduled) Library Connection Successful                                                   |
[2025-07-01 09:54:16,492] [config.py:1241]            [INFO]     |                                                                                                    |
[2025-07-01 09:54:16,492] [config.py:1242]            [INFO]     |========================================== Scanning Files ==========================================|
[2025-07-01 09:54:16,492] [meta.py:71]                [INFO]     |                                                                                                    |
[2025-07-01 09:54:16,492] [meta.py:72]                [INFO]     |====================================================================================================|
[2025-07-01 09:54:16,492] [meta.py:72]                [INFO]     |                               Loading Collection File Default: year                                |
[2025-07-01 09:54:16,492] [meta.py:72]                [INFO]     |====================================================================================================|
[2025-07-01 09:54:16,492] [meta.py:73]                [INFO]     |                                                                                                    |
[2025-07-01 09:54:16,499] [meta.py:165]               [DEBUG]    | File Loaded From: /Volumes/MacOS/Servers/Kometa/defaults/both/year.yml                             |
[2025-07-01 09:54:16,499] [util.py:324]               [INFO]     |                                                                                                    |
[2025-07-01 09:54:16,500] [util.py:329]               [INFO]     | Reading default: templates                                                                         |
[2025-07-01 09:54:16,500] [util.py:368]               [INFO]     | Template Variables: {'collection_section': '105'}                                                  |
[2025-07-01 09:54:16,526] [meta.py:165]               [DEBUG]    | File Loaded From: /Volumes/MacOS/Servers/Kometa/defaults/templates.yml                             |
[2025-07-01 09:54:16,526] [meta.py:788]               [INFO]     |                                                                                                    |
[2025-07-01 09:54:16,526] [meta.py:789]               [INFO]     |================================ Building Year Dynamic Collections =================================|
[2025-07-01 09:54:16,526] [meta.py:790]               [INFO]     |                                                                                                    |
[2025-07-01 09:54:16,728] [meta.py:1254]              [DEBUG]    | Mapping Name: Year                                                                                 |
[2025-07-01 09:54:16,729] [meta.py:1255]              [DEBUG]    | Type: number                                                                                       |
[2025-07-01 09:54:16,729] [meta.py:1256]              [DEBUG]    | Data: {'starting': 'current_year-1', 'ending': 'current_year-1'}                                   |
[2025-07-01 09:54:16,729] [meta.py:1257]              [DEBUG]    | Exclude: []                                                                                        |
[2025-07-01 09:54:16,729] [meta.py:1258]              [DEBUG]    | Exclude Final: []                                                                                  |
[2025-07-01 09:54:16,729] [meta.py:1259]              [DEBUG]    | Addons: {}                                                                                         |
[2025-07-01 09:54:16,729] [meta.py:1260]              [DEBUG]    | Template: ['smart_filter', 'shared']                                                               |
[2025-07-01 09:54:16,729] [meta.py:1261]              [DEBUG]    | Other Template: ['smart_filter', 'shared']                                                         |
[2025-07-01 09:54:16,729] [meta.py:1262]              [DEBUG]    | Library Variables: {'limit': 25, 'sort_by': 'critic_rating.desc', 'data': {'starting': 'current_year-1', 'ending': 'current_year-1'}, 'summary_format': 'Top <<limit>> movies of <<key>>. Sorted by critic rating.', 'collection_section': '010', 'schedule': 'range(01/01-02/28)', 'use_separator': False} |
[2025-07-01 09:54:16,729] [meta.py:1263]              [DEBUG]    | Template Variables: {'search_term': {'default': 'year'}, 'sort_by': {'default': 'critic_rating.desc'}, 'limit': {'default': 10}, 'image': {'default': 'year/best/<<key>>'}, 'translation_key': {'default': 'year'}, 'dynamic': {'default': True}} |
[2025-07-01 09:54:16,729] [meta.py:1264]              [DEBUG]    | Remove Prefix: []                                                                                  |
[2025-07-01 09:54:16,729] [meta.py:1265]              [DEBUG]    | Remove Suffix: []                                                                                  |
[2025-07-01 09:54:16,729] [meta.py:1266]              [DEBUG]    | Title Format: Best of <<key_name>>                                                                 |
[2025-07-01 09:54:16,729] [meta.py:1267]              [DEBUG]    | Key Name Override: {}                                                                              |
[2025-07-01 09:54:16,729] [meta.py:1268]              [DEBUG]    | Title Override: {}                                                                                 |
[2025-07-01 09:54:16,729] [meta.py:1269]              [DEBUG]    | Custom Keys: True                                                                                  |
[2025-07-01 09:54:16,729] [meta.py:1270]              [DEBUG]    | Test: False                                                                                        |
[2025-07-01 09:54:16,729] [meta.py:1271]              [DEBUG]    | Sync: {}                                                                                           |
[2025-07-01 09:54:16,730] [meta.py:1272]              [DEBUG]    | Include: []                                                                                        |
[2025-07-01 09:54:16,730] [meta.py:1273]              [DEBUG]    | Other Name: None                                                                                   |
[2025-07-01 09:54:16,730] [meta.py:1274]              [DEBUG]    | All Keys: dict_keys(['2024'])                                                                      |
[2025-07-01 09:54:16,730] [meta.py:1277]              [DEBUG]    | Keys (Title):                                                                                      |
[2025-07-01 09:54:16,730] [meta.py:1279]              [DEBUG]    |   - 2024                                                                                           |
[2025-07-01 09:54:16,730] [meta.py:1324]              [INFO]     | [{'value': ['2024'], 'number': ['2024'], 'key_name': '2024', 'key': '2024', 'search_term': 'year', 'sort_by': 'critic_rating.desc', 'limit': 25, 'image': 'year/best/<<key>>', 'translation_key': 'year', 'dynamic': True, 'name': 'smart_filter'}, {'value': ['2024'], 'number': ['2024'], 'key_name': '2024', 'key': '2024', 'search_term': 'year', 'sort_by': 'critic_rating.desc', 'limit': 25, 'image': 'year/best/<<key>>', 'translation_key': 'year', 'dynamic': True, 'name': 'shared'}] |
[2025-07-01 09:54:16,730] [meta.py:1374]              [INFO]     |                                                                                                    |
[2025-07-01 09:54:16,730] [meta.py:1375]              [INFO]     | Collection File Loaded Successfully                                                                |
[2025-07-01 09:54:16,730] [config.py:1254]            [INFO]     |                                                                                                    |
[2025-07-01 09:54:16,730] [config.py:1255]            [INFO]     |======================================= Radarr Configuration =======================================|
[2025-07-01 09:54:16,730] [config.py:1256]            [INFO]     |                                                                                                    |
[2025-07-01 09:54:16,730] [config.py:1257]            [INFO]     | Connecting to Movies (Scheduled) library's Radarr...                                               |
[2025-07-01 09:54:16,730] [config.py:1258]            [INFO]     |                                                                                                    |
[2025-07-01 09:54:16,809] [config.py:1281]            [INFO]     | Movies (Scheduled) library's Radarr Connection Successful                                          |
[2025-07-01 09:54:16,809] [config.py:1284]            [INFO]     |                                                                                                    |
[2025-07-01 09:54:16,809] [config.py:1285]            [INFO]     |======================================= Sonarr Configuration =======================================|
[2025-07-01 09:54:16,809] [config.py:1286]            [INFO]     |                                                                                                    |
[2025-07-01 09:54:16,809] [config.py:1287]            [INFO]     | Connecting to Movies (Scheduled) library's Sonarr...                                               |
[2025-07-01 09:54:16,809] [config.py:1288]            [INFO]     |                                                                                                    |
[2025-07-01 09:54:16,903] [config.py:1314]            [INFO]     | Movies (Scheduled) library's Sonarr Connection Successful                                          |
[2025-07-01 09:54:16,903] [config.py:1317]            [INFO]     |                                                                                                    |
[2025-07-01 09:54:16,904] [config.py:1318]            [INFO]     |====================================== Tautulli Configuration ======================================|
[2025-07-01 09:54:16,904] [config.py:1319]            [INFO]     |                                                                                                    |
[2025-07-01 09:54:16,904] [config.py:1320]            [INFO]     | Connecting to Movies (Scheduled) library's Tautulli...                                             |
[2025-07-01 09:54:16,904] [config.py:1321]            [INFO]     |                                                                                                    |
[2025-07-01 09:54:16,916] [config.py:1331]            [INFO]     | Movies (Scheduled) library's Tautulli Connection Successful                                        |
[2025-07-01 09:54:16,916] [config.py:1336]            [INFO]     |                                                                                                    |
[2025-07-01 09:54:16,917] [config.py:881]             [INFO]     |====================================================================================================|
[2025-07-01 09:54:16,917] [config.py:881]             [INFO]     |                                        Movies Configuration                                        |
[2025-07-01 09:54:16,917] [config.py:881]             [INFO]     |====================================================================================================|
[2025-07-01 09:54:16,917] [config.py:882]             [INFO]     |                                                                                                    |
[2025-07-01 09:54:16,917] [config.py:883]             [INFO]     | Connecting to Movies Library...                                                                    |
[2025-07-01 09:54:16,917] [config.py:927]             [INFO]     |===================================== Operation Configuration ======================================|
[2025-07-01 09:54:16,918] [config.py:931]             [INFO]     |                                                                                                    |
[2025-07-01 09:54:16,918] [config.py:932]             [INFO]     | Operation 1/1                                                                                      |
[2025-07-01 09:54:16,918] [config.py:934]             [INFO]     |     mass_poster_update: {'source': 'tmdb'}                                                         |
[2025-07-01 09:54:16,918] [config.py:934]             [INFO]     |     mass_genre_update: tmdb                                                                        |
[2025-07-01 09:54:16,918] [config.py:934]             [INFO]     |     mass_audience_rating_update: tmdb                                                              |
[2025-07-01 09:54:16,918] [config.py:934]             [INFO]     |     mass_imdb_parental_labels: mild                                                                |
[2025-07-01 09:54:16,918] [config.py:934]             [INFO]     |     mass_critic_rating_update: mdb_tomatoes                                                        |
[2025-07-01 09:54:16,918] [config.py:934]             [INFO]     |     mass_user_rating_update: trakt_user                                                            |
[2025-07-01 09:54:16,919] [config.py:934]             [INFO]     |     assets_for_all: True                                                                           |
[2025-07-01 09:54:16,919] [config.py:468]             [WARNING]  | Config Warning: seasons attribute not found using True as default                                  |
[2025-07-01 09:54:16,919] [config.py:468]             [WARNING]  | Config Warning: episodes attribute not found using True as default                                 |
[2025-07-01 09:54:16,919] [config.py:468]             [WARNING]  | Config Warning: ignore_locked attribute not found using False as default                           |
[2025-07-01 09:54:16,919] [config.py:468]             [WARNING]  | Config Warning: ignore_overlays attribute not found using False as default                         |
[2025-07-01 09:54:16,919] [config.py:1062]            [ERROR]    | Config Error: mass_critic_rating_update cannot use mdb_tomatoes without a successful MDBList Connection |
[2025-07-01 09:54:16,919] [config.py:1072]            [INFO]     |                                                                                                    |
[2025-07-01 09:54:16,920] [config.py:1073]            [INFO]     | Reading in Collection Files                                                                        |
[2025-07-01 09:54:16,920] [util.py:324]               [INFO]     |                                                                                                    |
[2025-07-01 09:54:16,920] [util.py:329]               [INFO]     | Reading default: basic                                                                             |
[2025-07-01 09:54:16,920] [util.py:324]               [INFO]     |                                                                                                    |
[2025-07-01 09:54:16,920] [util.py:329]               [INFO]     | Reading default: imdb                                                                              |
[2025-07-01 09:54:16,920] [util.py:324]               [INFO]     |                                                                                                    |
[2025-07-01 09:54:16,920] [util.py:329]               [INFO]     | Reading default: trakt                                                                             |
[2025-07-01 09:54:16,920] [util.py:324]               [INFO]     |                                                                                                    |
[2025-07-01 09:54:16,920] [util.py:329]               [INFO]     | Reading default: resolution                                                                        |
[2025-07-01 09:54:16,920] [util.py:348]               [INFO]     | Reading folder: config/Movies/                                                                     |
[2025-07-01 09:54:16,921] [util.py:368]               [INFO]     | Template Variables: {'sep_style': 'gold', 'exclude': ['sd'], 'sort_by': 'title.asc'}               |
[2025-07-01 09:54:16,921] [util.py:372]               [INFO]     | Asset Directory: config/assets/plex/Movies                                                         |
[2025-07-01 09:54:16,921] [util.py:324]               [INFO]     |                                                                                                    |
[2025-07-01 09:54:16,921] [util.py:329]               [INFO]     | Reading pmm: based                                                                                 |
[2025-07-01 09:54:16,921] [util.py:368]               [INFO]     | Template Variables: {'summary_true_story': 'Films based on or inspired by a true story.', 'summary_book': 'Films based on or inspired by a book.', 'summary_video_game': 'Films based on or inspired by a video game.', 'summary_comic': 'Films based on or inspired by a comic.', 'schedule': 'all[weekly(thursday), hourly(06-07)]'} |
[2025-07-01 09:54:16,921] [util.py:372]               [INFO]     | Asset Directory: config/assets/plex/Collections                                                    |
[2025-07-01 09:54:16,922] [util.py:324]               [INFO]     |                                                                                                    |
[2025-07-01 09:54:16,922] [util.py:329]               [INFO]     | Reading pmm: decade                                                                                |
[2025-07-01 09:54:16,922] [util.py:368]               [INFO]     | Template Variables: {'exclude': [1960], 'limit': 100, 'limit_1970': 25, 'summary_format': 'Top <<limit>> movies of the <<key>>s. Sorted by critic rating.', 'summary_1970': 'Top <<limit_1970>> movies of the <<key>>s. Sorted by critic rating.', 'minimum_items': 25} |
[2025-07-01 09:54:16,922] [util.py:372]               [INFO]     | Asset Directory: config/assets/plex/Collections                                                    |
[2025-07-01 09:54:16,922] [util.py:324]               [INFO]     |                                                                                                    |
[2025-07-01 09:54:16,922] [util.py:329]               [INFO]     | Reading pmm: genre                                                                                 |
[2025-07-01 09:54:16,922] [util.py:368]               [INFO]     | Template Variables: {'sort_by': 'title.asc', 'exclude': ['Horror', 'War', 'Western', 'Spy', 'Sport'], 'minimum_items': 10} |
[2025-07-01 09:54:16,922] [util.py:372]               [INFO]     | Asset Directory: config/assets/plex/Collections                                                    |
[2025-07-01 09:54:16,922] [util.py:324]               [INFO]     |                                                                                                    |
[2025-07-01 09:54:16,922] [util.py:329]               [INFO]     | Reading pmm: imdb                                                                                  |
[2025-07-01 09:54:16,922] [util.py:368]               [INFO]     | Template Variables: {'use_lowest': False, 'order_top': 3, 'order_popular': 3}                      |
[2025-07-01 09:54:16,922] [util.py:372]               [INFO]     | Asset Directory: config/assets/plex/Collections                                                    |
[2025-07-01 09:54:16,922] [util.py:324]               [INFO]     |                                                                                                    |
[2025-07-01 09:54:16,922] [util.py:329]               [INFO]     | Reading pmm: seasonal                                                                              |
[2025-07-01 09:54:16,922] [util.py:368]               [INFO]     | Template Variables: {'emoji': '', 'schedule_easter': 'range(03/20-04/05)', 'schedule_independence': 'range(06/28-07/05)', 'schedule_labor': 'range(09/01-09/05)', 'schedule_thanksgiving': 'range(11/01-11/24)', 'schedule_veteran': 'range(11/01-11/12)', 'schedule_valentine': 'range(02/05-02/15)', 'exclude': ['christmas', 'easter', 'halloween', 'latinx', 'women']} |
[2025-07-01 09:54:16,923] [util.py:372]               [INFO]     | Asset Directory: config/assets/plex/Collections                                                    |
[2025-07-01 09:54:16,923] [util.py:324]               [INFO]     |                                                                                                    |
[2025-07-01 09:54:16,923] [util.py:329]               [INFO]     | Reading pmm: tautulli                                                                              |
[2025-07-01 09:54:16,923] [util.py:368]               [INFO]     | Template Variables: {'use_watched': True, 'list_days': 14, 'list_size': 25, 'summary_popular': 'A collection of the most watched movies on this Plex server.', 'order_popular': 1} |
[2025-07-01 09:54:16,923] [util.py:372]               [INFO]     | Asset Directory: config/assets/plex/Collections                                                    |
[2025-07-01 09:54:16,923] [util.py:324]               [INFO]     |                                                                                                    |
[2025-07-01 09:54:16,923] [util.py:329]               [INFO]     | Reading pmm: universe                                                                              |
[2025-07-01 09:54:16,923] [util.py:368]               [INFO]     | Template Variables: {'trakt_list_avp': 'https://trakt.tv/users/oldmankestis/lists/alien-predator', 'trakt_list_mcu': 'https://trakt.tv/users/oldmankestis/lists/marvel-cinematic-universe', 'trakt_list_star': 'https://trakt.tv/users/oldmankestis/lists/star-wars', 'trakt_list_trek': 'https://trakt.tv/users/oldmankestis/lists/star-trek', 'trakt_list_xmen': 'https://trakt.tv/users/oldmankestis/lists/x-men-collection', 'summary_mcu': 'The Marvel Cinematic Universe (MCU) is an American media franchise and shared universe centered on a series of superhero films produced by Marvel Studios. Sorted in chronological order.', 'summary_xmen': 'The X-Men Collection. Sorted in chronological order.', 'minimum_items': 3, 'append_data': {'star': 'Star Wars Saga', 'trek': 'Star Trek Universe', 'xmen': 'X-Men Collection'}, 'exclude': ['marvel', 'mummy', 'rocky'], 'collection_section': '106'} |
[2025-07-01 09:54:16,923] [util.py:372]               [INFO]     | Asset Directory: config/assets/plex/Collections                                                    |
[2025-07-01 09:54:16,923] [config.py:1210]            [INFO]     |                                                                                                    |
[2025-07-01 09:54:16,923] [config.py:1211]            [INFO]     |======================================== Plex Configuration ========================================|
[2025-07-01 09:54:16,924] [library.py:142]            [INFO]     |                                                                                                    |
[2025-07-01 09:54:16,924] [library.py:144]            [INFO]     | Using Asset Directory: config/assets/plex/Movies                                                   |
[2025-07-01 09:54:16,928] [plex.py:467]               [INFO]     | Connected to server Mr Meeseeks version 1.41.8.9834-071366d65                                      |
[2025-07-01 09:54:16,928] [plex.py:468]               [INFO]     | Running on MacOSX version 15.5.0                                                                   |
[2025-07-01 09:54:16,941] [plex.py:472]               [INFO]     | Plex DB cache setting: 256 MB                                                                      |
[2025-07-01 09:54:16,941] [plex.py:489]               [INFO]     | PlexPass: True on Unknown update channel: 0.                                                       |
[2025-07-01 09:54:16,941] [plex.py:491]               [INFO]     | Scheduled maintenance running between 2:00 and 5:00                                                |
[2025-07-01 09:54:16,955] [plex.py:539]               [INFO]     | Connected to library Movies                                                                        |
[2025-07-01 09:54:16,955] [plex.py:540]               [INFO]     | Type: Movie                                                                                        |
[2025-07-01 09:54:16,955] [plex.py:541]               [INFO]     | Agent: tv.plex.agents.movie                                                                        |
[2025-07-01 09:54:16,955] [plex.py:542]               [INFO]     | Scanner: Plex Movie                                                                                |
[2025-07-01 09:54:16,955] [plex.py:543]               [INFO]     | Ratings Source: IMDb                                                                               |
[2025-07-01 09:54:16,955] [config.py:1239]            [INFO]     |                                                                                                    |
[2025-07-01 09:54:16,955] [config.py:1240]            [INFO]     | Movies Library Connection Successful                                                               |
[2025-07-01 09:54:16,955] [config.py:1241]            [INFO]     |                                                                                                    |
[2025-07-01 09:54:16,956] [config.py:1242]            [INFO]     |========================================== Scanning Files ==========================================|
[2025-07-01 09:54:16,956] [meta.py:71]                [INFO]     |                                                                                                    |
[2025-07-01 09:54:16,956] [meta.py:72]                [INFO]     |====================================================================================================|
[2025-07-01 09:54:16,956] [meta.py:72]                [INFO]     |                               Loading Collection File Default: basic                               |
[2025-07-01 09:54:16,956] [meta.py:72]                [INFO]     |====================================================================================================|
[2025-07-01 09:54:16,956] [meta.py:73]                [INFO]     |                                                                                                    |
[2025-07-01 09:54:16,965] [meta.py:165]               [DEBUG]    | File Loaded From: /Volumes/MacOS/Servers/Kometa/defaults/chart/basic.yml                           |
[2025-07-01 09:54:16,965] [util.py:324]               [INFO]     |                                                                                                    |
[2025-07-01 09:54:16,965] [util.py:329]               [INFO]     | Reading default: templates                                                                         |
[2025-07-01 09:54:16,965] [util.py:368]               [INFO]     | Template Variables: {'collection_section': '010', 'image': 'chart/<<style>>/<<mapping_name_encoded>>'} |
[2025-07-01 09:54:16,986] [meta.py:165]               [DEBUG]    | File Loaded From: /Volumes/MacOS/Servers/Kometa/defaults/templates.yml                             |
[2025-07-01 09:54:16,986] [meta.py:1374]              [INFO]     |                                                                                                    |
[2025-07-01 09:54:16,987] [meta.py:1375]              [INFO]     | Collection File Loaded Successfully                                                                |
[2025-07-01 09:54:16,987] [meta.py:71]                [INFO]     |                                                                                                    |
[2025-07-01 09:54:16,987] [meta.py:72]                [INFO]     |====================================================================================================|
[2025-07-01 09:54:16,987] [meta.py:72]                [INFO]     |                               Loading Collection File Default: imdb                                |
[2025-07-01 09:54:16,987] [meta.py:72]                [INFO]     |====================================================================================================|
[2025-07-01 09:54:16,987] [meta.py:73]                [INFO]     |                                                                                                    |
[2025-07-01 09:54:16,989] [meta.py:165]               [DEBUG]    | File Loaded From: /Volumes/MacOS/Servers/Kometa/defaults/chart/imdb.yml                            |
[2025-07-01 09:54:16,989] [util.py:324]               [INFO]     |                                                                                                    |
[2025-07-01 09:54:16,989] [util.py:329]               [INFO]     | Reading default: templates                                                                         |
[2025-07-01 09:54:16,990] [util.py:368]               [INFO]     | Template Variables: {'collection_section': '020', 'image': 'chart/<<style>>/<<mapping_name_encoded>>'} |
[2025-07-01 09:54:17,005] [meta.py:165]               [DEBUG]    | File Loaded From: /Volumes/MacOS/Servers/Kometa/defaults/templates.yml                             |
[2025-07-01 09:54:17,005] [meta.py:1374]              [INFO]     |                                                                                                    |
[2025-07-01 09:54:17,005] [meta.py:1375]              [INFO]     | Collection File Loaded Successfully                                                                |
[2025-07-01 09:54:17,005] [meta.py:71]                [INFO]     |                                                                                                    |
[2025-07-01 09:54:17,005] [meta.py:72]                [INFO]     |====================================================================================================|
[2025-07-01 09:54:17,005] [meta.py:72]                [INFO]     |                               Loading Collection File Default: trakt                               |
[2025-07-01 09:54:17,005] [meta.py:72]                [INFO]     |====================================================================================================|
[2025-07-01 09:54:17,005] [meta.py:73]                [INFO]     |                                                                                                    |
[2025-07-01 09:54:17,009] [meta.py:165]               [DEBUG]    | File Loaded From: /Volumes/MacOS/Servers/Kometa/defaults/chart/trakt.yml                           |
[2025-07-01 09:54:17,009] [util.py:324]               [INFO]     |                                                                                                    |
[2025-07-01 09:54:17,009] [util.py:329]               [INFO]     | Reading default: templates                                                                         |
[2025-07-01 09:54:17,009] [util.py:368]               [INFO]     | Template Variables: {'collection_section': '020', 'image': 'chart/<<style>>/<<mapping_name_encoded>>'} |
[2025-07-01 09:54:17,025] [meta.py:165]               [DEBUG]    | File Loaded From: /Volumes/MacOS/Servers/Kometa/defaults/templates.yml                             |
[2025-07-01 09:54:17,025] [meta.py:1374]              [INFO]     |                                                                                                    |
[2025-07-01 09:54:17,025] [meta.py:1375]              [INFO]     | Collection File Loaded Successfully                                                                |
[2025-07-01 09:54:17,025] [meta.py:71]                [INFO]     |                                                                                                    |
[2025-07-01 09:54:17,025] [meta.py:72]                [INFO]     |====================================================================================================|
[2025-07-01 09:54:17,025] [meta.py:72]                [INFO]     |                            Loading Collection File Default: resolution                             |
[2025-07-01 09:54:17,025] [meta.py:72]                [INFO]     |====================================================================================================|
[2025-07-01 09:54:17,025] [meta.py:73]                [INFO]     |                                                                                                    |
[2025-07-01 09:54:17,029] [meta.py:165]               [DEBUG]    | File Loaded From: /Volumes/MacOS/Servers/Kometa/defaults/both/resolution.yml                       |
[2025-07-01 09:54:17,029] [util.py:324]               [INFO]     |                                                                                                    |
[2025-07-01 09:54:17,029] [util.py:329]               [INFO]     | Reading default: templates                                                                         |
[2025-07-01 09:54:17,029] [util.py:368]               [INFO]     | Template Variables: {'collection_section': '120', 'conditionals': {'image': {'default': 'resolution/<<key>>', 'conditions': [{'style': 'standards', 'value': 'resolution/standards/<<key>>'}]}, 'key_name': {'conditions': [{'style': 'standards', 'key': 480, 'value': 'SD'}, {'style': 'standards', 'key': 720, 'value': 'HD Ready'}, {'style': 'standards', 'key': 1080, 'value': 'Full HD'}, {'style': 'standards', 'key': '4k', 'value': 'Ultra HD'}]}}} |
[2025-07-01 09:54:17,043] [meta.py:165]               [DEBUG]    | File Loaded From: /Volumes/MacOS/Servers/Kometa/defaults/templates.yml                             |
[2025-07-01 09:54:17,043] [meta.py:788]               [INFO]     |                                                                                                    |
[2025-07-01 09:54:17,043] [meta.py:789]               [INFO]     |============================= Building Resolution Dynamic Collections ==============================|
[2025-07-01 09:54:17,043] [meta.py:790]               [INFO]     |                                                                                                    |
[2025-07-01 09:54:17,351] [meta.py:1254]              [DEBUG]    | Mapping Name: Resolution                                                                           |
[2025-07-01 09:54:17,351] [meta.py:1255]              [DEBUG]    | Type: resolution                                                                                   |
[2025-07-01 09:54:17,352] [meta.py:1256]              [DEBUG]    | Data: None                                                                                         |
[2025-07-01 09:54:17,352] [meta.py:1257]              [DEBUG]    | Exclude: ['sd']                                                                                    |
[2025-07-01 09:54:17,352] [meta.py:1258]              [DEBUG]    | Exclude Final: ['sd', '8k', '2k', '144', '240', '360', '576']                                      |
[2025-07-01 09:54:17,352] [meta.py:1259]              [DEBUG]    | Addons: {'4k': ['8k'], '1080': ['2k'], '480': ['144', '240', '360', 'sd', '576']}                  |
[2025-07-01 09:54:17,352] [meta.py:1260]              [DEBUG]    | Template: ['smart_filter', 'shared']                                                               |
[2025-07-01 09:54:17,352] [meta.py:1261]              [DEBUG]    | Other Template: ['other_collection', 'smart_filter', 'shared']                                     |
[2025-07-01 09:54:17,352] [meta.py:1262]              [DEBUG]    | Library Variables: {'sep_style': 'gold', 'exclude': ['sd'], 'sort_by': 'title.asc'}                |
[2025-07-01 09:54:17,352] [meta.py:1263]              [DEBUG]    | Template Variables: {'search_term': {'default': 'resolution'}, 'translation_key': {'default': 'resolution', 'other': 'resolution_other'}, 'order': {'4k': '1_', '1080': '2_', '720': '3_', '480': '4_'}, 'dynamic': {'default': True}} |
[2025-07-01 09:54:17,352] [meta.py:1264]              [DEBUG]    | Remove Prefix: []                                                                                  |
[2025-07-01 09:54:17,352] [meta.py:1265]              [DEBUG]    | Remove Suffix: []                                                                                  |
[2025-07-01 09:54:17,352] [meta.py:1266]              [DEBUG]    | Title Format: <<key_name>> Movies                                                                  |
[2025-07-01 09:54:17,352] [meta.py:1267]              [DEBUG]    | Key Name Override: {}                                                                              |
[2025-07-01 09:54:17,353] [meta.py:1268]              [DEBUG]    | Title Override: {}                                                                                 |
[2025-07-01 09:54:17,353] [meta.py:1269]              [DEBUG]    | Custom Keys: True                                                                                  |
[2025-07-01 09:54:17,353] [meta.py:1270]              [DEBUG]    | Test: False                                                                                        |
[2025-07-01 09:54:17,353] [meta.py:1271]              [DEBUG]    | Sync: {}                                                                                           |
[2025-07-01 09:54:17,353] [meta.py:1272]              [DEBUG]    | Include: ['4k', '1080', '720', '480']                                                              |
[2025-07-01 09:54:17,353] [meta.py:1273]              [DEBUG]    | Other Name: Other Resolutions <<library_typeU>>s                                                   |
[2025-07-01 09:54:17,353] [meta.py:1274]              [DEBUG]    | All Keys: dict_keys(['4k', '2.7k', '2k', '1080', '720', '576', '480', 'sd'])                       |
[2025-07-01 09:54:17,353] [meta.py:1277]              [DEBUG]    | Keys (Title):                                                                                      |
[2025-07-01 09:54:17,353] [meta.py:1279]              [DEBUG]    |   - 4k (4K)                                                                                        |
[2025-07-01 09:54:17,354] [meta.py:1279]              [DEBUG]    |   - 2.7k (2.7K)                                                                                    |
[2025-07-01 09:54:17,354] [meta.py:1279]              [DEBUG]    |   - 1080 (1080p)                                                                                   |
[2025-07-01 09:54:17,354] [meta.py:1279]              [DEBUG]    |   - 720 (720p)                                                                                     |
[2025-07-01 09:54:17,354] [meta.py:1279]              [DEBUG]    |   - 480 (480p)                                                                                     |
[2025-07-01 09:54:17,354] [meta.py:1324]              [INFO]     | [{'value': ['4k'], 'resolution': ['4k'], 'key_name': '4K', 'key': '4k', 'search_term': 'resolution', 'translation_key': 'resolution', 'order': '1_', 'dynamic': True, 'name': 'smart_filter'}, {'value': ['4k'], 'resolution': ['4k'], 'key_name': '4K', 'key': '4k', 'search_term': 'resolution', 'translation_key': 'resolution', 'order': '1_', 'dynamic': True, 'name': 'shared'}] |
[2025-07-01 09:54:17,354] [meta.py:1324]              [INFO]     | [{'value': ['1080', '2k'], 'resolution': ['1080', '2k'], 'key_name': '1080p', 'key': '1080', 'search_term': 'resolution', 'translation_key': 'resolution', 'order': '2_', 'dynamic': True, 'name': 'smart_filter'}, {'value': ['1080', '2k'], 'resolution': ['1080', '2k'], 'key_name': '1080p', 'key': '1080', 'search_term': 'resolution', 'translation_key': 'resolution', 'order': '2_', 'dynamic': True, 'name': 'shared'}] |
[2025-07-01 09:54:17,354] [meta.py:1324]              [INFO]     | [{'value': ['720'], 'resolution': ['720'], 'key_name': '720p', 'key': '720', 'search_term': 'resolution', 'translation_key': 'resolution', 'order': '3_', 'dynamic': True, 'name': 'smart_filter'}, {'value': ['720'], 'resolution': ['720'], 'key_name': '720p', 'key': '720', 'search_term': 'resolution', 'translation_key': 'resolution', 'order': '3_', 'dynamic': True, 'name': 'shared'}] |
[2025-07-01 09:54:17,354] [meta.py:1324]              [INFO]     | [{'value': ['480', 'sd', '576'], 'resolution': ['480', 'sd', '576'], 'key_name': '480p', 'key': '480', 'search_term': 'resolution', 'translation_key': 'resolution', 'order': '4_', 'dynamic': True, 'name': 'smart_filter'}, {'value': ['480', 'sd', '576'], 'resolution': ['480', 'sd', '576'], 'key_name': '480p', 'key': '480', 'search_term': 'resolution', 'translation_key': 'resolution', 'order': '4_', 'dynamic': True, 'name': 'shared'}] |
[2025-07-01 09:54:17,354] [meta.py:1374]              [INFO]     |                                                                                                    |
[2025-07-01 09:54:17,354] [meta.py:1375]              [INFO]     | Collection File Loaded Successfully                                                                |
[2025-07-01 09:54:17,354] [meta.py:71]                [INFO]     |                                                                                                    |
[2025-07-01 09:54:17,354] [meta.py:72]                [INFO]     |====================================================================================================|
[2025-07-01 09:54:17,355] [meta.py:72]                [INFO]     |                     Loading Collection File File: config/Movies/Franchise.yml                      |
[2025-07-01 09:54:17,355] [meta.py:72]                [INFO]     |====================================================================================================|
[2025-07-01 09:54:17,355] [meta.py:73]                [INFO]     |                                                                                                    |
[2025-07-01 09:54:17,399] [meta.py:165]               [DEBUG]    | File Loaded From: /Volumes/MacOS/Servers/Kometa/config/Movies/Franchise.yml                        |
[2025-07-01 09:54:17,399] [meta.py:1374]              [INFO]     |                                                                                                    |
[2025-07-01 09:54:17,399] [meta.py:1375]              [INFO]     | Collection File Loaded Successfully                                                                |
[2025-07-01 09:54:17,399] [meta.py:71]                [INFO]     |                                                                                                    |
[2025-07-01 09:54:17,399] [meta.py:72]                [INFO]     |====================================================================================================|
[2025-07-01 09:54:17,399] [meta.py:72]                [INFO]     |                       Loading Collection File File: config/Movies/Horror.yml                       |
[2025-07-01 09:54:17,399] [meta.py:72]                [INFO]     |====================================================================================================|
[2025-07-01 09:54:17,399] [meta.py:73]                [INFO]     |                                                                                                    |
[2025-07-01 09:54:17,401] [meta.py:165]               [DEBUG]    | File Loaded From: /Volumes/MacOS/Servers/Kometa/config/Movies/Horror.yml                           |
[2025-07-01 09:54:17,401] [meta.py:1374]              [INFO]     |                                                                                                    |
[2025-07-01 09:54:17,401] [meta.py:1375]              [INFO]     | Collection File Loaded Successfully                                                                |
[2025-07-01 09:54:17,401] [meta.py:71]                [INFO]     |                                                                                                    |
[2025-07-01 09:54:17,401] [meta.py:72]                [INFO]     |====================================================================================================|
[2025-07-01 09:54:17,401] [meta.py:72]                [INFO]     |                      Loading Collection File File: config/Movies/Duration.yml                      |
[2025-07-01 09:54:17,401] [meta.py:72]                [INFO]     |====================================================================================================|
[2025-07-01 09:54:17,401] [meta.py:73]                [INFO]     |                                                                                                    |
[2025-07-01 09:54:17,403] [meta.py:165]               [DEBUG]    | File Loaded From: /Volumes/MacOS/Servers/Kometa/config/Movies/Duration.yml                         |
[2025-07-01 09:54:17,403] [meta.py:1374]              [INFO]     |                                                                                                    |
[2025-07-01 09:54:17,403] [meta.py:1375]              [INFO]     | Collection File Loaded Successfully                                                                |
[2025-07-01 09:54:17,403] [meta.py:71]                [INFO]     |                                                                                                    |
[2025-07-01 09:54:17,403] [meta.py:72]                [INFO]     |====================================================================================================|
[2025-07-01 09:54:17,403] [meta.py:72]                [INFO]     |                       Loading Collection File File: config/Movies/Random.yml                       |
[2025-07-01 09:54:17,403] [meta.py:72]                [INFO]     |====================================================================================================|
[2025-07-01 09:54:17,403] [meta.py:73]                [INFO]     |                                                                                                    |
[2025-07-01 09:54:17,404] [meta.py:165]               [DEBUG]    | File Loaded From: /Volumes/MacOS/Servers/Kometa/config/Movies/Random.yml                           |
[2025-07-01 09:54:17,404] [meta.py:1374]              [INFO]     |                                                                                                    |
[2025-07-01 09:54:17,404] [meta.py:1375]              [INFO]     | Collection File Loaded Successfully                                                                |
[2025-07-01 09:54:17,404] [meta.py:71]                [INFO]     |                                                                                                    |
[2025-07-01 09:54:17,404] [meta.py:72]                [INFO]     |====================================================================================================|
[2025-07-01 09:54:17,404] [meta.py:72]                [INFO]     |                       Loading Collection File File: config/Movies/Genre.yml                        |
[2025-07-01 09:54:17,404] [meta.py:72]                [INFO]     |====================================================================================================|
[2025-07-01 09:54:17,404] [meta.py:73]                [INFO]     |                                                                                                    |
[2025-07-01 09:54:17,408] [meta.py:165]               [DEBUG]    | File Loaded From: /Volumes/MacOS/Servers/Kometa/config/Movies/Genre.yml                            |
[2025-07-01 09:54:17,408] [meta.py:1374]              [INFO]     |                                                                                                    |
[2025-07-01 09:54:17,408] [meta.py:1375]              [INFO]     | Collection File Loaded Successfully                                                                |
[2025-07-01 09:54:17,408] [meta.py:71]                [INFO]     |                                                                                                    |
[2025-07-01 09:54:17,408] [meta.py:72]                [INFO]     |====================================================================================================|
[2025-07-01 09:54:17,408] [meta.py:72]                [INFO]     |                       Loading Collection File File: config/Movies/Cities.yml                       |
[2025-07-01 09:54:17,408] [meta.py:72]                [INFO]     |====================================================================================================|
[2025-07-01 09:54:17,408] [meta.py:73]                [INFO]     |                                                                                                    |
[2025-07-01 09:54:17,410] [meta.py:165]               [DEBUG]    | File Loaded From: /Volumes/MacOS/Servers/Kometa/config/Movies/Cities.yml                           |
[2025-07-01 09:54:17,410] [meta.py:1374]              [INFO]     |                                                                                                    |
[2025-07-01 09:54:17,410] [meta.py:1375]              [INFO]     | Collection File Loaded Successfully                                                                |
[2025-07-01 09:54:17,410] [meta.py:71]                [INFO]     |                                                                                                    |
[2025-07-01 09:54:17,410] [meta.py:72]                [INFO]     |====================================================================================================|
[2025-07-01 09:54:17,410] [meta.py:72]                [INFO]     |                      Loading Collection File File: config/Movies/Seasonal.yml                      |
[2025-07-01 09:54:17,410] [meta.py:72]                [INFO]     |====================================================================================================|
[2025-07-01 09:54:17,410] [meta.py:73]                [INFO]     |                                                                                                    |
[2025-07-01 09:54:17,414] [meta.py:165]               [DEBUG]    | File Loaded From: /Volumes/MacOS/Servers/Kometa/config/Movies/Seasonal.yml                         |
[2025-07-01 09:54:17,414] [meta.py:1374]              [INFO]     |                                                                                                    |
[2025-07-01 09:54:17,414] [meta.py:1375]              [INFO]     | Collection File Loaded Successfully                                                                |
[2025-07-01 09:54:17,414] [meta.py:71]                [INFO]     |                                                                                                    |
[2025-07-01 09:54:17,414] [meta.py:72]                [INFO]     |====================================================================================================|
[2025-07-01 09:54:17,414] [meta.py:72]                [INFO]     |                       Loading Collection File File: config/Movies/Movies.yml                       |
[2025-07-01 09:54:17,414] [meta.py:72]                [INFO]     |====================================================================================================|
[2025-07-01 09:54:17,414] [meta.py:73]                [INFO]     |                                                                                                    |
[2025-07-01 09:54:17,422] [meta.py:165]               [DEBUG]    | File Loaded From: /Volumes/MacOS/Servers/Kometa/config/Movies/Movies.yml                           |
[2025-07-01 09:54:17,422] [meta.py:51]                [WARNING]  | Config Warning: Skipping duplicate collection: "Marvel Cinematic Universe"                         |
[2025-07-01 09:54:17,422] [meta.py:1374]              [INFO]     |                                                                                                    |
[2025-07-01 09:54:17,422] [meta.py:1375]              [INFO]     | Collection File Loaded Successfully                                                                |
[2025-07-01 09:54:17,422] [meta.py:71]                [INFO]     |                                                                                                    |
[2025-07-01 09:54:17,422] [meta.py:72]                [INFO]     |====================================================================================================|
[2025-07-01 09:54:17,422] [meta.py:72]                [INFO]     |                       Loading Collection File File: config/Movies/Trakt.yml                        |
[2025-07-01 09:54:17,422] [meta.py:72]                [INFO]     |====================================================================================================|
[2025-07-01 09:54:17,422] [meta.py:73]                [INFO]     |                                                                                                    |
[2025-07-01 09:54:17,423] [meta.py:165]               [DEBUG]    | File Loaded From: /Volumes/MacOS/Servers/Kometa/config/Movies/Trakt.yml                            |
[2025-07-01 09:54:17,423] [meta.py:1374]              [INFO]     |                                                                                                    |
[2025-07-01 09:54:17,423] [meta.py:1375]              [INFO]     | Collection File Loaded Successfully                                                                |
[2025-07-01 09:54:17,423] [meta.py:71]                [INFO]     |                                                                                                    |
[2025-07-01 09:54:17,423] [meta.py:72]                [INFO]     |====================================================================================================|
[2025-07-01 09:54:17,423] [meta.py:72]                [INFO]     |                               Loading Collection File Default: based                               |
[2025-07-01 09:54:17,423] [meta.py:72]                [INFO]     |====================================================================================================|
[2025-07-01 09:54:17,423] [meta.py:73]                [INFO]     |                                                                                                    |
[2025-07-01 09:54:17,425] [meta.py:165]               [DEBUG]    | File Loaded From: /Volumes/MacOS/Servers/Kometa/defaults/both/based.yml                            |
[2025-07-01 09:54:17,425] [util.py:324]               [INFO]     |                                                                                                    |
[2025-07-01 09:54:17,425] [util.py:329]               [INFO]     | Reading default: templates                                                                         |
[2025-07-01 09:54:17,425] [util.py:368]               [INFO]     | Template Variables: {'collection_section': '085'}                                                  |
[2025-07-01 09:54:17,440] [meta.py:165]               [DEBUG]    | File Loaded From: /Volumes/MacOS/Servers/Kometa/defaults/templates.yml                             |
[2025-07-01 09:54:17,440] [meta.py:788]               [INFO]     |                                                                                                    |
[2025-07-01 09:54:17,440] [meta.py:789]               [INFO]     |================================ Building Based Dynamic Collections ================================|
[2025-07-01 09:54:17,440] [meta.py:790]               [INFO]     |                                                                                                    |
[2025-07-01 09:54:17,440] [meta.py:1254]              [DEBUG]    | Mapping Name: Based                                                                                |
[2025-07-01 09:54:17,440] [meta.py:1255]              [DEBUG]    | Type: custom                                                                                       |
[2025-07-01 09:54:17,440] [meta.py:1256]              [DEBUG]    | Data: {'books': 'Book', 'comics': 'Comic', 'true_story': 'True Story', 'video_games': 'Video Game'} |
[2025-07-01 09:54:17,440] [meta.py:1257]              [DEBUG]    | Exclude: []                                                                                        |
[2025-07-01 09:54:17,440] [meta.py:1258]              [DEBUG]    | Exclude Final: []                                                                                  |
[2025-07-01 09:54:17,440] [meta.py:1259]              [DEBUG]    | Addons: {}                                                                                         |
[2025-07-01 09:54:17,440] [meta.py:1260]              [DEBUG]    | Template: ['mdb_smart', 'shared', 'arr']                                                           |
[2025-07-01 09:54:17,440] [meta.py:1261]              [DEBUG]    | Other Template: ['mdb_smart', 'shared', 'arr']                                                     |
[2025-07-01 09:54:17,440] [meta.py:1262]              [DEBUG]    | Library Variables: {'summary_true_story': 'Films based on or inspired by a true story.', 'summary_book': 'Films based on or inspired by a book.', 'summary_video_game': 'Films based on or inspired by a video game.', 'summary_comic': 'Films based on or inspired by a comic.', 'schedule': 'all[weekly(thursday), hourly(06-07)]'} |
[2025-07-01 09:54:17,440] [meta.py:1263]              [DEBUG]    | Template Variables: {'mdblist_list': {'default': 'https://mdblist.com/lists/k0meta/based_on_<<key>>_<<library_type>>s'}, 'image': {'default': 'based/<<key_name_encoded>>'}, 'translation_key': {'default': 'based'}, 'dynamic': {'default': True}} |
[2025-07-01 09:54:17,440] [meta.py:1264]              [DEBUG]    | Remove Prefix: []                                                                                  |
[2025-07-01 09:54:17,440] [meta.py:1265]              [DEBUG]    | Remove Suffix: []                                                                                  |
[2025-07-01 09:54:17,440] [meta.py:1266]              [DEBUG]    | Title Format: Based on a <<key_name>>                                                              |
[2025-07-01 09:54:17,440] [meta.py:1267]              [DEBUG]    | Key Name Override: {}                                                                              |
[2025-07-01 09:54:17,440] [meta.py:1268]              [DEBUG]    | Title Override: {}                                                                                 |
[2025-07-01 09:54:17,440] [meta.py:1269]              [DEBUG]    | Custom Keys: True                                                                                  |
[2025-07-01 09:54:17,440] [meta.py:1270]              [DEBUG]    | Test: False                                                                                        |
[2025-07-01 09:54:17,440] [meta.py:1271]              [DEBUG]    | Sync: {}                                                                                           |
[2025-07-01 09:54:17,440] [meta.py:1272]              [DEBUG]    | Include: []                                                                                        |
[2025-07-01 09:54:17,440] [meta.py:1273]              [DEBUG]    | Other Name: None                                                                                   |
[2025-07-01 09:54:17,440] [meta.py:1274]              [DEBUG]    | All Keys: dict_keys(['books', 'comics', 'true_story', 'video_games'])                              |
[2025-07-01 09:54:17,440] [meta.py:1277]              [DEBUG]    | Keys (Title):                                                                                      |
[2025-07-01 09:54:17,440] [meta.py:1279]              [DEBUG]    |   - books (Book)                                                                                   |
[2025-07-01 09:54:17,440] [meta.py:1279]              [DEBUG]    |   - comics (Comic)                                                                                 |
[2025-07-01 09:54:17,440] [meta.py:1279]              [DEBUG]    |   - true_story (True Story)                                                                        |
[2025-07-01 09:54:17,440] [meta.py:1279]              [DEBUG]    |   - video_games (Video Game)                                                                       |
[2025-07-01 09:54:17,440] [meta.py:1324]              [INFO]     | [{'value': ['books'], 'custom': ['books'], 'key_name': 'Book', 'key': 'books', 'mdblist_list': 'https://mdblist.com/lists/k0meta/based_on_<<key>>_<<library_type>>s', 'image': 'based/<<key_name_encoded>>', 'translation_key': 'based', 'dynamic': True, 'name': 'mdb_smart'}, {'value': ['books'], 'custom': ['books'], 'key_name': 'Book', 'key': 'books', 'mdblist_list': 'https://mdblist.com/lists/k0meta/based_on_<<key>>_<<library_type>>s', 'image': 'based/<<key_name_encoded>>', 'translation_key': 'based', 'dynamic': True, 'name': 'shared'}, {'value': ['books'], 'custom': ['books'], 'key_name': 'Book', 'key': 'books', 'mdblist_list': 'https://mdblist.com/lists/k0meta/based_on_<<key>>_<<library_type>>s', 'image': 'based/<<key_name_encoded>>', 'translation_key': 'based', 'dynamic': True, 'name': 'arr'}] |
[2025-07-01 09:54:17,440] [meta.py:1324]              [INFO]     | [{'value': ['comics'], 'custom': ['comics'], 'key_name': 'Comic', 'key': 'comics', 'mdblist_list': 'https://mdblist.com/lists/k0meta/based_on_<<key>>_<<library_type>>s', 'image': 'based/<<key_name_encoded>>', 'translation_key': 'based', 'dynamic': True, 'name': 'mdb_smart'}, {'value': ['comics'], 'custom': ['comics'], 'key_name': 'Comic', 'key': 'comics', 'mdblist_list': 'https://mdblist.com/lists/k0meta/based_on_<<key>>_<<library_type>>s', 'image': 'based/<<key_name_encoded>>', 'translation_key': 'based', 'dynamic': True, 'name': 'shared'}, {'value': ['comics'], 'custom': ['comics'], 'key_name': 'Comic', 'key': 'comics', 'mdblist_list': 'https://mdblist.com/lists/k0meta/based_on_<<key>>_<<library_type>>s', 'image': 'based/<<key_name_encoded>>', 'translation_key': 'based', 'dynamic': True, 'name': 'arr'}] |
[2025-07-01 09:54:17,440] [meta.py:1324]              [INFO]     | [{'value': ['true_story'], 'custom': ['true_story'], 'key_name': 'True Story', 'key': 'true_story', 'mdblist_list': 'https://mdblist.com/lists/k0meta/based_on_<<key>>_<<library_type>>s', 'image': 'based/<<key_name_encoded>>', 'translation_key': 'based', 'dynamic': True, 'name': 'mdb_smart'}, {'value': ['true_story'], 'custom': ['true_story'], 'key_name': 'True Story', 'key': 'true_story', 'mdblist_list': 'https://mdblist.com/lists/k0meta/based_on_<<key>>_<<library_type>>s', 'image': 'based/<<key_name_encoded>>', 'translation_key': 'based', 'dynamic': True, 'name': 'shared'}, {'value': ['true_story'], 'custom': ['true_story'], 'key_name': 'True Story', 'key': 'true_story', 'mdblist_list': 'https://mdblist.com/lists/k0meta/based_on_<<key>>_<<library_type>>s', 'image': 'based/<<key_name_encoded>>', 'translation_key': 'based', 'dynamic': True, 'name': 'arr'}] |
[2025-07-01 09:54:17,441] [meta.py:1324]              [INFO]     | [{'value': ['video_games'], 'custom': ['video_games'], 'key_name': 'Video Game', 'key': 'video_games', 'mdblist_list': 'https://mdblist.com/lists/k0meta/based_on_<<key>>_<<library_type>>s', 'image': 'based/<<key_name_encoded>>', 'translation_key': 'based', 'dynamic': True, 'name': 'mdb_smart'}, {'value': ['video_games'], 'custom': ['video_games'], 'key_name': 'Video Game', 'key': 'video_games', 'mdblist_list': 'https://mdblist.com/lists/k0meta/based_on_<<key>>_<<library_type>>s', 'image': 'based/<<key_name_encoded>>', 'translation_key': 'based', 'dynamic': True, 'name': 'shared'}, {'value': ['video_games'], 'custom': ['video_games'], 'key_name': 'Video Game', 'key': 'video_games', 'mdblist_list': 'https://mdblist.com/lists/k0meta/based_on_<<key>>_<<library_type>>s', 'image': 'based/<<key_name_encoded>>', 'translation_key': 'based', 'dynamic': True, 'name': 'arr'}] |
[2025-07-01 09:54:17,441] [meta.py:1374]              [INFO]     |                                                                                                    |
[2025-07-01 09:54:17,441] [meta.py:1375]              [INFO]     | Collection File Loaded Successfully                                                                |
[2025-07-01 09:54:17,441] [meta.py:71]                [INFO]     |                                                                                                    |
[2025-07-01 09:54:17,441] [meta.py:72]                [INFO]     |====================================================================================================|
[2025-07-01 09:54:17,441] [meta.py:72]                [INFO]     |                              Loading Collection File Default: decade                               |
[2025-07-01 09:54:17,441] [meta.py:72]                [INFO]     |====================================================================================================|
[2025-07-01 09:54:17,441] [meta.py:73]                [INFO]     |                                                                                                    |
[2025-07-01 09:54:17,443] [meta.py:165]               [DEBUG]    | File Loaded From: /Volumes/MacOS/Servers/Kometa/defaults/movie/decade.yml                          |
[2025-07-01 09:54:17,443] [util.py:324]               [INFO]     |                                                                                                    |
[2025-07-01 09:54:17,443] [util.py:329]               [INFO]     | Reading default: templates                                                                         |
[2025-07-01 09:54:17,443] [util.py:368]               [INFO]     | Template Variables: {'collection_section': '100'}                                                  |
[2025-07-01 09:54:17,457] [meta.py:165]               [DEBUG]    | File Loaded From: /Volumes/MacOS/Servers/Kometa/defaults/templates.yml                             |
[2025-07-01 09:54:17,457] [meta.py:788]               [INFO]     |                                                                                                    |
[2025-07-01 09:54:17,457] [meta.py:789]               [INFO]     |=============================== Building Decade Dynamic Collections ================================|
[2025-07-01 09:54:17,457] [meta.py:790]               [INFO]     |                                                                                                    |
[2025-07-01 09:54:17,480] [meta.py:1254]              [DEBUG]    | Mapping Name: Decade                                                                               |
[2025-07-01 09:54:17,480] [meta.py:1255]              [DEBUG]    | Type: decade                                                                                       |
[2025-07-01 09:54:17,480] [meta.py:1256]              [DEBUG]    | Data: None                                                                                         |
[2025-07-01 09:54:17,480] [meta.py:1257]              [DEBUG]    | Exclude: ['1960']                                                                                  |
[2025-07-01 09:54:17,480] [meta.py:1258]              [DEBUG]    | Exclude Final: ['1960']                                                                            |
[2025-07-01 09:54:17,480] [meta.py:1259]              [DEBUG]    | Addons: {}                                                                                         |
[2025-07-01 09:54:17,480] [meta.py:1260]              [DEBUG]    | Template: ['smart_filter', 'shared']                                                               |
[2025-07-01 09:54:17,480] [meta.py:1261]              [DEBUG]    | Other Template: ['smart_filter', 'shared']                                                         |
[2025-07-01 09:54:17,480] [meta.py:1262]              [DEBUG]    | Library Variables: {'exclude': [1960], 'limit': 100, 'limit_1970': 25, 'summary_format': 'Top <<limit>> movies of the <<key>>s. Sorted by critic rating.', 'summary_1970': 'Top <<limit_1970>> movies of the <<key>>s. Sorted by critic rating.', 'minimum_items': 25} |
[2025-07-01 09:54:17,480] [meta.py:1263]              [DEBUG]    | Template Variables: {'search_term': {'default': 'decade'}, 'sort_by': {'default': 'critic_rating.desc'}, 'limit': {'default': 100}, 'image': {'default': 'decade/best/<<key>>'}, 'translation_key': {'default': 'decade'}, 'dynamic': {'default': True}} |
[2025-07-01 09:54:17,480] [meta.py:1264]              [DEBUG]    | Remove Prefix: []                                                                                  |
[2025-07-01 09:54:17,480] [meta.py:1265]              [DEBUG]    | Remove Suffix: []                                                                                  |
[2025-07-01 09:54:17,480] [meta.py:1266]              [DEBUG]    | Title Format: Best of <<key_name>>                                                                 |
[2025-07-01 09:54:17,480] [meta.py:1267]              [DEBUG]    | Key Name Override: {}                                                                              |
[2025-07-01 09:54:17,480] [meta.py:1268]              [DEBUG]    | Title Override: {}                                                                                 |
[2025-07-01 09:54:17,480] [meta.py:1269]              [DEBUG]    | Custom Keys: True                                                                                  |
[2025-07-01 09:54:17,480] [meta.py:1270]              [DEBUG]    | Test: False                                                                                        |
[2025-07-01 09:54:17,480] [meta.py:1271]              [DEBUG]    | Sync: {}                                                                                           |
[2025-07-01 09:54:17,480] [meta.py:1272]              [DEBUG]    | Include: []                                                                                        |
[2025-07-01 09:54:17,480] [meta.py:1273]              [DEBUG]    | Other Name: None                                                                                   |
[2025-07-01 09:54:17,480] [meta.py:1274]              [DEBUG]    | All Keys: dict_keys(['2020', '2010', '2000', '1990', '1980', '1970', '1960', '1950', '1940', '1930', '1920']) |
[2025-07-01 09:54:17,480] [meta.py:1277]              [DEBUG]    | Keys (Title):                                                                                      |
[2025-07-01 09:54:17,480] [meta.py:1279]              [DEBUG]    |   - 2020 (2020s)                                                                                   |
[2025-07-01 09:54:17,480] [meta.py:1279]              [DEBUG]    |   - 2010 (2010s)                                                                                   |
[2025-07-01 09:54:17,480] [meta.py:1279]              [DEBUG]    |   - 2000 (2000s)                                                                                   |
[2025-07-01 09:54:17,480] [meta.py:1279]              [DEBUG]    |   - 1990 (1990s)                                                                                   |
[2025-07-01 09:54:17,480] [meta.py:1279]              [DEBUG]    |   - 1980 (1980s)                                                                                   |
[2025-07-01 09:54:17,480] [meta.py:1279]              [DEBUG]    |   - 1970 (1970s)                                                                                   |
[2025-07-01 09:54:17,481] [meta.py:1279]              [DEBUG]    |   - 1950 (1950s)                                                                                   |
[2025-07-01 09:54:17,481] [meta.py:1279]              [DEBUG]    |   - 1940 (1940s)                                                                                   |
[2025-07-01 09:54:17,481] [meta.py:1279]              [DEBUG]    |   - 1930 (1930s)                                                                                   |
[2025-07-01 09:54:17,481] [meta.py:1279]              [DEBUG]    |   - 1920 (1920s)                                                                                   |
[2025-07-01 09:54:17,481] [meta.py:1324]              [INFO]     | [{'value': ['2020'], 'decade': ['2020'], 'key_name': '2020s', 'key': '2020', 'search_term': 'decade', 'sort_by': 'critic_rating.desc', 'limit': 100, 'image': 'decade/best/<<key>>', 'translation_key': 'decade', 'dynamic': True, 'name': 'smart_filter'}, {'value': ['2020'], 'decade': ['2020'], 'key_name': '2020s', 'key': '2020', 'search_term': 'decade', 'sort_by': 'critic_rating.desc', 'limit': 100, 'image': 'decade/best/<<key>>', 'translation_key': 'decade', 'dynamic': True, 'name': 'shared'}] |
[2025-07-01 09:54:17,481] [meta.py:1324]              [INFO]     | [{'value': ['2010'], 'decade': ['2010'], 'key_name': '2010s', 'key': '2010', 'search_term': 'decade', 'sort_by': 'critic_rating.desc', 'limit': 100, 'image': 'decade/best/<<key>>', 'translation_key': 'decade', 'dynamic': True, 'name': 'smart_filter'}, {'value': ['2010'], 'decade': ['2010'], 'key_name': '2010s', 'key': '2010', 'search_term': 'decade', 'sort_by': 'critic_rating.desc', 'limit': 100, 'image': 'decade/best/<<key>>', 'translation_key': 'decade', 'dynamic': True, 'name': 'shared'}] |
[2025-07-01 09:54:17,481] [meta.py:1324]              [INFO]     | [{'value': ['2000'], 'decade': ['2000'], 'key_name': '2000s', 'key': '2000', 'search_term': 'decade', 'sort_by': 'critic_rating.desc', 'limit': 100, 'image': 'decade/best/<<key>>', 'translation_key': 'decade', 'dynamic': True, 'name': 'smart_filter'}, {'value': ['2000'], 'decade': ['2000'], 'key_name': '2000s', 'key': '2000', 'search_term': 'decade', 'sort_by': 'critic_rating.desc', 'limit': 100, 'image': 'decade/best/<<key>>', 'translation_key': 'decade', 'dynamic': True, 'name': 'shared'}] |
[2025-07-01 09:54:17,481] [meta.py:1324]              [INFO]     | [{'value': ['1990'], 'decade': ['1990'], 'key_name': '1990s', 'key': '1990', 'search_term': 'decade', 'sort_by': 'critic_rating.desc', 'limit': 100, 'image': 'decade/best/<<key>>', 'translation_key': 'decade', 'dynamic': True, 'name': 'smart_filter'}, {'value': ['1990'], 'decade': ['1990'], 'key_name': '1990s', 'key': '1990', 'search_term': 'decade', 'sort_by': 'critic_rating.desc', 'limit': 100, 'image': 'decade/best/<<key>>', 'translation_key': 'decade', 'dynamic': True, 'name': 'shared'}] |
[2025-07-01 09:54:17,481] [meta.py:1324]              [INFO]     | [{'value': ['1980'], 'decade': ['1980'], 'key_name': '1980s', 'key': '1980', 'search_term': 'decade', 'sort_by': 'critic_rating.desc', 'limit': 100, 'image': 'decade/best/<<key>>', 'translation_key': 'decade', 'dynamic': True, 'name': 'smart_filter'}, {'value': ['1980'], 'decade': ['1980'], 'key_name': '1980s', 'key': '1980', 'search_term': 'decade', 'sort_by': 'critic_rating.desc', 'limit': 100, 'image': 'decade/best/<<key>>', 'translation_key': 'decade', 'dynamic': True, 'name': 'shared'}] |
[2025-07-01 09:54:17,481] [meta.py:1324]              [INFO]     | [{'value': ['1970'], 'decade': ['1970'], 'key_name': '1970s', 'key': '1970', 'search_term': 'decade', 'sort_by': 'critic_rating.desc', 'limit': 100, 'image': 'decade/best/<<key>>', 'translation_key': 'decade', 'dynamic': True, 'name': 'smart_filter'}, {'value': ['1970'], 'decade': ['1970'], 'key_name': '1970s', 'key': '1970', 'search_term': 'decade', 'sort_by': 'critic_rating.desc', 'limit': 100, 'image': 'decade/best/<<key>>', 'translation_key': 'decade', 'dynamic': True, 'name': 'shared'}] |
[2025-07-01 09:54:17,481] [meta.py:1324]              [INFO]     | [{'value': ['1950'], 'decade': ['1950'], 'key_name': '1950s', 'key': '1950', 'search_term': 'decade', 'sort_by': 'critic_rating.desc', 'limit': 100, 'image': 'decade/best/<<key>>', 'translation_key': 'decade', 'dynamic': True, 'name': 'smart_filter'}, {'value': ['1950'], 'decade': ['1950'], 'key_name': '1950s', 'key': '1950', 'search_term': 'decade', 'sort_by': 'critic_rating.desc', 'limit': 100, 'image': 'decade/best/<<key>>', 'translation_key': 'decade', 'dynamic': True, 'name': 'shared'}] |
[2025-07-01 09:54:17,481] [meta.py:1324]              [INFO]     | [{'value': ['1940'], 'decade': ['1940'], 'key_name': '1940s', 'key': '1940', 'search_term': 'decade', 'sort_by': 'critic_rating.desc', 'limit': 100, 'image': 'decade/best/<<key>>', 'translation_key': 'decade', 'dynamic': True, 'name': 'smart_filter'}, {'value': ['1940'], 'decade': ['1940'], 'key_name': '1940s', 'key': '1940', 'search_term': 'decade', 'sort_by': 'critic_rating.desc', 'limit': 100, 'image': 'decade/best/<<key>>', 'translation_key': 'decade', 'dynamic': True, 'name': 'shared'}] |
[2025-07-01 09:54:17,481] [meta.py:1324]              [INFO]     | [{'value': ['1930'], 'decade': ['1930'], 'key_name': '1930s', 'key': '1930', 'search_term': 'decade', 'sort_by': 'critic_rating.desc', 'limit': 100, 'image': 'decade/best/<<key>>', 'translation_key': 'decade', 'dynamic': True, 'name': 'smart_filter'}, {'value': ['1930'], 'decade': ['1930'], 'key_name': '1930s', 'key': '1930', 'search_term': 'decade', 'sort_by': 'critic_rating.desc', 'limit': 100, 'image': 'decade/best/<<key>>', 'translation_key': 'decade', 'dynamic': True, 'name': 'shared'}] |
[2025-07-01 09:54:17,481] [meta.py:1324]              [INFO]     | [{'value': ['1920'], 'decade': ['1920'], 'key_name': '1920s', 'key': '1920', 'search_term': 'decade', 'sort_by': 'critic_rating.desc', 'limit': 100, 'image': 'decade/best/<<key>>', 'translation_key': 'decade', 'dynamic': True, 'name': 'smart_filter'}, {'value': ['1920'], 'decade': ['1920'], 'key_name': '1920s', 'key': '1920', 'search_term': 'decade', 'sort_by': 'critic_rating.desc', 'limit': 100, 'image': 'decade/best/<<key>>', 'translation_key': 'decade', 'dynamic': True, 'name': 'shared'}] |
[2025-07-01 09:54:17,481] [meta.py:1374]              [INFO]     |                                                                                                    |
[2025-07-01 09:54:17,481] [meta.py:1375]              [INFO]     | Collection File Loaded Successfully                                                                |
[2025-07-01 09:54:17,481] [meta.py:71]                [INFO]     |                                                                                                    |
[2025-07-01 09:54:17,481] [meta.py:72]                [INFO]     |====================================================================================================|
[2025-07-01 09:54:17,481] [meta.py:72]                [INFO]     |                               Loading Collection File Default: genre                               |
[2025-07-01 09:54:17,481] [meta.py:72]                [INFO]     |====================================================================================================|
[2025-07-01 09:54:17,481] [meta.py:73]                [INFO]     |                                                                                                    |
[2025-07-01 09:54:17,484] [meta.py:165]               [DEBUG]    | File Loaded From: /Volumes/MacOS/Servers/Kometa/defaults/both/genre.yml                            |
[2025-07-01 09:54:17,484] [util.py:324]               [INFO]     |                                                                                                    |
[2025-07-01 09:54:17,484] [util.py:329]               [INFO]     | Reading default: templates                                                                         |
[2025-07-01 09:54:17,484] [util.py:368]               [INFO]     | Template Variables: {'collection_section': '060'}                                                  |
[2025-07-01 09:54:17,500] [meta.py:165]               [DEBUG]    | File Loaded From: /Volumes/MacOS/Servers/Kometa/defaults/templates.yml                             |
[2025-07-01 09:54:17,500] [meta.py:788]               [INFO]     |                                                                                                    |
[2025-07-01 09:54:17,500] [meta.py:789]               [INFO]     |================================ Building Genre Dynamic Collections ================================|
[2025-07-01 09:54:17,500] [meta.py:790]               [INFO]     |                                                                                                    |
[2025-07-01 09:54:17,948] [meta.py:1254]              [DEBUG]    | Mapping Name: Genre                                                                                |
[2025-07-01 09:54:17,948] [meta.py:1255]              [DEBUG]    | Type: genre                                                                                        |
[2025-07-01 09:54:17,949] [meta.py:1256]              [DEBUG]    | Data: None                                                                                         |
[2025-07-01 09:54:17,949] [meta.py:1257]              [DEBUG]    | Exclude: ['Horror', 'War', 'Western', 'Spy', 'Sport']                                              |
[2025-07-01 09:54:17,949] [meta.py:1258]              [DEBUG]    | Exclude Final: ['Horror', 'War', 'Western', 'Spy', 'Sport', 'Action/Adventure', 'Action/adventure', 'Action & Adventure', 'Action & adventure', 'Action and Adventure', 'Action and adventure', 'Biography', 'Kids & Family', 'SciFi & Fantasy', 'Science Fiction & Fantasy', 'Science-Fiction & Fantasy', 'Sci-Fi & Fantasy', 'Film-Noir', 'War & Politics', 'SciFi', 'Sci-Fi', 'Science-Fiction', 'Talk'] |
[2025-07-01 09:54:17,949] [meta.py:1259]              [DEBUG]    | Addons: {'Action': ['Action/Adventure', 'Action/adventure', 'Action & Adventure', 'Action & adventure', 'Action and Adventure', 'Action and adventure'], 'Adventure': ['Action/Adventure', 'Action/adventure', 'Action & Adventure', 'Action & adventure', 'Action and Adventure', 'Action and adventure'], 'Biopic': ['Biography'], 'Family': ['Kids & Family'], 'Fantasy': ['SciFi & Fantasy', 'Science Fiction & Fantasy', 'Science-Fiction & Fantasy', 'Sci-Fi & Fantasy'], 'Film Noir': ['Film-Noir'], 'Politics': ['War & Politics'], 'Science Fiction': ['SciFi', 'Sci-Fi', 'Science-Fiction', 'SciFi & Fantasy', 'Science Fiction & Fantasy', 'Sci-Fi & Fantasy'], 'Talk Show': ['Talk'], 'War': ['War & Politics']} |
[2025-07-01 09:54:17,949] [meta.py:1260]              [DEBUG]    | Template: ['smart_filter', 'shared']                                                               |
[2025-07-01 09:54:17,949] [meta.py:1261]              [DEBUG]    | Other Template: ['smart_filter', 'shared']                                                         |
[2025-07-01 09:54:17,949] [meta.py:1262]              [DEBUG]    | Library Variables: {'sort_by': 'title.asc', 'exclude': ['Horror', 'War', 'Western', 'Spy', 'Sport'], 'minimum_items': 10} |
[2025-07-01 09:54:17,949] [meta.py:1263]              [DEBUG]    | Template Variables: {'search_term': {'default': 'genre'}, 'image': {'default': 'genre/<<original_key_name_encoded>>'}, 'translation_key': {'default': 'genre'}, 'dynamic': {'default': True}} |
[2025-07-01 09:54:17,949] [meta.py:1264]              [DEBUG]    | Remove Prefix: []                                                                                  |
[2025-07-01 09:54:17,949] [meta.py:1265]              [DEBUG]    | Remove Suffix: []                                                                                  |
[2025-07-01 09:54:17,950] [meta.py:1266]              [DEBUG]    | Title Format: <<key_name>> Movies                                                                  |
[2025-07-01 09:54:17,950] [meta.py:1267]              [DEBUG]    | Key Name Override: {}                                                                              |
[2025-07-01 09:54:17,950] [meta.py:1268]              [DEBUG]    | Title Override: {}                                                                                 |
[2025-07-01 09:54:17,950] [meta.py:1269]              [DEBUG]    | Custom Keys: True                                                                                  |
[2025-07-01 09:54:17,950] [meta.py:1270]              [DEBUG]    | Test: False                                                                                        |
[2025-07-01 09:54:17,950] [meta.py:1271]              [DEBUG]    | Sync: {}                                                                                           |
[2025-07-01 09:54:17,950] [meta.py:1272]              [DEBUG]    | Include: []                                                                                        |
[2025-07-01 09:54:17,950] [meta.py:1273]              [DEBUG]    | Other Name: None                                                                                   |
[2025-07-01 09:54:17,950] [meta.py:1274]              [DEBUG]    | All Keys: dict_keys(['Action', 'Adventure', 'Animation', 'Anime', 'Children', 'Comedy', 'Crime', 'Documentary', 'Drama', 'Family', 'Fantasy', 'Game Show', 'History', 'Horror', 'Martial Arts', 'Music', 'Musical', 'Mystery', 'Reality', 'Romance', 'Science Fiction', 'Short', 'Sport', 'Thriller', 'TV Movie', 'War', 'Western']) |
[2025-07-01 09:54:17,950] [meta.py:1277]              [DEBUG]    | Keys (Title):                                                                                      |
[2025-07-01 09:54:17,950] [meta.py:1279]              [DEBUG]    |   - Action                                                                                         |
[2025-07-01 09:54:17,950] [meta.py:1279]              [DEBUG]    |   - Adventure                                                                                      |
[2025-07-01 09:54:17,950] [meta.py:1279]              [DEBUG]    |   - Animation                                                                                      |
[2025-07-01 09:54:17,950] [meta.py:1279]              [DEBUG]    |   - Anime                                                                                          |
[2025-07-01 09:54:17,950] [meta.py:1279]              [DEBUG]    |   - Children                                                                                       |
[2025-07-01 09:54:17,950] [meta.py:1279]              [DEBUG]    |   - Comedy                                                                                         |
[2025-07-01 09:54:17,951] [meta.py:1279]              [DEBUG]    |   - Crime                                                                                          |
[2025-07-01 09:54:17,951] [meta.py:1279]              [DEBUG]    |   - Documentary                                                                                    |
[2025-07-01 09:54:17,951] [meta.py:1279]              [DEBUG]    |   - Drama                                                                                          |
[2025-07-01 09:54:17,951] [meta.py:1279]              [DEBUG]    |   - Family                                                                                         |
[2025-07-01 09:54:17,951] [meta.py:1279]              [DEBUG]    |   - Fantasy                                                                                        |
[2025-07-01 09:54:17,951] [meta.py:1279]              [DEBUG]    |   - Game Show                                                                                      |
[2025-07-01 09:54:17,951] [meta.py:1279]              [DEBUG]    |   - History                                                                                        |
[2025-07-01 09:54:17,951] [meta.py:1279]              [DEBUG]    |   - Martial Arts                                                                                   |
[2025-07-01 09:54:17,951] [meta.py:1279]              [DEBUG]    |   - Music                                                                                          |
[2025-07-01 09:54:17,951] [meta.py:1279]              [DEBUG]    |   - Musical                                                                                        |
[2025-07-01 09:54:17,951] [meta.py:1279]              [DEBUG]    |   - Mystery                                                                                        |
[2025-07-01 09:54:17,951] [meta.py:1279]              [DEBUG]    |   - Reality                                                                                        |
[2025-07-01 09:54:17,951] [meta.py:1279]              [DEBUG]    |   - Romance                                                                                        |
[2025-07-01 09:54:17,951] [meta.py:1279]              [DEBUG]    |   - Science Fiction                                                                                |
[2025-07-01 09:54:17,951] [meta.py:1279]              [DEBUG]    |   - Short                                                                                          |
[2025-07-01 09:54:17,952] [meta.py:1279]              [DEBUG]    |   - Thriller                                                                                       |
[2025-07-01 09:54:17,952] [meta.py:1279]              [DEBUG]    |   - TV Movie                                                                                       |
[2025-07-01 09:54:17,952] [meta.py:1324]              [INFO]     | [{'value': ['Action'], 'genre': ['Action'], 'key_name': 'Action', 'key': 'Action', 'search_term': 'genre', 'image': 'genre/<<original_key_name_encoded>>', 'translation_key': 'genre', 'dynamic': True, 'name': 'smart_filter'}, {'value': ['Action'], 'genre': ['Action'], 'key_name': 'Action', 'key': 'Action', 'search_term': 'genre', 'image': 'genre/<<original_key_name_encoded>>', 'translation_key': 'genre', 'dynamic': True, 'name': 'shared'}] |
[2025-07-01 09:54:17,952] [meta.py:1324]              [INFO]     | [{'value': ['Adventure'], 'genre': ['Adventure'], 'key_name': 'Adventure', 'key': 'Adventure', 'search_term': 'genre', 'image': 'genre/<<original_key_name_encoded>>', 'translation_key': 'genre', 'dynamic': True, 'name': 'smart_filter'}, {'value': ['Adventure'], 'genre': ['Adventure'], 'key_name': 'Adventure', 'key': 'Adventure', 'search_term': 'genre', 'image': 'genre/<<original_key_name_encoded>>', 'translation_key': 'genre', 'dynamic': True, 'name': 'shared'}] |
[2025-07-01 09:54:17,952] [meta.py:1324]              [INFO]     | [{'value': ['Animation'], 'genre': ['Animation'], 'key_name': 'Animation', 'key': 'Animation', 'search_term': 'genre', 'image': 'genre/<<original_key_name_encoded>>', 'translation_key': 'genre', 'dynamic': True, 'name': 'smart_filter'}, {'value': ['Animation'], 'genre': ['Animation'], 'key_name': 'Animation', 'key': 'Animation', 'search_term': 'genre', 'image': 'genre/<<original_key_name_encoded>>', 'translation_key': 'genre', 'dynamic': True, 'name': 'shared'}] |
[2025-07-01 09:54:17,952] [meta.py:1324]              [INFO]     | [{'value': ['Anime'], 'genre': ['Anime'], 'key_name': 'Anime', 'key': 'Anime', 'search_term': 'genre', 'image': 'genre/<<original_key_name_encoded>>', 'translation_key': 'genre', 'dynamic': True, 'name': 'smart_filter'}, {'value': ['Anime'], 'genre': ['Anime'], 'key_name': 'Anime', 'key': 'Anime', 'search_term': 'genre', 'image': 'genre/<<original_key_name_encoded>>', 'translation_key': 'genre', 'dynamic': True, 'name': 'shared'}] |
[2025-07-01 09:54:17,952] [meta.py:1324]              [INFO]     | [{'value': ['Children'], 'genre': ['Children'], 'key_name': 'Children', 'key': 'Children', 'search_term': 'genre', 'image': 'genre/<<original_key_name_encoded>>', 'translation_key': 'genre', 'dynamic': True, 'name': 'smart_filter'}, {'value': ['Children'], 'genre': ['Children'], 'key_name': 'Children', 'key': 'Children', 'search_term': 'genre', 'image': 'genre/<<original_key_name_encoded>>', 'translation_key': 'genre', 'dynamic': True, 'name': 'shared'}] |
[2025-07-01 09:54:17,952] [meta.py:1324]              [INFO]     | [{'value': ['Comedy'], 'genre': ['Comedy'], 'key_name': 'Comedy', 'key': 'Comedy', 'search_term': 'genre', 'image': 'genre/<<original_key_name_encoded>>', 'translation_key': 'genre', 'dynamic': True, 'name': 'smart_filter'}, {'value': ['Comedy'], 'genre': ['Comedy'], 'key_name': 'Comedy', 'key': 'Comedy', 'search_term': 'genre', 'image': 'genre/<<original_key_name_encoded>>', 'translation_key': 'genre', 'dynamic': True, 'name': 'shared'}] |
[2025-07-01 09:54:17,952] [meta.py:1324]              [INFO]     | [{'value': ['Crime'], 'genre': ['Crime'], 'key_name': 'Crime', 'key': 'Crime', 'search_term': 'genre', 'image': 'genre/<<original_key_name_encoded>>', 'translation_key': 'genre', 'dynamic': True, 'name': 'smart_filter'}, {'value': ['Crime'], 'genre': ['Crime'], 'key_name': 'Crime', 'key': 'Crime', 'search_term': 'genre', 'image': 'genre/<<original_key_name_encoded>>', 'translation_key': 'genre', 'dynamic': True, 'name': 'shared'}] |
[2025-07-01 09:54:17,952] [meta.py:1324]              [INFO]     | [{'value': ['Documentary'], 'genre': ['Documentary'], 'key_name': 'Documentary', 'key': 'Documentary', 'search_term': 'genre', 'image': 'genre/<<original_key_name_encoded>>', 'translation_key': 'genre', 'dynamic': True, 'name': 'smart_filter'}, {'value': ['Documentary'], 'genre': ['Documentary'], 'key_name': 'Documentary', 'key': 'Documentary', 'search_term': 'genre', 'image': 'genre/<<original_key_name_encoded>>', 'translation_key': 'genre', 'dynamic': True, 'name': 'shared'}] |
[2025-07-01 09:54:17,952] [meta.py:1324]              [INFO]     | [{'value': ['Drama'], 'genre': ['Drama'], 'key_name': 'Drama', 'key': 'Drama', 'search_term': 'genre', 'image': 'genre/<<original_key_name_encoded>>', 'translation_key': 'genre', 'dynamic': True, 'name': 'smart_filter'}, {'value': ['Drama'], 'genre': ['Drama'], 'key_name': 'Drama', 'key': 'Drama', 'search_term': 'genre', 'image': 'genre/<<original_key_name_encoded>>', 'translation_key': 'genre', 'dynamic': True, 'name': 'shared'}] |
[2025-07-01 09:54:17,952] [meta.py:1324]              [INFO]     | [{'value': ['Family'], 'genre': ['Family'], 'key_name': 'Family', 'key': 'Family', 'search_term': 'genre', 'image': 'genre/<<original_key_name_encoded>>', 'translation_key': 'genre', 'dynamic': True, 'name': 'smart_filter'}, {'value': ['Family'], 'genre': ['Family'], 'key_name': 'Family', 'key': 'Family', 'search_term': 'genre', 'image': 'genre/<<original_key_name_encoded>>', 'translation_key': 'genre', 'dynamic': True, 'name': 'shared'}] |
[2025-07-01 09:54:17,953] [meta.py:1324]              [INFO]     | [{'value': ['Fantasy'], 'genre': ['Fantasy'], 'key_name': 'Fantasy', 'key': 'Fantasy', 'search_term': 'genre', 'image': 'genre/<<original_key_name_encoded>>', 'translation_key': 'genre', 'dynamic': True, 'name': 'smart_filter'}, {'value': ['Fantasy'], 'genre': ['Fantasy'], 'key_name': 'Fantasy', 'key': 'Fantasy', 'search_term': 'genre', 'image': 'genre/<<original_key_name_encoded>>', 'translation_key': 'genre', 'dynamic': True, 'name': 'shared'}] |
[2025-07-01 09:54:17,953] [meta.py:1324]              [INFO]     | [{'value': ['Game Show'], 'genre': ['Game Show'], 'key_name': 'Game Show', 'key': 'Game Show', 'search_term': 'genre', 'image': 'genre/<<original_key_name_encoded>>', 'translation_key': 'genre', 'dynamic': True, 'name': 'smart_filter'}, {'value': ['Game Show'], 'genre': ['Game Show'], 'key_name': 'Game Show', 'key': 'Game Show', 'search_term': 'genre', 'image': 'genre/<<original_key_name_encoded>>', 'translation_key': 'genre', 'dynamic': True, 'name': 'shared'}] |
[2025-07-01 09:54:17,953] [meta.py:1324]              [INFO]     | [{'value': ['History'], 'genre': ['History'], 'key_name': 'History', 'key': 'History', 'search_term': 'genre', 'image': 'genre/<<original_key_name_encoded>>', 'translation_key': 'genre', 'dynamic': True, 'name': 'smart_filter'}, {'value': ['History'], 'genre': ['History'], 'key_name': 'History', 'key': 'History', 'search_term': 'genre', 'image': 'genre/<<original_key_name_encoded>>', 'translation_key': 'genre', 'dynamic': True, 'name': 'shared'}] |
[2025-07-01 09:54:17,953] [meta.py:1324]              [INFO]     | [{'value': ['Martial Arts'], 'genre': ['Martial Arts'], 'key_name': 'Martial Arts', 'key': 'Martial Arts', 'search_term': 'genre', 'image': 'genre/<<original_key_name_encoded>>', 'translation_key': 'genre', 'dynamic': True, 'name': 'smart_filter'}, {'value': ['Martial Arts'], 'genre': ['Martial Arts'], 'key_name': 'Martial Arts', 'key': 'Martial Arts', 'search_term': 'genre', 'image': 'genre/<<original_key_name_encoded>>', 'translation_key': 'genre', 'dynamic': True, 'name': 'shared'}] |
[2025-07-01 09:54:17,953] [meta.py:1324]              [INFO]     | [{'value': ['Music'], 'genre': ['Music'], 'key_name': 'Music', 'key': 'Music', 'search_term': 'genre', 'image': 'genre/<<original_key_name_encoded>>', 'translation_key': 'genre', 'dynamic': True, 'name': 'smart_filter'}, {'value': ['Music'], 'genre': ['Music'], 'key_name': 'Music', 'key': 'Music', 'search_term': 'genre', 'image': 'genre/<<original_key_name_encoded>>', 'translation_key': 'genre', 'dynamic': True, 'name': 'shared'}] |
[2025-07-01 09:54:17,953] [meta.py:1324]              [INFO]     | [{'value': ['Musical'], 'genre': ['Musical'], 'key_name': 'Musical', 'key': 'Musical', 'search_term': 'genre', 'image': 'genre/<<original_key_name_encoded>>', 'translation_key': 'genre', 'dynamic': True, 'name': 'smart_filter'}, {'value': ['Musical'], 'genre': ['Musical'], 'key_name': 'Musical', 'key': 'Musical', 'search_term': 'genre', 'image': 'genre/<<original_key_name_encoded>>', 'translation_key': 'genre', 'dynamic': True, 'name': 'shared'}] |
[2025-07-01 09:54:17,953] [meta.py:1324]              [INFO]     | [{'value': ['Mystery'], 'genre': ['Mystery'], 'key_name': 'Mystery', 'key': 'Mystery', 'search_term': 'genre', 'image': 'genre/<<original_key_name_encoded>>', 'translation_key': 'genre', 'dynamic': True, 'name': 'smart_filter'}, {'value': ['Mystery'], 'genre': ['Mystery'], 'key_name': 'Mystery', 'key': 'Mystery', 'search_term': 'genre', 'image': 'genre/<<original_key_name_encoded>>', 'translation_key': 'genre', 'dynamic': True, 'name': 'shared'}] |
[2025-07-01 09:54:17,953] [meta.py:1324]              [INFO]     | [{'value': ['Reality'], 'genre': ['Reality'], 'key_name': 'Reality', 'key': 'Reality', 'search_term': 'genre', 'image': 'genre/<<original_key_name_encoded>>', 'translation_key': 'genre', 'dynamic': True, 'name': 'smart_filter'}, {'value': ['Reality'], 'genre': ['Reality'], 'key_name': 'Reality', 'key': 'Reality', 'search_term': 'genre', 'image': 'genre/<<original_key_name_encoded>>', 'translation_key': 'genre', 'dynamic': True, 'name': 'shared'}] |
[2025-07-01 09:54:17,954] [meta.py:1324]              [INFO]     | [{'value': ['Romance'], 'genre': ['Romance'], 'key_name': 'Romance', 'key': 'Romance', 'search_term': 'genre', 'image': 'genre/<<original_key_name_encoded>>', 'translation_key': 'genre', 'dynamic': True, 'name': 'smart_filter'}, {'value': ['Romance'], 'genre': ['Romance'], 'key_name': 'Romance', 'key': 'Romance', 'search_term': 'genre', 'image': 'genre/<<original_key_name_encoded>>', 'translation_key': 'genre', 'dynamic': True, 'name': 'shared'}] |
[2025-07-01 09:54:17,954] [meta.py:1324]              [INFO]     | [{'value': ['Science Fiction'], 'genre': ['Science Fiction'], 'key_name': 'Science Fiction', 'key': 'Science Fiction', 'search_term': 'genre', 'image': 'genre/<<original_key_name_encoded>>', 'translation_key': 'genre', 'dynamic': True, 'name': 'smart_filter'}, {'value': ['Science Fiction'], 'genre': ['Science Fiction'], 'key_name': 'Science Fiction', 'key': 'Science Fiction', 'search_term': 'genre', 'image': 'genre/<<original_key_name_encoded>>', 'translation_key': 'genre', 'dynamic': True, 'name': 'shared'}] |
[2025-07-01 09:54:17,954] [meta.py:1324]              [INFO]     | [{'value': ['Short'], 'genre': ['Short'], 'key_name': 'Short', 'key': 'Short', 'search_term': 'genre', 'image': 'genre/<<original_key_name_encoded>>', 'translation_key': 'genre', 'dynamic': True, 'name': 'smart_filter'}, {'value': ['Short'], 'genre': ['Short'], 'key_name': 'Short', 'key': 'Short', 'search_term': 'genre', 'image': 'genre/<<original_key_name_encoded>>', 'translation_key': 'genre', 'dynamic': True, 'name': 'shared'}] |
[2025-07-01 09:54:17,954] [meta.py:1324]              [INFO]     | [{'value': ['Thriller'], 'genre': ['Thriller'], 'key_name': 'Thriller', 'key': 'Thriller', 'search_term': 'genre', 'image': 'genre/<<original_key_name_encoded>>', 'translation_key': 'genre', 'dynamic': True, 'name': 'smart_filter'}, {'value': ['Thriller'], 'genre': ['Thriller'], 'key_name': 'Thriller', 'key': 'Thriller', 'search_term': 'genre', 'image': 'genre/<<original_key_name_encoded>>', 'translation_key': 'genre', 'dynamic': True, 'name': 'shared'}] |
[2025-07-01 09:54:17,954] [meta.py:1324]              [INFO]     | [{'value': ['TV Movie'], 'genre': ['TV Movie'], 'key_name': 'TV Movie', 'key': 'TV Movie', 'search_term': 'genre', 'image': 'genre/<<original_key_name_encoded>>', 'translation_key': 'genre', 'dynamic': True, 'name': 'smart_filter'}, {'value': ['TV Movie'], 'genre': ['TV Movie'], 'key_name': 'TV Movie', 'key': 'TV Movie', 'search_term': 'genre', 'image': 'genre/<<original_key_name_encoded>>', 'translation_key': 'genre', 'dynamic': True, 'name': 'shared'}] |
[2025-07-01 09:54:17,954] [meta.py:1374]              [INFO]     |                                                                                                    |
[2025-07-01 09:54:17,954] [meta.py:1375]              [INFO]     | Collection File Loaded Successfully                                                                |
[2025-07-01 09:54:17,954] [meta.py:71]                [INFO]     |                                                                                                    |
[2025-07-01 09:54:17,954] [meta.py:72]                [INFO]     |====================================================================================================|
[2025-07-01 09:54:17,954] [meta.py:72]                [INFO]     |                               Loading Collection File Default: imdb                                |
[2025-07-01 09:54:17,954] [meta.py:72]                [INFO]     |====================================================================================================|
[2025-07-01 09:54:17,954] [meta.py:73]                [INFO]     |                                                                                                    |
[2025-07-01 09:54:17,964] [meta.py:165]               [DEBUG]    | File Loaded From: /Volumes/MacOS/Servers/Kometa/defaults/chart/imdb.yml                            |
[2025-07-01 09:54:17,964] [util.py:324]               [INFO]     |                                                                                                    |
[2025-07-01 09:54:17,964] [util.py:329]               [INFO]     | Reading default: templates                                                                         |
[2025-07-01 09:54:17,964] [util.py:368]               [INFO]     | Template Variables: {'collection_section': '020', 'image': 'chart/<<style>>/<<mapping_name_encoded>>'} |
[2025-07-01 09:54:17,984] [meta.py:165]               [DEBUG]    | File Loaded From: /Volumes/MacOS/Servers/Kometa/defaults/templates.yml                             |
[2025-07-01 09:54:17,985] [meta.py:51]                [WARNING]  | Config Warning: Skipping duplicate collection: "IMDb Popular"                                      |
[2025-07-01 09:54:17,985] [meta.py:51]                [WARNING]  | Config Warning: Skipping duplicate collection: "IMDb Top 250"                                      |
[2025-07-01 09:54:17,985] [meta.py:51]                [WARNING]  | Config Warning: Skipping duplicate collection: "IMDb Lowest Rated"                                 |
[2025-07-01 09:54:17,985] [library.py:159]            [ERROR]    | YAML Error: collections or dynamic_collections attribute is required                               |
[2025-07-01 09:54:17,985] [library.py:160]            [INFO]     | Collection File Failed To Load                                                                     |
[2025-07-01 09:54:17,985] [meta.py:71]                [INFO]     |                                                                                                    |
[2025-07-01 09:54:17,985] [meta.py:72]                [INFO]     |====================================================================================================|
[2025-07-01 09:54:17,985] [meta.py:72]                [INFO]     |                             Loading Collection File Default: seasonal                              |
[2025-07-01 09:54:17,985] [meta.py:72]                [INFO]     |====================================================================================================|
[2025-07-01 09:54:17,985] [meta.py:73]                [INFO]     |                                                                                                    |
[2025-07-01 09:54:17,997] [meta.py:165]               [DEBUG]    | File Loaded From: /Volumes/MacOS/Servers/Kometa/defaults/movie/seasonal.yml                        |
[2025-07-01 09:54:17,997] [util.py:324]               [INFO]     |                                                                                                    |
[2025-07-01 09:54:17,997] [util.py:329]               [INFO]     | Reading default: templates                                                                         |
[2025-07-01 09:54:18,012] [meta.py:165]               [DEBUG]    | File Loaded From: /Volumes/MacOS/Servers/Kometa/defaults/templates.yml                             |
[2025-07-01 09:54:18,012] [meta.py:788]               [INFO]     |                                                                                                    |
[2025-07-01 09:54:18,012] [meta.py:789]               [INFO]     |============================== Building Seasonal Dynamic Collections ===============================|
[2025-07-01 09:54:18,012] [meta.py:790]               [INFO]     |                                                                                                    |
[2025-07-01 09:54:18,012] [meta.py:1254]              [DEBUG]    | Mapping Name: Seasonal                                                                             |
[2025-07-01 09:54:18,012] [meta.py:1255]              [DEBUG]    | Type: custom                                                                                       |
[2025-07-01 09:54:18,012] [meta.py:1256]              [DEBUG]    | Data: {'years': "New Year's Day", 'valentine': "Valentine's Day", 'patrick': "St. Patrick's Day", 'easter': 'Easter', 'mother': "Mother's Day", 'memorial': 'Memorial Day', 'father': "Father's Day", 'independence': 'Independence Day', 'labor': 'Labor Day', 'halloween': 'Halloween', 'veteran': "Veteran's Day", 'thanksgiving': 'Thanksgiving', 'christmas': 'Christmas', 'aapi': 'Asian American & Pacific Islander Heritage Month', 'disabilities': 'Day of Persons with Disabilities', 'black_history': 'Black History Month', 'lgbtq': 'LGBTQ+ Pride Month', 'latinx': 'Latinx Heritage Month', 'women': "Women's History Month"} |
[2025-07-01 09:54:18,012] [meta.py:1257]              [DEBUG]    | Exclude: ['christmas', 'easter', 'halloween', 'latinx', 'women']                                   |
[2025-07-01 09:54:18,012] [meta.py:1258]              [DEBUG]    | Exclude Final: ['christmas', 'easter', 'halloween', 'latinx', 'women']                             |
[2025-07-01 09:54:18,012] [meta.py:1259]              [DEBUG]    | Addons: {}                                                                                         |
[2025-07-01 09:54:18,012] [meta.py:1260]              [DEBUG]    | Template: ['holiday', 'shared', 'arr']                                                             |
[2025-07-01 09:54:18,012] [meta.py:1261]              [DEBUG]    | Other Template: ['holiday', 'shared', 'arr']                                                       |
[2025-07-01 09:54:18,012] [meta.py:1262]              [DEBUG]    | Library Variables: {'emoji': '', 'schedule_easter': 'range(03/20-04/05)', 'schedule_independence': 'range(06/28-07/05)', 'schedule_labor': 'range(09/01-09/05)', 'schedule_thanksgiving': 'range(11/01-11/24)', 'schedule_veteran': 'range(11/01-11/12)', 'schedule_valentine': 'range(02/05-02/15)', 'exclude': ['christmas', 'easter', 'halloween', 'latinx', 'women']} |
[2025-07-01 09:54:18,013] [meta.py:1263]              [DEBUG]    | Template Variables: {'emoji': {'years': '', 'valentine': '', 'patrick': '', 'easter': '', 'mother': '', 'memorial': '', 'father': '', 'independence': '', 'labor': '', 'halloween': '', 'veteran': '', 'thanksgiving': '', 'christmas': '', 'aapi': '', 'disabilities': '', 'lgbtq': '', 'latinx': '', 'women': '', 'black_history': ''}, 'schedule': {'years': 'range(12/26-01/04)', 'valentine': 'range(02/01-02/29)', 'patrick': 'range(03/01-03/18)', 'easter': 'range(03/20-04/30)', 'mother': 'range(05/05-05/10)', 'memorial': 'range(5/18-6/7)', 'father': 'range(06/15-06/20)', 'independence': 'range(06/23-07/11)', 'labor': 'range(09/01-09/10)', 'halloween': 'range(10/01-10/31)', 'veteran': 'range(11/01-11/30)', 'thanksgiving': 'range(11/01-11/30)', 'christmas': 'range(12/01-12/31)', 'aapi': 'range(04/30-05/31)', 'disabilities': 'range(12/02-12/04)', 'black_history': 'range(02/01-03/01)', 'lgbtq': 'range(05/31-06/30)', 'latinx': 'range(09/15-10/15)', 'women': 'range(02/28-03/31)'}, 'imdb_search': {'years': {'list.any': 'ls066838460', 'limit': 500}, 'black_history': {'list.any': 'ls023525790', 'limit': 500}, 'disabilities': {'keyword.any': 'disability', 'limit': 500}, 'valentine': {'list.any': ['ls032692441', 'ls000094398', 'ls057783436', 'ls064427905'], 'limit': 500}, 'patrick': {'list.any': 'ls067580975', 'limit': 500}, 'easter': {'list.any': ['ls062665509', 'ls051733651'], 'limit': 500}, 'mother': {'keyword.any': 'motherhood, pregnancy', 'limit': 500}, 'memorial': {'list.any': 'ls526590990', 'limit': 500}, 'father': {'keyword.any': 'fatherhood', 'limit': 500}, 'independence': {'list.any': ['ls561449172', 'ls541213215', 'ls068664510', 'ls080925875'], 'limit': 500}, 'labor': {'list.any': 'ls002014923', 'limit': 500}, 'lgbtq': {'list.any': 'ls080580859', 'limit': 500}, 'halloween': {'list.any': ['ls546214737', 'ls023118929', 'ls000099714'], 'limit': 500}, 'veteran': {'list.any': ['ls526590990', 'ls565595526'], 'limit': 500}, 'thanksgiving': {'keyword.any': 'thanksgiving', 'limit': 500}, 'women': {'type': 'movie', 'keyword.any': "women in film, women's rights, women's suffrage, womens rights, womens suffrage", 'sort_by': 'rating.desc', 'limit': 500}}, 'tmdb_collection': {'halloween': [185103, 11716, 750822, 313086, 91361, 8581, 1733, 8091, 2980, 751156]}, 'tmdb_movie': {'halloween': [23437]}, 'mdblist_list': {'aapi': ['https://mdblist.com/lists/k0meta/asian-american-pacific-islander-heritage-month'], 'christmas': ['https://mdblist.com/lists/k0meta/external/46597'], 'disabilities': ['https://mdblist.com/lists/k0meta/day-of-persons-with-disabilities'], 'lgbtq': ['https://mdblist.com/lists/k0meta/lgbtq-pride-month'], 'latinx': ['https://mdblist.com/lists/k0meta/latinx-heritage-month']}, 'letterboxd_list': {'black_history': ['https://letterboxd.com/mardarrius/list/black-is-beautiful/']}, 'delete_collections_named': {'years': "🎊 New Year's Day Movies", 'valentine': "💘 Valentine's Day Movies", 'patrick': "☘ St. Patrick's Day Movies", 'easter': '🐰 Easter Movies', 'mother': "🤱 Mother's Day Movies", 'memorial': '🪖 Memorial Day Movies', 'father': "👨 Father's Day Movies", 'independence': '🎆 Independence Day Movies', 'labor': '⚒ Labor Day Movies', 'halloween': '🎃 Halloween Movies', 'veteran': "🎖 Veteran's Day Movies", 'thanksgiving': '🦃 Thanksgiving Movies', 'christmas': '🎅 Christmas Movies', 'aapi': '🌊🌺 Asian American Pacific Islander Movies', 'disabilities': '♿ Disability Month Movies', 'black_history': '✊ 🏿 Black History Month Movies', 'lgbtq': 'L🏳️\u200d🌈 LGBTQ Month Movies', 'latinx': '🪅 National Hispanic Heritage Movies', 'women': "🚺 Women's History Month Movies"}, 'visible_home': {'default': True}, 'visible_shared': {'default': True}, 'image': {'default': 'seasonal/<<key>>'}, 'translation_key': {'default': 'seasonal'}} |
[2025-07-01 09:54:18,013] [meta.py:1264]              [DEBUG]    | Remove Prefix: []                                                                                  |
[2025-07-01 09:54:18,013] [meta.py:1265]              [DEBUG]    | Remove Suffix: []                                                                                  |
[2025-07-01 09:54:18,013] [meta.py:1266]              [DEBUG]    | Title Format: <<key_name>> Movies                                                                  |
[2025-07-01 09:54:18,013] [meta.py:1267]              [DEBUG]    | Key Name Override: {}                                                                              |
[2025-07-01 09:54:18,013] [meta.py:1268]              [DEBUG]    | Title Override: {}                                                                                 |
[2025-07-01 09:54:18,013] [meta.py:1269]              [DEBUG]    | Custom Keys: True                                                                                  |
[2025-07-01 09:54:18,013] [meta.py:1270]              [DEBUG]    | Test: False                                                                                        |
[2025-07-01 09:54:18,013] [meta.py:1271]              [DEBUG]    | Sync: {}                                                                                           |
[2025-07-01 09:54:18,013] [meta.py:1272]              [DEBUG]    | Include: []                                                                                        |
[2025-07-01 09:54:18,013] [meta.py:1273]              [DEBUG]    | Other Name: None                                                                                   |
[2025-07-01 09:54:18,013] [meta.py:1274]              [DEBUG]    | All Keys: dict_keys(['years', 'valentine', 'patrick', 'easter', 'mother', 'memorial', 'father', 'independence', 'labor', 'halloween', 'veteran', 'thanksgiving', 'christmas', 'aapi', 'disabilities', 'black_history', 'lgbtq', 'latinx', 'women']) |
[2025-07-01 09:54:18,013] [meta.py:1277]              [DEBUG]    | Keys (Title):                                                                                      |
[2025-07-01 09:54:18,013] [meta.py:1279]              [DEBUG]    |   - years (New Year's Day)                                                                         |
[2025-07-01 09:54:18,013] [meta.py:1279]              [DEBUG]    |   - valentine (Valentine's Day)                                                                    |
[2025-07-01 09:54:18,013] [meta.py:1279]              [DEBUG]    |   - patrick (St. Patrick's Day)                                                                    |
[2025-07-01 09:54:18,013] [meta.py:1279]              [DEBUG]    |   - mother (Mother's Day)                                                                          |
[2025-07-01 09:54:18,013] [meta.py:1279]              [DEBUG]    |   - memorial (Memorial Day)                                                                        |
[2025-07-01 09:54:18,013] [meta.py:1279]              [DEBUG]    |   - father (Father's Day)                                                                          |
[2025-07-01 09:54:18,013] [meta.py:1279]              [DEBUG]    |   - independence (Independence Day)                                                                |
[2025-07-01 09:54:18,013] [meta.py:1279]              [DEBUG]    |   - labor (Labor Day)                                                                              |
[2025-07-01 09:54:18,013] [meta.py:1279]              [DEBUG]    |   - veteran (Veteran's Day)                                                                        |
[2025-07-01 09:54:18,013] [meta.py:1279]              [DEBUG]    |   - thanksgiving (Thanksgiving)                                                                    |
[2025-07-01 09:54:18,013] [meta.py:1279]              [DEBUG]    |   - aapi (Asian American & Pacific Islander Heritage Month)                                        |
[2025-07-01 09:54:18,013] [meta.py:1279]              [DEBUG]    |   - disabilities (Day of Persons with Disabilities)                                                |
[2025-07-01 09:54:18,013] [meta.py:1279]              [DEBUG]    |   - black_history (Black History Month)                                                            |
[2025-07-01 09:54:18,013] [meta.py:1279]              [DEBUG]    |   - lgbtq (LGBTQ+ Pride Month)                                                                     |
[2025-07-01 09:54:18,013] [meta.py:1322]              [WARNING]  | Config Warning: Skipping duplicate collection: New Year's Day Movies                               |
[2025-07-01 09:54:18,013] [meta.py:1322]              [WARNING]  | Config Warning: Skipping duplicate collection: Valentine's Day Movies                              |
[2025-07-01 09:54:18,013] [meta.py:1324]              [INFO]     | [{'value': ['patrick'], 'custom': ['patrick'], 'key_name': "St. Patrick's Day", 'key': 'patrick', 'emoji': '', 'schedule': 'range(03/01-03/18)', 'imdb_search': {'list.any': 'ls067580975', 'limit': 500}, 'delete_collections_named': "☘ St. Patrick's Day Movies", 'visible_home': True, 'visible_shared': True, 'image': 'seasonal/<<key>>', 'translation_key': 'seasonal', 'name': 'holiday'}, {'value': ['patrick'], 'custom': ['patrick'], 'key_name': "St. Patrick's Day", 'key': 'patrick', 'emoji': '', 'schedule': 'range(03/01-03/18)', 'imdb_search': {'list.any': 'ls067580975', 'limit': 500}, 'delete_collections_named': "☘ St. Patrick's Day Movies", 'visible_home': True, 'visible_shared': True, 'image': 'seasonal/<<key>>', 'translation_key': 'seasonal', 'name': 'shared'}, {'value': ['patrick'], 'custom': ['patrick'], 'key_name': "St. Patrick's Day", 'key': 'patrick', 'emoji': '', 'schedule': 'range(03/01-03/18)', 'imdb_search': {'list.any': 'ls067580975', 'limit': 500}, 'delete_collections_named': "☘ St. Patrick's Day Movies", 'visible_home': True, 'visible_shared': True, 'image': 'seasonal/<<key>>', 'translation_key': 'seasonal', 'name': 'arr'}] |
[2025-07-01 09:54:18,013] [meta.py:1324]              [INFO]     | [{'value': ['mother'], 'custom': ['mother'], 'key_name': "Mother's Day", 'key': 'mother', 'emoji': '', 'schedule': 'range(05/05-05/10)', 'imdb_search': {'keyword.any': 'motherhood, pregnancy', 'limit': 500}, 'delete_collections_named': "🤱 Mother's Day Movies", 'visible_home': True, 'visible_shared': True, 'image': 'seasonal/<<key>>', 'translation_key': 'seasonal', 'name': 'holiday'}, {'value': ['mother'], 'custom': ['mother'], 'key_name': "Mother's Day", 'key': 'mother', 'emoji': '', 'schedule': 'range(05/05-05/10)', 'imdb_search': {'keyword.any': 'motherhood, pregnancy', 'limit': 500}, 'delete_collections_named': "🤱 Mother's Day Movies", 'visible_home': True, 'visible_shared': True, 'image': 'seasonal/<<key>>', 'translation_key': 'seasonal', 'name': 'shared'}, {'value': ['mother'], 'custom': ['mother'], 'key_name': "Mother's Day", 'key': 'mother', 'emoji': '', 'schedule': 'range(05/05-05/10)', 'imdb_search': {'keyword.any': 'motherhood, pregnancy', 'limit': 500}, 'delete_collections_named': "🤱 Mother's Day Movies", 'visible_home': True, 'visible_shared': True, 'image': 'seasonal/<<key>>', 'translation_key': 'seasonal', 'name': 'arr'}] |
[2025-07-01 09:54:18,013] [meta.py:1324]              [INFO]     | [{'value': ['memorial'], 'custom': ['memorial'], 'key_name': 'Memorial Day', 'key': 'memorial', 'emoji': '', 'schedule': 'range(5/18-6/7)', 'imdb_search': {'list.any': 'ls526590990', 'limit': 500}, 'delete_collections_named': '🪖 Memorial Day Movies', 'visible_home': True, 'visible_shared': True, 'image': 'seasonal/<<key>>', 'translation_key': 'seasonal', 'name': 'holiday'}, {'value': ['memorial'], 'custom': ['memorial'], 'key_name': 'Memorial Day', 'key': 'memorial', 'emoji': '', 'schedule': 'range(5/18-6/7)', 'imdb_search': {'list.any': 'ls526590990', 'limit': 500}, 'delete_collections_named': '🪖 Memorial Day Movies', 'visible_home': True, 'visible_shared': True, 'image': 'seasonal/<<key>>', 'translation_key': 'seasonal', 'name': 'shared'}, {'value': ['memorial'], 'custom': ['memorial'], 'key_name': 'Memorial Day', 'key': 'memorial', 'emoji': '', 'schedule': 'range(5/18-6/7)', 'imdb_search': {'list.any': 'ls526590990', 'limit': 500}, 'delete_collections_named': '🪖 Memorial Day Movies', 'visible_home': True, 'visible_shared': True, 'image': 'seasonal/<<key>>', 'translation_key': 'seasonal', 'name': 'arr'}] |
[2025-07-01 09:54:18,013] [meta.py:1324]              [INFO]     | [{'value': ['father'], 'custom': ['father'], 'key_name': "Father's Day", 'key': 'father', 'emoji': '', 'schedule': 'range(06/15-06/20)', 'imdb_search': {'keyword.any': 'fatherhood', 'limit': 500}, 'delete_collections_named': "👨 Father's Day Movies", 'visible_home': True, 'visible_shared': True, 'image': 'seasonal/<<key>>', 'translation_key': 'seasonal', 'name': 'holiday'}, {'value': ['father'], 'custom': ['father'], 'key_name': "Father's Day", 'key': 'father', 'emoji': '', 'schedule': 'range(06/15-06/20)', 'imdb_search': {'keyword.any': 'fatherhood', 'limit': 500}, 'delete_collections_named': "👨 Father's Day Movies", 'visible_home': True, 'visible_shared': True, 'image': 'seasonal/<<key>>', 'translation_key': 'seasonal', 'name': 'shared'}, {'value': ['father'], 'custom': ['father'], 'key_name': "Father's Day", 'key': 'father', 'emoji': '', 'schedule': 'range(06/15-06/20)', 'imdb_search': {'keyword.any': 'fatherhood', 'limit': 500}, 'delete_collections_named': "👨 Father's Day Movies", 'visible_home': True, 'visible_shared': True, 'image': 'seasonal/<<key>>', 'translation_key': 'seasonal', 'name': 'arr'}] |
[2025-07-01 09:54:18,013] [meta.py:1324]              [INFO]     | [{'value': ['independence'], 'custom': ['independence'], 'key_name': 'Independence Day', 'key': 'independence', 'emoji': '', 'schedule': 'range(06/23-07/11)', 'imdb_search': {'list.any': ['ls561449172', 'ls541213215', 'ls068664510', 'ls080925875'], 'limit': 500}, 'delete_collections_named': '🎆 Independence Day Movies', 'visible_home': True, 'visible_shared': True, 'image': 'seasonal/<<key>>', 'translation_key': 'seasonal', 'name': 'holiday'}, {'value': ['independence'], 'custom': ['independence'], 'key_name': 'Independence Day', 'key': 'independence', 'emoji': '', 'schedule': 'range(06/23-07/11)', 'imdb_search': {'list.any': ['ls561449172', 'ls541213215', 'ls068664510', 'ls080925875'], 'limit': 500}, 'delete_collections_named': '🎆 Independence Day Movies', 'visible_home': True, 'visible_shared': True, 'image': 'seasonal/<<key>>', 'translation_key': 'seasonal', 'name': 'shared'}, {'value': ['independence'], 'custom': ['independence'], 'key_name': 'Independence Day', 'key': 'independence', 'emoji': '', 'schedule': 'range(06/23-07/11)', 'imdb_search': {'list.any': ['ls561449172', 'ls541213215', 'ls068664510', 'ls080925875'], 'limit': 500}, 'delete_collections_named': '🎆 Independence Day Movies', 'visible_home': True, 'visible_shared': True, 'image': 'seasonal/<<key>>', 'translation_key': 'seasonal', 'name': 'arr'}] |
[2025-07-01 09:54:18,013] [meta.py:1324]              [INFO]     | [{'value': ['labor'], 'custom': ['labor'], 'key_name': 'Labor Day', 'key': 'labor', 'emoji': '', 'schedule': 'range(09/01-09/10)', 'imdb_search': {'list.any': 'ls002014923', 'limit': 500}, 'delete_collections_named': '⚒ Labor Day Movies', 'visible_home': True, 'visible_shared': True, 'image': 'seasonal/<<key>>', 'translation_key': 'seasonal', 'name': 'holiday'}, {'value': ['labor'], 'custom': ['labor'], 'key_name': 'Labor Day', 'key': 'labor', 'emoji': '', 'schedule': 'range(09/01-09/10)', 'imdb_search': {'list.any': 'ls002014923', 'limit': 500}, 'delete_collections_named': '⚒ Labor Day Movies', 'visible_home': True, 'visible_shared': True, 'image': 'seasonal/<<key>>', 'translation_key': 'seasonal', 'name': 'shared'}, {'value': ['labor'], 'custom': ['labor'], 'key_name': 'Labor Day', 'key': 'labor', 'emoji': '', 'schedule': 'range(09/01-09/10)', 'imdb_search': {'list.any': 'ls002014923', 'limit': 500}, 'delete_collections_named': '⚒ Labor Day Movies', 'visible_home': True, 'visible_shared': True, 'image': 'seasonal/<<key>>', 'translation_key': 'seasonal', 'name': 'arr'}] |
[2025-07-01 09:54:18,013] [meta.py:1324]              [INFO]     | [{'value': ['veteran'], 'custom': ['veteran'], 'key_name': "Veteran's Day", 'key': 'veteran', 'emoji': '', 'schedule': 'range(11/01-11/30)', 'imdb_search': {'list.any': ['ls526590990', 'ls565595526'], 'limit': 500}, 'delete_collections_named': "🎖 Veteran's Day Movies", 'visible_home': True, 'visible_shared': True, 'image': 'seasonal/<<key>>', 'translation_key': 'seasonal', 'name': 'holiday'}, {'value': ['veteran'], 'custom': ['veteran'], 'key_name': "Veteran's Day", 'key': 'veteran', 'emoji': '', 'schedule': 'range(11/01-11/30)', 'imdb_search': {'list.any': ['ls526590990', 'ls565595526'], 'limit': 500}, 'delete_collections_named': "🎖 Veteran's Day Movies", 'visible_home': True, 'visible_shared': True, 'image': 'seasonal/<<key>>', 'translation_key': 'seasonal', 'name': 'shared'}, {'value': ['veteran'], 'custom': ['veteran'], 'key_name': "Veteran's Day", 'key': 'veteran', 'emoji': '', 'schedule': 'range(11/01-11/30)', 'imdb_search': {'list.any': ['ls526590990', 'ls565595526'], 'limit': 500}, 'delete_collections_named': "🎖 Veteran's Day Movies", 'visible_home': True, 'visible_shared': True, 'image': 'seasonal/<<key>>', 'translation_key': 'seasonal', 'name': 'arr'}] |
[2025-07-01 09:54:18,013] [meta.py:1322]              [WARNING]  | Config Warning: Skipping duplicate collection: Thanksgiving Movies                                 |
[2025-07-01 09:54:18,013] [meta.py:1324]              [INFO]     | [{'value': ['aapi'], 'custom': ['aapi'], 'key_name': 'Asian American & Pacific Islander Heritage Month', 'key': 'aapi', 'emoji': '', 'schedule': 'range(04/30-05/31)', 'mdblist_list': ['https://mdblist.com/lists/k0meta/asian-american-pacific-islander-heritage-month'], 'delete_collections_named': '🌊🌺 Asian American Pacific Islander Movies', 'visible_home': True, 'visible_shared': True, 'image': 'seasonal/<<key>>', 'translation_key': 'seasonal', 'name': 'holiday'}, {'value': ['aapi'], 'custom': ['aapi'], 'key_name': 'Asian American & Pacific Islander Heritage Month', 'key': 'aapi', 'emoji': '', 'schedule': 'range(04/30-05/31)', 'mdblist_list': ['https://mdblist.com/lists/k0meta/asian-american-pacific-islander-heritage-month'], 'delete_collections_named': '🌊🌺 Asian American Pacific Islander Movies', 'visible_home': True, 'visible_shared': True, 'image': 'seasonal/<<key>>', 'translation_key': 'seasonal', 'name': 'shared'}, {'value': ['aapi'], 'custom': ['aapi'], 'key_name': 'Asian American & Pacific Islander Heritage Month', 'key': 'aapi', 'emoji': '', 'schedule': 'range(04/30-05/31)', 'mdblist_list': ['https://mdblist.com/lists/k0meta/asian-american-pacific-islander-heritage-month'], 'delete_collections_named': '🌊🌺 Asian American Pacific Islander Movies', 'visible_home': True, 'visible_shared': True, 'image': 'seasonal/<<key>>', 'translation_key': 'seasonal', 'name': 'arr'}] |
[2025-07-01 09:54:18,013] [meta.py:1324]              [INFO]     | [{'value': ['disabilities'], 'custom': ['disabilities'], 'key_name': 'Day of Persons with Disabilities', 'key': 'disabilities', 'emoji': '', 'schedule': 'range(12/02-12/04)', 'imdb_search': {'keyword.any': 'disability', 'limit': 500}, 'mdblist_list': ['https://mdblist.com/lists/k0meta/day-of-persons-with-disabilities'], 'delete_collections_named': '♿ Disability Month Movies', 'visible_home': True, 'visible_shared': True, 'image': 'seasonal/<<key>>', 'translation_key': 'seasonal', 'name': 'holiday'}, {'value': ['disabilities'], 'custom': ['disabilities'], 'key_name': 'Day of Persons with Disabilities', 'key': 'disabilities', 'emoji': '', 'schedule': 'range(12/02-12/04)', 'imdb_search': {'keyword.any': 'disability', 'limit': 500}, 'mdblist_list': ['https://mdblist.com/lists/k0meta/day-of-persons-with-disabilities'], 'delete_collections_named': '♿ Disability Month Movies', 'visible_home': True, 'visible_shared': True, 'image': 'seasonal/<<key>>', 'translation_key': 'seasonal', 'name': 'shared'}, {'value': ['disabilities'], 'custom': ['disabilities'], 'key_name': 'Day of Persons with Disabilities', 'key': 'disabilities', 'emoji': '', 'schedule': 'range(12/02-12/04)', 'imdb_search': {'keyword.any': 'disability', 'limit': 500}, 'mdblist_list': ['https://mdblist.com/lists/k0meta/day-of-persons-with-disabilities'], 'delete_collections_named': '♿ Disability Month Movies', 'visible_home': True, 'visible_shared': True, 'image': 'seasonal/<<key>>', 'translation_key': 'seasonal', 'name': 'arr'}] |
[2025-07-01 09:54:18,013] [meta.py:1324]              [INFO]     | [{'value': ['black_history'], 'custom': ['black_history'], 'key_name': 'Black History Month', 'key': 'black_history', 'emoji': '', 'schedule': 'range(02/01-03/01)', 'imdb_search': {'list.any': 'ls023525790', 'limit': 500}, 'letterboxd_list': ['https://letterboxd.com/mardarrius/list/black-is-beautiful/'], 'delete_collections_named': '✊ 🏿 Black History Month Movies', 'visible_home': True, 'visible_shared': True, 'image': 'seasonal/<<key>>', 'translation_key': 'seasonal', 'name': 'holiday'}, {'value': ['black_history'], 'custom': ['black_history'], 'key_name': 'Black History Month', 'key': 'black_history', 'emoji': '', 'schedule': 'range(02/01-03/01)', 'imdb_search': {'list.any': 'ls023525790', 'limit': 500}, 'letterboxd_list': ['https://letterboxd.com/mardarrius/list/black-is-beautiful/'], 'delete_collections_named': '✊ 🏿 Black History Month Movies', 'visible_home': True, 'visible_shared': True, 'image': 'seasonal/<<key>>', 'translation_key': 'seasonal', 'name': 'shared'}, {'value': ['black_history'], 'custom': ['black_history'], 'key_name': 'Black History Month', 'key': 'black_history', 'emoji': '', 'schedule': 'range(02/01-03/01)', 'imdb_search': {'list.any': 'ls023525790', 'limit': 500}, 'letterboxd_list': ['https://letterboxd.com/mardarrius/list/black-is-beautiful/'], 'delete_collections_named': '✊ 🏿 Black History Month Movies', 'visible_home': True, 'visible_shared': True, 'image': 'seasonal/<<key>>', 'translation_key': 'seasonal', 'name': 'arr'}] |
[2025-07-01 09:54:18,013] [meta.py:1324]              [INFO]     | [{'value': ['lgbtq'], 'custom': ['lgbtq'], 'key_name': 'LGBTQ+ Pride Month', 'key': 'lgbtq', 'emoji': '', 'schedule': 'range(05/31-06/30)', 'imdb_search': {'list.any': 'ls080580859', 'limit': 500}, 'mdblist_list': ['https://mdblist.com/lists/k0meta/lgbtq-pride-month'], 'delete_collections_named': 'L🏳️\u200d🌈 LGBTQ Month Movies', 'visible_home': True, 'visible_shared': True, 'image': 'seasonal/<<key>>', 'translation_key': 'seasonal', 'name': 'holiday'}, {'value': ['lgbtq'], 'custom': ['lgbtq'], 'key_name': 'LGBTQ+ Pride Month', 'key': 'lgbtq', 'emoji': '', 'schedule': 'range(05/31-06/30)', 'imdb_search': {'list.any': 'ls080580859', 'limit': 500}, 'mdblist_list': ['https://mdblist.com/lists/k0meta/lgbtq-pride-month'], 'delete_collections_named': 'L🏳️\u200d🌈 LGBTQ Month Movies', 'visible_home': True, 'visible_shared': True, 'image': 'seasonal/<<key>>', 'translation_key': 'seasonal', 'name': 'shared'}, {'value': ['lgbtq'], 'custom': ['lgbtq'], 'key_name': 'LGBTQ+ Pride Month', 'key': 'lgbtq', 'emoji': '', 'schedule': 'range(05/31-06/30)', 'imdb_search': {'list.any': 'ls080580859', 'limit': 500}, 'mdblist_list': ['https://mdblist.com/lists/k0meta/lgbtq-pride-month'], 'delete_collections_named': 'L🏳️\u200d🌈 LGBTQ Month Movies', 'visible_home': True, 'visible_shared': True, 'image': 'seasonal/<<key>>', 'translation_key': 'seasonal', 'name': 'arr'}] |
[2025-07-01 09:54:18,014] [meta.py:1374]              [INFO]     |                                                                                                    |
[2025-07-01 09:54:18,014] [meta.py:1375]              [INFO]     | Collection File Loaded Successfully                                                                |
[2025-07-01 09:54:18,014] [meta.py:71]                [INFO]     |                                                                                                    |
[2025-07-01 09:54:18,014] [meta.py:72]                [INFO]     |====================================================================================================|
[2025-07-01 09:54:18,014] [meta.py:72]                [INFO]     |                             Loading Collection File Default: tautulli                              |
[2025-07-01 09:54:18,014] [meta.py:72]                [INFO]     |====================================================================================================|
[2025-07-01 09:54:18,014] [meta.py:73]                [INFO]     |                                                                                                    |
[2025-07-01 09:54:18,017] [meta.py:165]               [DEBUG]    | File Loaded From: /Volumes/MacOS/Servers/Kometa/defaults/chart/tautulli.yml                        |
[2025-07-01 09:54:18,017] [util.py:324]               [INFO]     |                                                                                                    |
[2025-07-01 09:54:18,017] [util.py:329]               [INFO]     | Reading default: templates                                                                         |
[2025-07-01 09:54:18,017] [util.py:368]               [INFO]     | Template Variables: {'collection_section': '020', 'image': 'chart/<<style>>/<<mapping_name_encoded>>'} |
[2025-07-01 09:54:18,031] [meta.py:165]               [DEBUG]    | File Loaded From: /Volumes/MacOS/Servers/Kometa/defaults/templates.yml                             |
[2025-07-01 09:54:18,031] [meta.py:1374]              [INFO]     |                                                                                                    |
[2025-07-01 09:54:18,031] [meta.py:1375]              [INFO]     | Collection File Loaded Successfully                                                                |
[2025-07-01 09:54:18,031] [meta.py:71]                [INFO]     |                                                                                                    |
[2025-07-01 09:54:18,031] [meta.py:72]                [INFO]     |====================================================================================================|
[2025-07-01 09:54:18,031] [meta.py:72]                [INFO]     |                             Loading Collection File Default: universe                              |
[2025-07-01 09:54:18,031] [meta.py:72]                [INFO]     |====================================================================================================|
[2025-07-01 09:54:18,031] [meta.py:73]                [INFO]     |                                                                                                    |
[2025-07-01 09:54:18,037] [meta.py:165]               [DEBUG]    | File Loaded From: /Volumes/MacOS/Servers/Kometa/defaults/both/universe.yml                         |
[2025-07-01 09:54:18,037] [util.py:324]               [INFO]     |                                                                                                    |
[2025-07-01 09:54:18,037] [util.py:329]               [INFO]     | Reading default: templates                                                                         |
[2025-07-01 09:54:18,037] [util.py:368]               [INFO]     | Template Variables: {'collection_section': '040'}                                                  |
[2025-07-01 09:54:18,051] [meta.py:165]               [DEBUG]    | File Loaded From: /Volumes/MacOS/Servers/Kometa/defaults/templates.yml                             |
[2025-07-01 09:54:18,051] [meta.py:788]               [INFO]     |                                                                                                    |
[2025-07-01 09:54:18,051] [meta.py:789]               [INFO]     |======================== Building Universe Collections Dynamic Collections =========================|
[2025-07-01 09:54:18,051] [meta.py:790]               [INFO]     |                                                                                                    |
[2025-07-01 09:54:18,051] [meta.py:1254]              [DEBUG]    | Mapping Name: Universe Collections                                                                 |
[2025-07-01 09:54:18,052] [meta.py:1255]              [DEBUG]    | Type: custom                                                                                       |
[2025-07-01 09:54:18,052] [meta.py:1256]              [DEBUG]    | Data: {'avp': 'Alien / Predator', 'arrow': 'Arrowverse', 'askew': 'View Askewniverse', 'dca': 'DC Animated Universe', 'dcu': 'DC Universe', 'fast': 'Fast & Furious', 'marvel': 'In Association With Marvel', 'mcu': 'Marvel Cinematic Universe', 'middle': 'Middle Earth', 'rocky': 'Rocky / Creed', 'trek': 'Star Trek Universe', 'star': 'Star Wars Saga', 'mummy': 'The Mummy Universe', 'wizard': 'Wizarding World', 'xmen': 'X-Men Collection'} |
[2025-07-01 09:54:18,052] [meta.py:1257]              [DEBUG]    | Exclude: ['marvel', 'mummy', 'rocky']                                                              |
[2025-07-01 09:54:18,052] [meta.py:1258]              [DEBUG]    | Exclude Final: ['marvel', 'mummy', 'rocky']                                                        |
[2025-07-01 09:54:18,052] [meta.py:1259]              [DEBUG]    | Addons: {}                                                                                         |
[2025-07-01 09:54:18,052] [meta.py:1260]              [DEBUG]    | Template: ['universe', 'arr', 'custom', 'shared']                                                  |
[2025-07-01 09:54:18,052] [meta.py:1261]              [DEBUG]    | Other Template: ['universe', 'arr', 'custom', 'shared']                                            |
[2025-07-01 09:54:18,052] [meta.py:1262]              [DEBUG]    | Library Variables: {'trakt_list_avp': 'https://trakt.tv/users/oldmankestis/lists/alien-predator', 'trakt_list_mcu': 'https://trakt.tv/users/oldmankestis/lists/marvel-cinematic-universe', 'trakt_list_star': 'https://trakt.tv/users/oldmankestis/lists/star-wars', 'trakt_list_trek': 'https://trakt.tv/users/oldmankestis/lists/star-trek', 'trakt_list_xmen': 'https://trakt.tv/users/oldmankestis/lists/x-men-collection', 'summary_mcu': 'The Marvel Cinematic Universe (MCU) is an American media franchise and shared universe centered on a series of superhero films produced by Marvel Studios. Sorted in chronological order.', 'summary_xmen': 'The X-Men Collection. Sorted in chronological order.', 'minimum_items': 3, 'append_data': {'star': 'Star Wars Saga', 'trek': 'Star Trek Universe', 'xmen': 'X-Men Collection'}, 'exclude': ['marvel', 'mummy', 'rocky'], 'collection_section': '106'} |
[2025-07-01 09:54:18,052] [meta.py:1263]              [DEBUG]    | Template Variables: {'allowed_libraries': {'avp': 'movie', 'wizard': 'movie', 'fast': 'movie', 'rocky': 'movie', 'mummy': 'movie'}, 'imdb_url': {'arrow': 'https://www.imdb.com/list/ls566667558/', 'avp': 'https://www.imdb.com/list/ls543971628/', 'dca': 'https://www.imdb.com/list/ls590606031/', 'dcu': 'https://www.imdb.com/list/ls524274984/', 'mcu': 'https://www.imdb.com/list/ls539646485/', 'star': 'https://www.imdb.com/list/ls501373412/', 'trek': 'https://www.imdb.com/list/ls547463722/', 'xmen': 'https://www.imdb.com/list/ls567618635/'}, 'mdblist_url': {'fast': 'https://mdblist.com/lists/k0meta/external/9246', 'marvel': 'https://mdblist.com/lists/k0meta/external/15110', 'middle': 'https://mdblist.com/lists/k0meta/external/46550', 'mummy': 'https://mdblist.com/lists/k0meta/external/9249', 'rocky': 'https://mdblist.com/lists/k0meta/external/9248', 'askew': 'https://mdblist.com/lists/k0meta/external/15362', 'wizard': 'https://mdblist.com/lists/k0meta/external/23683'}, 'image': {'default': 'universe/<<key>>'}, 'delete_collections_named': {'dcu': 'DC Extended Universe'}} |
[2025-07-01 09:54:18,052] [meta.py:1264]              [DEBUG]    | Remove Prefix: []                                                                                  |
[2025-07-01 09:54:18,052] [meta.py:1265]              [DEBUG]    | Remove Suffix: []                                                                                  |
[2025-07-01 09:54:18,052] [meta.py:1266]              [DEBUG]    | Title Format: <<key_name>>                                                                         |
[2025-07-01 09:54:18,052] [meta.py:1267]              [DEBUG]    | Key Name Override: {}                                                                              |
[2025-07-01 09:54:18,052] [meta.py:1268]              [DEBUG]    | Title Override: {}                                                                                 |
[2025-07-01 09:54:18,052] [meta.py:1269]              [DEBUG]    | Custom Keys: True                                                                                  |
[2025-07-01 09:54:18,052] [meta.py:1270]              [DEBUG]    | Test: False                                                                                        |
[2025-07-01 09:54:18,052] [meta.py:1271]              [DEBUG]    | Sync: {}                                                                                           |
[2025-07-01 09:54:18,052] [meta.py:1272]              [DEBUG]    | Include: []                                                                                        |
[2025-07-01 09:54:18,052] [meta.py:1273]              [DEBUG]    | Other Name: None                                                                                   |
[2025-07-01 09:54:18,052] [meta.py:1274]              [DEBUG]    | All Keys: dict_keys(['avp', 'arrow', 'askew', 'dca', 'dcu', 'fast', 'marvel', 'mcu', 'middle', 'rocky', 'trek', 'star', 'mummy', 'wizard', 'xmen']) |
[2025-07-01 09:54:18,052] [meta.py:1277]              [DEBUG]    | Keys (Title):                                                                                      |
[2025-07-01 09:54:18,052] [meta.py:1279]              [DEBUG]    |   - avp (Alien / Predator)                                                                         |
[2025-07-01 09:54:18,052] [meta.py:1279]              [DEBUG]    |   - arrow (Arrowverse)                                                                             |
[2025-07-01 09:54:18,052] [meta.py:1279]              [DEBUG]    |   - askew (View Askewniverse)                                                                      |
[2025-07-01 09:54:18,052] [meta.py:1279]              [DEBUG]    |   - dca (DC Animated Universe)                                                                     |
[2025-07-01 09:54:18,052] [meta.py:1279]              [DEBUG]    |   - dcu (DC Universe)                                                                              |
[2025-07-01 09:54:18,052] [meta.py:1279]              [DEBUG]    |   - fast (Fast & Furious)                                                                          |
[2025-07-01 09:54:18,052] [meta.py:1279]              [DEBUG]    |   - mcu (Marvel Cinematic Universe)                                                                |
[2025-07-01 09:54:18,052] [meta.py:1279]              [DEBUG]    |   - middle (Middle Earth)                                                                          |
[2025-07-01 09:54:18,052] [meta.py:1279]              [DEBUG]    |   - trek (Star Trek Universe)                                                                      |
[2025-07-01 09:54:18,052] [meta.py:1279]              [DEBUG]    |   - star (Star Wars Saga)                                                                          |
[2025-07-01 09:54:18,052] [meta.py:1279]              [DEBUG]    |   - wizard (Wizarding World)                                                                       |
[2025-07-01 09:54:18,052] [meta.py:1279]              [DEBUG]    |   - xmen (X-Men Collection)                                                                        |
[2025-07-01 09:54:18,052] [meta.py:1324]              [INFO]     | [{'value': ['avp'], 'custom': ['avp'], 'key_name': 'Alien / Predator', 'key': 'avp', 'allowed_libraries': 'movie', 'imdb_url': 'https://www.imdb.com/list/ls543971628/', 'image': 'universe/<<key>>', 'name': 'universe'}, {'value': ['avp'], 'custom': ['avp'], 'key_name': 'Alien / Predator', 'key': 'avp', 'allowed_libraries': 'movie', 'imdb_url': 'https://www.imdb.com/list/ls543971628/', 'image': 'universe/<<key>>', 'name': 'arr'}, {'value': ['avp'], 'custom': ['avp'], 'key_name': 'Alien / Predator', 'key': 'avp', 'allowed_libraries': 'movie', 'imdb_url': 'https://www.imdb.com/list/ls543971628/', 'image': 'universe/<<key>>', 'name': 'custom'}, {'value': ['avp'], 'custom': ['avp'], 'key_name': 'Alien / Predator', 'key': 'avp', 'allowed_libraries': 'movie', 'imdb_url': 'https://www.imdb.com/list/ls543971628/', 'image': 'universe/<<key>>', 'name': 'shared'}] |
[2025-07-01 09:54:18,052] [meta.py:1322]              [WARNING]  | Config Warning: Skipping duplicate collection: Arrowverse                                          |
[2025-07-01 09:54:18,052] [meta.py:1324]              [INFO]     | [{'value': ['askew'], 'custom': ['askew'], 'key_name': 'View Askewniverse', 'key': 'askew', 'mdblist_url': 'https://mdblist.com/lists/k0meta/external/15362', 'image': 'universe/<<key>>', 'name': 'universe'}, {'value': ['askew'], 'custom': ['askew'], 'key_name': 'View Askewniverse', 'key': 'askew', 'mdblist_url': 'https://mdblist.com/lists/k0meta/external/15362', 'image': 'universe/<<key>>', 'name': 'arr'}, {'value': ['askew'], 'custom': ['askew'], 'key_name': 'View Askewniverse', 'key': 'askew', 'mdblist_url': 'https://mdblist.com/lists/k0meta/external/15362', 'image': 'universe/<<key>>', 'name': 'custom'}, {'value': ['askew'], 'custom': ['askew'], 'key_name': 'View Askewniverse', 'key': 'askew', 'mdblist_url': 'https://mdblist.com/lists/k0meta/external/15362', 'image': 'universe/<<key>>', 'name': 'shared'}] |
[2025-07-01 09:54:18,052] [meta.py:1324]              [INFO]     | [{'value': ['dca'], 'custom': ['dca'], 'key_name': 'DC Animated Universe', 'key': 'dca', 'imdb_url': 'https://www.imdb.com/list/ls590606031/', 'image': 'universe/<<key>>', 'name': 'universe'}, {'value': ['dca'], 'custom': ['dca'], 'key_name': 'DC Animated Universe', 'key': 'dca', 'imdb_url': 'https://www.imdb.com/list/ls590606031/', 'image': 'universe/<<key>>', 'name': 'arr'}, {'value': ['dca'], 'custom': ['dca'], 'key_name': 'DC Animated Universe', 'key': 'dca', 'imdb_url': 'https://www.imdb.com/list/ls590606031/', 'image': 'universe/<<key>>', 'name': 'custom'}, {'value': ['dca'], 'custom': ['dca'], 'key_name': 'DC Animated Universe', 'key': 'dca', 'imdb_url': 'https://www.imdb.com/list/ls590606031/', 'image': 'universe/<<key>>', 'name': 'shared'}] |
[2025-07-01 09:54:18,052] [meta.py:1324]              [INFO]     | [{'value': ['dcu'], 'custom': ['dcu'], 'key_name': 'DC Universe', 'key': 'dcu', 'imdb_url': 'https://www.imdb.com/list/ls524274984/', 'image': 'universe/<<key>>', 'delete_collections_named': 'DC Extended Universe', 'name': 'universe'}, {'value': ['dcu'], 'custom': ['dcu'], 'key_name': 'DC Universe', 'key': 'dcu', 'imdb_url': 'https://www.imdb.com/list/ls524274984/', 'image': 'universe/<<key>>', 'delete_collections_named': 'DC Extended Universe', 'name': 'arr'}, {'value': ['dcu'], 'custom': ['dcu'], 'key_name': 'DC Universe', 'key': 'dcu', 'imdb_url': 'https://www.imdb.com/list/ls524274984/', 'image': 'universe/<<key>>', 'delete_collections_named': 'DC Extended Universe', 'name': 'custom'}, {'value': ['dcu'], 'custom': ['dcu'], 'key_name': 'DC Universe', 'key': 'dcu', 'imdb_url': 'https://www.imdb.com/list/ls524274984/', 'image': 'universe/<<key>>', 'delete_collections_named': 'DC Extended Universe', 'name': 'shared'}] |
[2025-07-01 09:54:18,052] [meta.py:1324]              [INFO]     | [{'value': ['fast'], 'custom': ['fast'], 'key_name': 'Fast & Furious', 'key': 'fast', 'allowed_libraries': 'movie', 'mdblist_url': 'https://mdblist.com/lists/k0meta/external/9246', 'image': 'universe/<<key>>', 'name': 'universe'}, {'value': ['fast'], 'custom': ['fast'], 'key_name': 'Fast & Furious', 'key': 'fast', 'allowed_libraries': 'movie', 'mdblist_url': 'https://mdblist.com/lists/k0meta/external/9246', 'image': 'universe/<<key>>', 'name': 'arr'}, {'value': ['fast'], 'custom': ['fast'], 'key_name': 'Fast & Furious', 'key': 'fast', 'allowed_libraries': 'movie', 'mdblist_url': 'https://mdblist.com/lists/k0meta/external/9246', 'image': 'universe/<<key>>', 'name': 'custom'}, {'value': ['fast'], 'custom': ['fast'], 'key_name': 'Fast & Furious', 'key': 'fast', 'allowed_libraries': 'movie', 'mdblist_url': 'https://mdblist.com/lists/k0meta/external/9246', 'image': 'universe/<<key>>', 'name': 'shared'}] |
[2025-07-01 09:54:18,052] [meta.py:1322]              [WARNING]  | Config Warning: Skipping duplicate collection: Marvel Cinematic Universe                           |
[2025-07-01 09:54:18,052] [meta.py:1324]              [INFO]     | [{'value': ['middle'], 'custom': ['middle'], 'key_name': 'Middle Earth', 'key': 'middle', 'mdblist_url': 'https://mdblist.com/lists/k0meta/external/46550', 'image': 'universe/<<key>>', 'name': 'universe'}, {'value': ['middle'], 'custom': ['middle'], 'key_name': 'Middle Earth', 'key': 'middle', 'mdblist_url': 'https://mdblist.com/lists/k0meta/external/46550', 'image': 'universe/<<key>>', 'name': 'arr'}, {'value': ['middle'], 'custom': ['middle'], 'key_name': 'Middle Earth', 'key': 'middle', 'mdblist_url': 'https://mdblist.com/lists/k0meta/external/46550', 'image': 'universe/<<key>>', 'name': 'custom'}, {'value': ['middle'], 'custom': ['middle'], 'key_name': 'Middle Earth', 'key': 'middle', 'mdblist_url': 'https://mdblist.com/lists/k0meta/external/46550', 'image': 'universe/<<key>>', 'name': 'shared'}] |
[2025-07-01 09:54:18,052] [meta.py:1324]              [INFO]     | [{'value': ['trek'], 'custom': ['trek'], 'key_name': 'Star Trek Universe', 'key': 'trek', 'imdb_url': 'https://www.imdb.com/list/ls547463722/', 'image': 'universe/<<key>>', 'name': 'universe'}, {'value': ['trek'], 'custom': ['trek'], 'key_name': 'Star Trek Universe', 'key': 'trek', 'imdb_url': 'https://www.imdb.com/list/ls547463722/', 'image': 'universe/<<key>>', 'name': 'arr'}, {'value': ['trek'], 'custom': ['trek'], 'key_name': 'Star Trek Universe', 'key': 'trek', 'imdb_url': 'https://www.imdb.com/list/ls547463722/', 'image': 'universe/<<key>>', 'name': 'custom'}, {'value': ['trek'], 'custom': ['trek'], 'key_name': 'Star Trek Universe', 'key': 'trek', 'imdb_url': 'https://www.imdb.com/list/ls547463722/', 'image': 'universe/<<key>>', 'name': 'shared'}] |
[2025-07-01 09:54:18,052] [meta.py:1324]              [INFO]     | [{'value': ['star'], 'custom': ['star'], 'key_name': 'Star Wars Saga', 'key': 'star', 'imdb_url': 'https://www.imdb.com/list/ls501373412/', 'image': 'universe/<<key>>', 'name': 'universe'}, {'value': ['star'], 'custom': ['star'], 'key_name': 'Star Wars Saga', 'key': 'star', 'imdb_url': 'https://www.imdb.com/list/ls501373412/', 'image': 'universe/<<key>>', 'name': 'arr'}, {'value': ['star'], 'custom': ['star'], 'key_name': 'Star Wars Saga', 'key': 'star', 'imdb_url': 'https://www.imdb.com/list/ls501373412/', 'image': 'universe/<<key>>', 'name': 'custom'}, {'value': ['star'], 'custom': ['star'], 'key_name': 'Star Wars Saga', 'key': 'star', 'imdb_url': 'https://www.imdb.com/list/ls501373412/', 'image': 'universe/<<key>>', 'name': 'shared'}] |
[2025-07-01 09:54:18,052] [meta.py:1324]              [INFO]     | [{'value': ['wizard'], 'custom': ['wizard'], 'key_name': 'Wizarding World', 'key': 'wizard', 'allowed_libraries': 'movie', 'mdblist_url': 'https://mdblist.com/lists/k0meta/external/23683', 'image': 'universe/<<key>>', 'name': 'universe'}, {'value': ['wizard'], 'custom': ['wizard'], 'key_name': 'Wizarding World', 'key': 'wizard', 'allowed_libraries': 'movie', 'mdblist_url': 'https://mdblist.com/lists/k0meta/external/23683', 'image': 'universe/<<key>>', 'name': 'arr'}, {'value': ['wizard'], 'custom': ['wizard'], 'key_name': 'Wizarding World', 'key': 'wizard', 'allowed_libraries': 'movie', 'mdblist_url': 'https://mdblist.com/lists/k0meta/external/23683', 'image': 'universe/<<key>>', 'name': 'custom'}, {'value': ['wizard'], 'custom': ['wizard'], 'key_name': 'Wizarding World', 'key': 'wizard', 'allowed_libraries': 'movie', 'mdblist_url': 'https://mdblist.com/lists/k0meta/external/23683', 'image': 'universe/<<key>>', 'name': 'shared'}] |
[2025-07-01 09:54:18,052] [meta.py:1324]              [INFO]     | [{'value': ['xmen'], 'custom': ['xmen'], 'key_name': 'X-Men Collection', 'key': 'xmen', 'imdb_url': 'https://www.imdb.com/list/ls567618635/', 'image': 'universe/<<key>>', 'name': 'universe'}, {'value': ['xmen'], 'custom': ['xmen'], 'key_name': 'X-Men Collection', 'key': 'xmen', 'imdb_url': 'https://www.imdb.com/list/ls567618635/', 'image': 'universe/<<key>>', 'name': 'arr'}, {'value': ['xmen'], 'custom': ['xmen'], 'key_name': 'X-Men Collection', 'key': 'xmen', 'imdb_url': 'https://www.imdb.com/list/ls567618635/', 'image': 'universe/<<key>>', 'name': 'custom'}, {'value': ['xmen'], 'custom': ['xmen'], 'key_name': 'X-Men Collection', 'key': 'xmen', 'imdb_url': 'https://www.imdb.com/list/ls567618635/', 'image': 'universe/<<key>>', 'name': 'shared'}] |
[2025-07-01 09:54:18,052] [meta.py:1374]              [INFO]     |                                                                                                    |
[2025-07-01 09:54:18,052] [meta.py:1375]              [INFO]     | Collection File Loaded Successfully                                                                |
[2025-07-01 09:54:18,053] [config.py:1254]            [INFO]     |                                                                                                    |
[2025-07-01 09:54:18,053] [config.py:1255]            [INFO]     |======================================= Radarr Configuration =======================================|
[2025-07-01 09:54:18,053] [config.py:1256]            [INFO]     |                                                                                                    |
[2025-07-01 09:54:18,053] [config.py:1257]            [INFO]     | Connecting to Movies library's Radarr...                                                           |
[2025-07-01 09:54:18,053] [config.py:1258]            [INFO]     |                                                                                                    |
[2025-07-01 09:54:18,107] [config.py:1281]            [INFO]     | Movies library's Radarr Connection Successful                                                      |
[2025-07-01 09:54:18,107] [config.py:1284]            [INFO]     |                                                                                                    |
[2025-07-01 09:54:18,107] [config.py:1285]            [INFO]     |======================================= Sonarr Configuration =======================================|
[2025-07-01 09:54:18,107] [config.py:1286]            [INFO]     |                                                                                                    |
[2025-07-01 09:54:18,107] [config.py:1287]            [INFO]     | Connecting to Movies library's Sonarr...                                                           |
[2025-07-01 09:54:18,107] [config.py:1288]            [INFO]     |                                                                                                    |
[2025-07-01 09:54:18,118] [config.py:1314]            [INFO]     | Movies library's Sonarr Connection Successful                                                      |
[2025-07-01 09:54:18,118] [config.py:1317]            [INFO]     |                                                                                                    |
[2025-07-01 09:54:18,118] [config.py:1318]            [INFO]     |====================================== Tautulli Configuration ======================================|
[2025-07-01 09:54:18,118] [config.py:1319]            [INFO]     |                                                                                                    |
[2025-07-01 09:54:18,118] [config.py:1320]            [INFO]     | Connecting to Movies library's Tautulli...                                                         |
[2025-07-01 09:54:18,118] [config.py:1321]            [INFO]     |                                                                                                    |
[2025-07-01 09:54:18,127] [config.py:1331]            [INFO]     | Movies library's Tautulli Connection Successful                                                    |
[2025-07-01 09:54:18,127] [config.py:1336]            [INFO]     |                                                                                                    |
[2025-07-01 09:54:18,127] [config.py:881]             [INFO]     |====================================================================================================|
[2025-07-01 09:54:18,127] [config.py:881]             [INFO]     |                                       TV Shows Configuration                                       |
[2025-07-01 09:54:18,127] [config.py:881]             [INFO]     |====================================================================================================|
[2025-07-01 09:54:18,127] [config.py:882]             [INFO]     |                                                                                                    |
[2025-07-01 09:54:18,127] [config.py:883]             [INFO]     | Connecting to TV Shows Library...                                                                  |
[2025-07-01 09:54:18,127] [config.py:927]             [INFO]     |===================================== Operation Configuration ======================================|
[2025-07-01 09:54:18,127] [config.py:931]             [INFO]     |                                                                                                    |
[2025-07-01 09:54:18,127] [config.py:932]             [INFO]     | Operation 1/1                                                                                      |
[2025-07-01 09:54:18,127] [config.py:934]             [INFO]     |     assets_for_all: True                                                                           |
[2025-07-01 09:54:18,127] [config.py:1072]            [INFO]     |                                                                                                    |
[2025-07-01 09:54:18,127] [config.py:1073]            [INFO]     | Reading in Collection Files                                                                        |
[2025-07-01 09:54:18,127] [util.py:324]               [INFO]     |                                                                                                    |
[2025-07-01 09:54:18,127] [util.py:329]               [INFO]     | Reading default: basic                                                                             |
[2025-07-01 09:54:18,127] [util.py:324]               [INFO]     |                                                                                                    |
[2025-07-01 09:54:18,127] [util.py:329]               [INFO]     | Reading default: imdb                                                                              |
[2025-07-01 09:54:18,127] [util.py:324]               [INFO]     |                                                                                                    |
[2025-07-01 09:54:18,127] [util.py:329]               [INFO]     | Reading file: config/franchise.yml                                                                 |
[2025-07-01 09:54:18,127] [config.py:1210]            [INFO]     |                                                                                                    |
[2025-07-01 09:54:18,127] [config.py:1211]            [INFO]     |======================================== Plex Configuration ========================================|
[2025-07-01 09:54:18,127] [library.py:142]            [INFO]     |                                                                                                    |
[2025-07-01 09:54:18,127] [library.py:144]            [INFO]     | Using Asset Directory: config/assets/plex/Movies                                                   |
[2025-07-01 09:54:18,129] [plex.py:467]               [INFO]     | Connected to server Mr Meeseeks version 1.41.8.9834-071366d65                                      |
[2025-07-01 09:54:18,129] [plex.py:468]               [INFO]     | Running on MacOSX version 15.5.0                                                                   |
[2025-07-01 09:54:18,135] [plex.py:472]               [INFO]     | Plex DB cache setting: 256 MB                                                                      |
[2025-07-01 09:54:18,135] [plex.py:489]               [INFO]     | PlexPass: True on Unknown update channel: 0.                                                       |
[2025-07-01 09:54:18,135] [plex.py:491]               [INFO]     | Scheduled maintenance running between 2:00 and 5:00                                                |
[2025-07-01 09:54:18,145] [plex.py:539]               [INFO]     | Connected to library TV Shows                                                                      |
[2025-07-01 09:54:18,145] [plex.py:540]               [INFO]     | Type: Show                                                                                         |
[2025-07-01 09:54:18,145] [plex.py:541]               [INFO]     | Agent: tv.plex.agents.series                                                                       |
[2025-07-01 09:54:18,145] [plex.py:542]               [INFO]     | Scanner: Plex TV Series                                                                            |
[2025-07-01 09:54:18,145] [plex.py:543]               [INFO]     | Ratings Source: N/A                                                                                |
[2025-07-01 09:54:18,145] [config.py:1239]            [INFO]     |                                                                                                    |
[2025-07-01 09:54:18,145] [config.py:1240]            [INFO]     | TV Shows Library Connection Successful                                                             |
[2025-07-01 09:54:18,145] [config.py:1241]            [INFO]     |                                                                                                    |
[2025-07-01 09:54:18,146] [config.py:1242]            [INFO]     |========================================== Scanning Files ==========================================|
[2025-07-01 09:54:18,146] [meta.py:71]                [INFO]     |                                                                                                    |
[2025-07-01 09:54:18,146] [meta.py:72]                [INFO]     |====================================================================================================|
[2025-07-01 09:54:18,146] [meta.py:72]                [INFO]     |                               Loading Collection File Default: basic                               |
[2025-07-01 09:54:18,146] [meta.py:72]                [INFO]     |====================================================================================================|
[2025-07-01 09:54:18,146] [meta.py:73]                [INFO]     |                                                                                                    |
[2025-07-01 09:54:18,148] [meta.py:165]               [DEBUG]    | File Loaded From: /Volumes/MacOS/Servers/Kometa/defaults/chart/basic.yml                           |
[2025-07-01 09:54:18,148] [util.py:324]               [INFO]     |                                                                                                    |
[2025-07-01 09:54:18,148] [util.py:329]               [INFO]     | Reading default: templates                                                                         |
[2025-07-01 09:54:18,148] [util.py:368]               [INFO]     | Template Variables: {'collection_section': '010', 'image': 'chart/<<style>>/<<mapping_name_encoded>>'} |
[2025-07-01 09:54:18,162] [meta.py:165]               [DEBUG]    | File Loaded From: /Volumes/MacOS/Servers/Kometa/defaults/templates.yml                             |
[2025-07-01 09:54:18,162] [meta.py:1374]              [INFO]     |                                                                                                    |
[2025-07-01 09:54:18,162] [meta.py:1375]              [INFO]     | Collection File Loaded Successfully                                                                |
[2025-07-01 09:54:18,162] [meta.py:71]                [INFO]     |                                                                                                    |
[2025-07-01 09:54:18,162] [meta.py:72]                [INFO]     |====================================================================================================|
[2025-07-01 09:54:18,163] [meta.py:72]                [INFO]     |                               Loading Collection File Default: imdb                                |
[2025-07-01 09:54:18,163] [meta.py:72]                [INFO]     |====================================================================================================|
[2025-07-01 09:54:18,163] [meta.py:73]                [INFO]     |                                                                                                    |
[2025-07-01 09:54:18,165] [meta.py:165]               [DEBUG]    | File Loaded From: /Volumes/MacOS/Servers/Kometa/defaults/chart/imdb.yml                            |
[2025-07-01 09:54:18,165] [util.py:324]               [INFO]     |                                                                                                    |
[2025-07-01 09:54:18,165] [util.py:329]               [INFO]     | Reading default: templates                                                                         |
[2025-07-01 09:54:18,165] [util.py:368]               [INFO]     | Template Variables: {'collection_section': '020', 'image': 'chart/<<style>>/<<mapping_name_encoded>>'} |
[2025-07-01 09:54:18,179] [meta.py:165]               [DEBUG]    | File Loaded From: /Volumes/MacOS/Servers/Kometa/defaults/templates.yml                             |
[2025-07-01 09:54:18,179] [meta.py:1374]              [INFO]     |                                                                                                    |
[2025-07-01 09:54:18,179] [meta.py:1375]              [INFO]     | Collection File Loaded Successfully                                                                |
[2025-07-01 09:54:18,179] [meta.py:71]                [INFO]     |                                                                                                    |
[2025-07-01 09:54:18,179] [meta.py:72]                [INFO]     |====================================================================================================|
[2025-07-01 09:54:18,180] [meta.py:72]                [INFO]     |                         Loading Collection File File: config/franchise.yml                         |
[2025-07-01 09:54:18,180] [meta.py:72]                [INFO]     |====================================================================================================|
[2025-07-01 09:54:18,180] [meta.py:73]                [INFO]     |                                                                                                    |
[2025-07-01 09:54:18,183] [meta.py:165]               [DEBUG]    | File Loaded From: /Volumes/MacOS/Servers/Kometa/config/franchise.yml                               |
[2025-07-01 09:54:18,183] [meta.py:788]               [INFO]     |                                                                                                    |
[2025-07-01 09:54:18,183] [meta.py:789]               [INFO]     |===================== Building Show Franchise Collections Dynamic Collections ======================|
[2025-07-01 09:54:18,183] [meta.py:790]               [INFO]     |                                                                                                    |
[2025-07-01 09:54:18,183] [meta.py:1254]              [DEBUG]    | Mapping Name: Show Franchise Collections                                                           |
[2025-07-01 09:54:18,183] [meta.py:1255]              [DEBUG]    | Type: custom                                                                                       |
[2025-07-01 09:54:18,183] [meta.py:1256]              [DEBUG]    | Data: {'1412': 'Arrowverse'}                                                                       |
[2025-07-01 09:54:18,183] [meta.py:1257]              [DEBUG]    | Exclude: []                                                                                        |
[2025-07-01 09:54:18,183] [meta.py:1258]              [DEBUG]    | Exclude Final: ['60735', '60743', '62688', '62643', '71663', '89247', '80986', '95057']            |
[2025-07-01 09:54:18,183] [meta.py:1259]              [DEBUG]    | Addons: {'1412': ['60735', '60743', '62688', '62643', '71663', '89247', '80986', '95057']}         |
[2025-07-01 09:54:18,183] [meta.py:1260]              [DEBUG]    | Template: ['tmdbshow']                                                                             |
[2025-07-01 09:54:18,183] [meta.py:1261]              [DEBUG]    | Other Template: ['tmdbshow']                                                                       |
[2025-07-01 09:54:18,184] [meta.py:1262]              [DEBUG]    | Library Variables: {}                                                                              |
[2025-07-01 09:54:18,184] [meta.py:1263]              [DEBUG]    | Template Variables: {}                                                                             |
[2025-07-01 09:54:18,184] [meta.py:1264]              [DEBUG]    | Remove Prefix: []                                                                                  |
[2025-07-01 09:54:18,184] [meta.py:1265]              [DEBUG]    | Remove Suffix: []                                                                                  |
[2025-07-01 09:54:18,184] [meta.py:1266]              [DEBUG]    | Title Format: <<key_name>>                                                                         |
[2025-07-01 09:54:18,184] [meta.py:1267]              [DEBUG]    | Key Name Override: {}                                                                              |
[2025-07-01 09:54:18,184] [meta.py:1268]              [DEBUG]    | Title Override: {}                                                                                 |
[2025-07-01 09:54:18,184] [meta.py:1269]              [DEBUG]    | Custom Keys: True                                                                                  |
[2025-07-01 09:54:18,184] [meta.py:1270]              [DEBUG]    | Test: False                                                                                        |
[2025-07-01 09:54:18,184] [meta.py:1271]              [DEBUG]    | Sync: {}                                                                                           |
[2025-07-01 09:54:18,184] [meta.py:1272]              [DEBUG]    | Include: []                                                                                        |
[2025-07-01 09:54:18,184] [meta.py:1273]              [DEBUG]    | Other Name: None                                                                                   |
[2025-07-01 09:54:18,184] [meta.py:1274]              [DEBUG]    | All Keys: dict_keys(['1412'])                                                                      |
[2025-07-01 09:54:18,184] [meta.py:1277]              [DEBUG]    | Keys (Title):                                                                                      |
[2025-07-01 09:54:18,184] [meta.py:1279]              [DEBUG]    |   - 1412 (Arrowverse)                                                                              |
[2025-07-01 09:54:18,184] [meta.py:1324]              [INFO]     | [{'value': ['1412', '60735', '60743', '62688', '62643', '71663', '89247', '80986', '95057'], 'custom': ['1412', '60735', '60743', '62688', '62643', '71663', '89247', '80986', '95057'], 'key_name': 'Arrowverse', 'key': '1412', 'name': 'tmdbshow'}] |
[2025-07-01 09:54:18,184] [meta.py:1374]              [INFO]     |                                                                                                    |
[2025-07-01 09:54:18,184] [meta.py:1375]              [INFO]     | Collection File Loaded Successfully                                                                |
[2025-07-01 09:54:18,184] [config.py:1254]            [INFO]     |                                                                                                    |
[2025-07-01 09:54:18,184] [config.py:1255]            [INFO]     |======================================= Radarr Configuration =======================================|
[2025-07-01 09:54:18,184] [config.py:1256]            [INFO]     |                                                                                                    |
[2025-07-01 09:54:18,184] [config.py:1257]            [INFO]     | Connecting to TV Shows library's Radarr...                                                         |
[2025-07-01 09:54:18,184] [config.py:1258]            [INFO]     |                                                                                                    |
[2025-07-01 09:54:18,238] [config.py:1281]            [INFO]     | TV Shows library's Radarr Connection Successful                                                    |
[2025-07-01 09:54:18,238] [config.py:1284]            [INFO]     |                                                                                                    |
[2025-07-01 09:54:18,238] [config.py:1285]            [INFO]     |======================================= Sonarr Configuration =======================================|
[2025-07-01 09:54:18,238] [config.py:1286]            [INFO]     |                                                                                                    |
[2025-07-01 09:54:18,238] [config.py:1287]            [INFO]     | Connecting to TV Shows library's Sonarr...                                                         |
[2025-07-01 09:54:18,238] [config.py:1288]            [INFO]     |                                                                                                    |
[2025-07-01 09:54:18,268] [config.py:1314]            [INFO]     | TV Shows library's Sonarr Connection Successful                                                    |
[2025-07-01 09:54:18,269] [config.py:1317]            [INFO]     |                                                                                                    |
[2025-07-01 09:54:18,269] [config.py:1318]            [INFO]     |====================================== Tautulli Configuration ======================================|
[2025-07-01 09:54:18,269] [config.py:1319]            [INFO]     |                                                                                                    |
[2025-07-01 09:54:18,269] [config.py:1320]            [INFO]     | Connecting to TV Shows library's Tautulli...                                                       |
[2025-07-01 09:54:18,269] [config.py:1321]            [INFO]     |                                                                                                    |
[2025-07-01 09:54:18,275] [config.py:1331]            [INFO]     | TV Shows library's Tautulli Connection Successful                                                  |
[2025-07-01 09:54:18,275] [config.py:1336]            [INFO]     |                                                                                                    |
[2025-07-01 09:54:18,275] [config.py:1339]            [INFO]     |====================================================================================================|
[2025-07-01 09:54:18,275] [config.py:1344]            [INFO]     | 3 Plex Library Connections Successful                                                              |
[2025-07-01 09:54:18,275] [config.py:1348]            [INFO]     |====================================================================================================|
[2025-07-01 09:54:18,275] [kometa.py:630]             [INFO]     |                                                                                                    |
[2025-07-01 09:54:18,275] [kometa.py:631]             [INFO]     |====================================================================================================|
[2025-07-01 09:54:18,275] [kometa.py:631]             [INFO]     |                                         Scheduled Library                                          |
[2025-07-01 09:54:18,275] [kometa.py:631]             [INFO]     |====================================================================================================|
[2025-07-01 09:54:18,275] [kometa.py:633]             [DEBUG]    |                                                                                                    |
[2025-07-01 09:54:18,275] [kometa.py:634]             [DEBUG]    | Library Name: Movies                                                                               |
[2025-07-01 09:54:18,275] [kometa.py:635]             [DEBUG]    | Run Order: operations, metadata, collections, overlays                                             |
[2025-07-01 09:54:18,275] [kometa.py:636]             [DEBUG]    | Folder Name: Scheduled                                                                             |
[2025-07-01 09:54:18,275] [kometa.py:638]             [DEBUG]    | Asset Directory: config/assets/plex/Movies                                                         |
[2025-07-01 09:54:18,275] [kometa.py:639]             [DEBUG]    | Asset Folders: True                                                                                |
[2025-07-01 09:54:18,275] [kometa.py:640]             [DEBUG]    | Asset Depth: 2                                                                                     |
[2025-07-01 09:54:18,275] [kometa.py:641]             [DEBUG]    | Create Asset Folders: True                                                                         |
[2025-07-01 09:54:18,275] [kometa.py:642]             [DEBUG]    | Prioritize Assets: True                                                                            |
[2025-07-01 09:54:18,275] [kometa.py:643]             [DEBUG]    | Dimensional Asset Rename: False                                                                    |
[2025-07-01 09:54:18,275] [kometa.py:644]             [DEBUG]    | Download URL Assets: True                                                                          |
[2025-07-01 09:54:18,275] [kometa.py:645]             [DEBUG]    | Show Missing Assets: False                                                                         |
[2025-07-01 09:54:18,275] [kometa.py:646]             [DEBUG]    | Show Missing Season Assets: False                                                                  |
[2025-07-01 09:54:18,275] [kometa.py:647]             [DEBUG]    | Show Missing Episode Assets: False                                                                 |
[2025-07-01 09:54:18,275] [kometa.py:648]             [DEBUG]    | Show Assets Not Needed: False                                                                      |
[2025-07-01 09:54:18,275] [kometa.py:649]             [DEBUG]    | Sync Mode: append                                                                                  |
[2025-07-01 09:54:18,275] [kometa.py:650]             [DEBUG]    | Minimum Items: 1                                                                                   |
[2025-07-01 09:54:18,275] [kometa.py:651]             [DEBUG]    | Delete Below Minimum: True                                                                         |
[2025-07-01 09:54:18,275] [kometa.py:652]             [DEBUG]    | Delete Not Scheduled: True                                                                         |
[2025-07-01 09:54:18,275] [kometa.py:653]             [DEBUG]    | Default Collection Order: None                                                                     |
[2025-07-01 09:54:18,275] [kometa.py:654]             [DEBUG]    | Missing Only Released: False                                                                       |
[2025-07-01 09:54:18,275] [kometa.py:655]             [DEBUG]    | Only Filter Missing: False                                                                         |
[2025-07-01 09:54:18,275] [kometa.py:656]             [DEBUG]    | Show Unmanaged: True                                                                               |
[2025-07-01 09:54:18,275] [kometa.py:657]             [DEBUG]    | Show Unconfigured: True                                                                            |
[2025-07-01 09:54:18,275] [kometa.py:658]             [DEBUG]    | Show Filtered: False                                                                               |
[2025-07-01 09:54:18,275] [kometa.py:659]             [DEBUG]    | Show Unfiltered: False                                                                             |
[2025-07-01 09:54:18,275] [kometa.py:660]             [DEBUG]    | Show Options: True                                                                                 |
[2025-07-01 09:54:18,275] [kometa.py:661]             [DEBUG]    | Show Missing: False                                                                                |
[2025-07-01 09:54:18,275] [kometa.py:662]             [DEBUG]    | Save Report: False                                                                                 |
[2025-07-01 09:54:18,275] [kometa.py:663]             [DEBUG]    | Report Path: /Users/zacharygoodnite/Kometa/config/Scheduled_report.yml                             |
[2025-07-01 09:54:18,275] [kometa.py:664]             [DEBUG]    | Ignore IDs: []                                                                                     |
[2025-07-01 09:54:18,275] [kometa.py:665]             [DEBUG]    | Ignore IMDb IDs: []                                                                                |
[2025-07-01 09:54:18,275] [kometa.py:666]             [DEBUG]    | Item Refresh Delay: 0                                                                              |
[2025-07-01 09:54:18,275] [kometa.py:667]             [DEBUG]    | Clean Bundles: False                                                                               |
[2025-07-01 09:54:18,275] [kometa.py:668]             [DEBUG]    | Empty Trash: True                                                                                  |
[2025-07-01 09:54:18,275] [kometa.py:669]             [DEBUG]    | Optimize: True                                                                                     |
[2025-07-01 09:54:18,275] [kometa.py:670]             [DEBUG]    | Timeout: 60                                                                                        |
[2025-07-01 09:54:18,276] [library.py:389]            [INFO]     |                                                                                                    |
[2025-07-01 09:54:18,276] [library.py:390]            [INFO]     |=================================== Caching Movies Library Items ===================================|
[2025-07-01 09:54:18,276] [library.py:391]            [INFO]     |                                                                                                    |
[2025-07-01 09:54:18,276] [plex.py:606]               [INFO]     | Loading All Movies from Library: Movies                                                            |
[2025-07-01 09:54:28,623] [plex.py:626]               [INFO]     | Loaded 6454 Movies                                                                                 |
[2025-07-01 09:54:28,629] [kometa.py:716]             [INFO]     |                                                                                                    |
[2025-07-01 09:54:28,629] [kometa.py:717]             [INFO]     |==================================== Mapping Scheduled Library =====================================|
[2025-07-01 09:54:28,629] [kometa.py:718]             [INFO]     |                                                                                                    |
[2025-07-01 09:54:28,911] [convert.py:408]            [INFO]     | Mapping Error | local://7450                                   | No match in Plex for "Dragon Ball Z Resurrection 'F' Super Fan Edit" |
[2025-07-01 09:54:29,097] [convert.py:408]            [INFO]     | Mapping Error | local://81862                                  | No match in Plex for "A Goofy Movie 16 Bit" |
[2025-07-01 09:54:29,145] [convert.py:402]            [DEBUG]    | TMDb: [], IMDb: [], TVDb: [138435]                                                                 |
[2025-07-01 09:54:29,146] [convert.py:405]            [INFO]     | Mapping Error | plex://movie/5f2fa396b434b2004054f846          | No ID to convert for "Harry Potter and the Deathly Weapons" |
[2025-07-01 09:54:29,166] [convert.py:408]            [INFO]     | Mapping Error | local://25216                                  | No match in Plex for "The Hobbit" |
[2025-07-01 09:54:29,290] [convert.py:405]            [INFO]     | Mapping Error | plex://movie/663f0d7e08eee4e5469ef2bc          | Refresh Metadata for "How to Rob a Bank" |
[2025-07-01 09:54:29,330] [convert.py:408]            [INFO]     | Mapping Error | local://25524                                  | No match in Plex for "The Iron Giant Signature Edition" |
[2025-07-01 09:54:29,352] [convert.py:408]            [INFO]     | Mapping Error | local://12454                                  | No match in Plex for "Jingle All the Way Family Fun Edition" |
[2025-07-01 09:54:29,738] [convert.py:402]            [DEBUG]    | TMDb: [], IMDb: [], TVDb: [318686]                                                                 |
[2025-07-01 09:54:29,738] [convert.py:405]            [INFO]     | Mapping Error | plex://movie/61ab6185ce336b93cb1160cc          | No ID to convert for "Robin Williams Remembered" |
[2025-07-01 09:54:30,107] [library.py:446]            [INFO]     |                                                                                                    |
[2025-07-01 09:54:30,108] [library.py:447]            [INFO]     | Processed 6454 Movies                                                                              |
[2025-07-01 09:54:30,108] [operations.py:32]          [INFO]     |                                                                                                    |
[2025-07-01 09:54:30,108] [operations.py:33]          [INFO]     |====================================================================================================|
[2025-07-01 09:54:30,108] [operations.py:33]          [INFO]     |                                     Movies Library Operations                                      |
[2025-07-01 09:54:30,108] [operations.py:33]          [INFO]     |====================================================================================================|
[2025-07-01 09:54:30,108] [operations.py:34]          [INFO]     |                                                                                                    |
[2025-07-01 09:54:30,108] [operations.py:35]          [DEBUG]    | Assets For All: None                                                                               |
[2025-07-01 09:54:30,108] [operations.py:36]          [DEBUG]    | Delete Collections: None                                                                           |
[2025-07-01 09:54:30,108] [operations.py:37]          [DEBUG]    | Show Unmanaged Collections: True                                                                   |
[2025-07-01 09:54:30,108] [operations.py:38]          [DEBUG]    | Show Unconfigured Collections: True                                                                |
[2025-07-01 09:54:30,108] [operations.py:39]          [DEBUG]    | Mass Genre Update: None                                                                            |
[2025-07-01 09:54:30,108] [operations.py:40]          [DEBUG]    | Mass Audience Rating Update: None                                                                  |
[2025-07-01 09:54:30,108] [operations.py:41]          [DEBUG]    | Mass Critic Rating Update: None                                                                    |
[2025-07-01 09:54:30,108] [operations.py:42]          [DEBUG]    | Mass User Rating Update: None                                                                      |
[2025-07-01 09:54:30,108] [operations.py:43]          [DEBUG]    | Mass Episode Audience Rating Update: None                                                          |
[2025-07-01 09:54:30,108] [operations.py:44]          [DEBUG]    | Mass Episode Critic Rating Update: None                                                            |
[2025-07-01 09:54:30,108] [operations.py:45]          [DEBUG]    | Mass Episode User Rating Update: None                                                              |
[2025-07-01 09:54:30,108] [operations.py:46]          [DEBUG]    | Mass Content Rating Update: None                                                                   |
[2025-07-01 09:54:30,108] [operations.py:47]          [DEBUG]    | Mass Original Title Update: None                                                                   |
[2025-07-01 09:54:30,108] [operations.py:48]          [DEBUG]    | Mass Originally Available Update: None                                                             |
[2025-07-01 09:54:30,108] [operations.py:49]          [DEBUG]    | Mass Added At Update: None                                                                         |
[2025-07-01 09:54:30,108] [operations.py:50]          [DEBUG]    | Mass IMDb Parental Labels: None                                                                    |
[2025-07-01 09:54:30,108] [operations.py:51]          [DEBUG]    | Mass Poster Update: None                                                                           |
[2025-07-01 09:54:30,108] [operations.py:52]          [DEBUG]    | Mass Background Update: None                                                                       |
[2025-07-01 09:54:30,108] [operations.py:53]          [DEBUG]    | Mass Collection Mode Update: None                                                                  |
[2025-07-01 09:54:30,108] [operations.py:54]          [DEBUG]    | Split Duplicates: None                                                                             |
[2025-07-01 09:54:30,108] [operations.py:55]          [DEBUG]    | Radarr Add All Existing: None                                                                      |
[2025-07-01 09:54:30,108] [operations.py:56]          [DEBUG]    | Radarr Remove by Tag: None                                                                         |
[2025-07-01 09:54:30,108] [operations.py:57]          [DEBUG]    | Sonarr Add All Existing: None                                                                      |
[2025-07-01 09:54:30,108] [operations.py:58]          [DEBUG]    | Sonarr Remove by Tag: None                                                                         |
[2025-07-01 09:54:30,108] [operations.py:59]          [DEBUG]    | Update Blank Track Titles: None                                                                    |
[2025-07-01 09:54:30,108] [operations.py:60]          [DEBUG]    | Update Remove Title Parentheses: None                                                              |
[2025-07-01 09:54:30,108] [operations.py:61]          [DEBUG]    | Genre Mapper: None                                                                                 |
[2025-07-01 09:54:30,108] [operations.py:62]          [DEBUG]    | Content Rating Mapper: None                                                                        |
[2025-07-01 09:54:30,108] [operations.py:63]          [DEBUG]    | Metadata Backup: None                                                                              |
[2025-07-01 09:54:30,108] [operations.py:64]          [DEBUG]    | Item Operation: False                                                                              |
[2025-07-01 09:54:30,108] [operations.py:65]          [DEBUG]    |                                                                                                    |
[2025-07-01 09:54:30,108] [operations.py:1111]        [INFO]     |                                                                                                    |
[2025-07-01 09:54:30,108] [operations.py:1112]        [INFO]     |====================================== Collection Operations =======================================|
[2025-07-01 09:54:30,108] [operations.py:1113]        [INFO]     |                                                                                                    |
[2025-07-01 09:54:31,559] [operations.py:1145]        [INFO]     |                                                                                                    |
[2025-07-01 09:54:31,559] [operations.py:1146]        [INFO]     |============================= Unmanaged Collections in Movies Library ==============================|
[2025-07-01 09:54:31,559] [operations.py:1147]        [INFO]     |                                                                                                    |
[2025-07-01 09:54:31,559] [operations.py:1149]        [INFO]     | Mighty Ducks                                                                                       |
[2025-07-01 09:54:31,559] [operations.py:1150]        [INFO]     |                                                                                                    |
[2025-07-01 09:54:31,559] [operations.py:1151]        [INFO]     | 1 Unmanaged Collection                                                                             |
[2025-07-01 09:54:31,559] [operations.py:1158]        [INFO]     |                                                                                                    |
[2025-07-01 09:54:31,559] [operations.py:1159]        [INFO]     |============================ Unconfigured Collections in Movies Library ============================|
[2025-07-01 09:54:31,559] [operations.py:1160]        [INFO]     |                                                                                                    |
[2025-07-01 09:54:31,560] [operations.py:1162]        [INFO]     | Independence Day Movies                                                                            |
[2025-07-01 09:54:31,560] [operations.py:1162]        [INFO]     | Newly Released                                                                                     |
[2025-07-01 09:54:31,560] [operations.py:1162]        [INFO]     | Plex Popular                                                                                       |
[2025-07-01 09:54:31,560] [operations.py:1162]        [INFO]     | IMDb Lowest Rated                                                                                  |
[2025-07-01 09:54:31,560] [operations.py:1162]        [INFO]     | IMDb Popular                                                                                       |
[2025-07-01 09:54:31,560] [operations.py:1162]        [INFO]     | IMDb Top 250                                                                                       |
[2025-07-01 09:54:31,560] [operations.py:1162]        [INFO]     | Plex Watched                                                                                       |
[2025-07-01 09:54:31,560] [operations.py:1162]        [INFO]     | Trakt Collected                                                                                    |
[2025-07-01 09:54:31,560] [operations.py:1162]        [INFO]     | Trakt Popular                                                                                      |
[2025-07-01 09:54:31,560] [operations.py:1162]        [INFO]     | Trakt Recommended                                                                                  |
[2025-07-01 09:54:31,560] [operations.py:1162]        [INFO]     | Trakt Trending                                                                                     |
[2025-07-01 09:54:31,560] [operations.py:1162]        [INFO]     | Trakt Watched                                                                                      |
[2025-07-01 09:54:31,560] [operations.py:1162]        [INFO]     | Weekly Random Movies                                                                               |
[2025-07-01 09:54:31,560] [operations.py:1162]        [INFO]     | Genre Collections                                                                                  |
[2025-07-01 09:54:31,560] [operations.py:1162]        [INFO]     | Action Movies                                                                                      |
[2025-07-01 09:54:31,560] [operations.py:1162]        [INFO]     | Adventure Movies                                                                                   |
[2025-07-01 09:54:31,560] [operations.py:1162]        [INFO]     | Animation Movies                                                                                   |
[2025-07-01 09:54:31,560] [operations.py:1162]        [INFO]     | Comedy Movies                                                                                      |
[2025-07-01 09:54:31,560] [operations.py:1162]        [INFO]     | Crime Movies                                                                                       |
[2025-07-01 09:54:31,560] [operations.py:1162]        [INFO]     | Documentary Movies                                                                                 |
[2025-07-01 09:54:31,561] [operations.py:1162]        [INFO]     | Drama Movies                                                                                       |
[2025-07-01 09:54:31,561] [operations.py:1162]        [INFO]     | Family Movies                                                                                      |
[2025-07-01 09:54:31,561] [operations.py:1162]        [INFO]     | Fantasy Movies                                                                                     |
[2025-07-01 09:54:31,561] [operations.py:1162]        [INFO]     | History Movies                                                                                     |
[2025-07-01 09:54:31,561] [operations.py:1162]        [INFO]     | Music Movies                                                                                       |
[2025-07-01 09:54:31,561] [operations.py:1162]        [INFO]     | Mystery Movies                                                                                     |
[2025-07-01 09:54:31,561] [operations.py:1162]        [INFO]     | Romance Movies                                                                                     |
[2025-07-01 09:54:31,561] [operations.py:1162]        [INFO]     | Science Fiction Movies                                                                             |
[2025-07-01 09:54:31,561] [operations.py:1162]        [INFO]     | Short Movies                                                                                       |
[2025-07-01 09:54:31,561] [operations.py:1162]        [INFO]     | Thriller Movies                                                                                    |
[2025-07-01 09:54:31,561] [operations.py:1162]        [INFO]     | TV Movie Movies                                                                                    |
[2025-07-01 09:54:31,561] [operations.py:1162]        [INFO]     | Based on... Collections                                                                            |
[2025-07-01 09:54:31,561] [operations.py:1162]        [INFO]     | Based on a Book                                                                                    |
[2025-07-01 09:54:31,561] [operations.py:1162]        [INFO]     | Based on a Comic                                                                                   |
[2025-07-01 09:54:31,561] [operations.py:1162]        [INFO]     | Based on a True Story                                                                              |
[2025-07-01 09:54:31,561] [operations.py:1162]        [INFO]     | Based on a Video Game                                                                              |
[2025-07-01 09:54:31,561] [operations.py:1162]        [INFO]     | 90 Minutes or Less                                                                                 |
[2025-07-01 09:54:31,561] [operations.py:1162]        [INFO]     | Decade Collections                                                                                 |
[2025-07-01 09:54:31,561] [operations.py:1162]        [INFO]     | Best of 1940s                                                                                      |
[2025-07-01 09:54:31,561] [operations.py:1162]        [INFO]     | Best of 1950s                                                                                      |
[2025-07-01 09:54:31,562] [operations.py:1162]        [INFO]     | Best of 1970s                                                                                      |
[2025-07-01 09:54:31,562] [operations.py:1162]        [INFO]     | Best of 1980s                                                                                      |
[2025-07-01 09:54:31,562] [operations.py:1162]        [INFO]     | Best of 1990s                                                                                      |
[2025-07-01 09:54:31,562] [operations.py:1162]        [INFO]     | Best of 2000s                                                                                      |
[2025-07-01 09:54:31,562] [operations.py:1162]        [INFO]     | Best of 2010s                                                                                      |
[2025-07-01 09:54:31,562] [operations.py:1162]        [INFO]     | Best of 2020s                                                                                      |
[2025-07-01 09:54:31,562] [operations.py:1162]        [INFO]     | Chicago Collection                                                                                 |
[2025-07-01 09:54:31,562] [operations.py:1162]        [INFO]     | Detroit Collection                                                                                 |
[2025-07-01 09:54:31,562] [operations.py:1162]        [INFO]     | Las Vegas Collection                                                                               |
[2025-07-01 09:54:31,562] [operations.py:1162]        [INFO]     | Los Angeles Collection                                                                             |
[2025-07-01 09:54:31,562] [operations.py:1162]        [INFO]     | New York Collection                                                                                |
[2025-07-01 09:54:31,562] [operations.py:1162]        [INFO]     | Washington D.C. Collection                                                                         |
[2025-07-01 09:54:31,562] [operations.py:1162]        [INFO]     | Universe Collections                                                                               |
[2025-07-01 09:54:31,562] [operations.py:1162]        [INFO]     | After Collection                                                                                   |
[2025-07-01 09:54:31,562] [operations.py:1162]        [INFO]     | Alien / Predator                                                                                   |
[2025-07-01 09:54:31,562] [operations.py:1162]        [INFO]     | American Pie Collection                                                                            |
[2025-07-01 09:54:31,562] [operations.py:1162]        [INFO]     | Back to the Future Trilogy                                                                         |
[2025-07-01 09:54:31,562] [operations.py:1162]        [INFO]     | Batman Collection                                                                                  |
[2025-07-01 09:54:31,562] [operations.py:1162]        [INFO]     | Beverly Hills Cop Collection                                                                       |
[2025-07-01 09:54:31,562] [operations.py:1162]        [INFO]     | Blade Trilogy                                                                                      |
[2025-07-01 09:54:31,562] [operations.py:1162]        [INFO]     | Cornetto Trilogy                                                                                   |
[2025-07-01 09:54:31,563] [operations.py:1162]        [INFO]     | Dark Knight Trilogy                                                                                |
[2025-07-01 09:54:31,563] [operations.py:1162]        [INFO]     | DC Animated Universe                                                                               |
[2025-07-01 09:54:31,563] [operations.py:1162]        [INFO]     | DC Universe                                                                                        |
[2025-07-01 09:54:31,563] [operations.py:1162]        [INFO]     | Die Hard Collection                                                                                |
[2025-07-01 09:54:31,563] [operations.py:1162]        [INFO]     | The Equalizer Collection                                                                           |
[2025-07-01 09:54:31,563] [operations.py:1162]        [INFO]     | Fast & Furious                                                                                     |
[2025-07-01 09:54:31,563] [operations.py:1162]        [INFO]     | Ghostbusters Collection                                                                            |
[2025-07-01 09:54:31,563] [operations.py:1162]        [INFO]     | The Godfather Trilogy                                                                              |
[2025-07-01 09:54:31,564] [operations.py:1162]        [INFO]     | Hannibal Lecter                                                                                    |
[2025-07-01 09:54:31,564] [operations.py:1162]        [INFO]     | The Hunger Games Collection                                                                        |
[2025-07-01 09:54:31,564] [operations.py:1162]        [INFO]     | Indiana Jones Collection                                                                           |
[2025-07-01 09:54:31,564] [operations.py:1162]        [INFO]     | IP Man                                                                                             |
[2025-07-01 09:54:31,564] [operations.py:1162]        [INFO]     | Jack Ryan Collection                                                                               |
[2025-07-01 09:54:31,564] [operations.py:1162]        [INFO]     | Jackass Collection                                                                                 |
[2025-07-01 09:54:31,564] [operations.py:1162]        [INFO]     | James Bond Collection                                                                              |
[2025-07-01 09:54:31,564] [operations.py:1162]        [INFO]     | Jason Bourne Collection                                                                            |
[2025-07-01 09:54:31,564] [operations.py:1162]        [INFO]     | John Wick Collection                                                                               |
[2025-07-01 09:54:31,565] [operations.py:1162]        [INFO]     | Jurassic Park Collection                                                                           |
[2025-07-01 09:54:31,565] [operations.py:1162]        [INFO]     | Lethal Weapon Collection                                                                           |
[2025-07-01 09:54:31,565] [operations.py:1162]        [INFO]     | Marvel Cinematic Universe                                                                          |
[2025-07-01 09:54:31,565] [operations.py:1162]        [INFO]     | The Matrix Collection                                                                              |
[2025-07-01 09:54:31,565] [operations.py:1162]        [INFO]     | Men in Black Collection                                                                            |
[2025-07-01 09:54:31,565] [operations.py:1162]        [INFO]     | Middle Earth                                                                                       |
[2025-07-01 09:54:31,565] [operations.py:1162]        [INFO]     | Mission: Impossible Collection                                                                     |
[2025-07-01 09:54:31,565] [operations.py:1162]        [INFO]     | Ocean's Collection                                                                                 |
[2025-07-01 09:54:31,566] [operations.py:1162]        [INFO]     | Pirates of the Caribbean                                                                           |
[2025-07-01 09:54:31,566] [operations.py:1162]        [INFO]     | Pokemon                                                                                            |
[2025-07-01 09:54:31,566] [operations.py:1162]        [INFO]     | Rambo Collection                                                                                   |
[2025-07-01 09:54:31,566] [operations.py:1162]        [INFO]     | Resident Evil Collection                                                                           |
[2025-07-01 09:54:31,566] [operations.py:1162]        [INFO]     | RoboCop Collection                                                                                 |
[2025-07-01 09:54:31,566] [operations.py:1162]        [INFO]     | Scooby-Doo!                                                                                        |
[2025-07-01 09:54:31,566] [operations.py:1162]        [INFO]     | Scream Collection                                                                                  |
[2025-07-01 09:54:31,566] [operations.py:1162]        [INFO]     | Shrek                                                                                              |
[2025-07-01 09:54:31,567] [operations.py:1162]        [INFO]     | Star Trek Universe                                                                                 |
[2025-07-01 09:54:31,567] [operations.py:1162]        [INFO]     | Star Wars Saga                                                                                     |
[2025-07-01 09:54:31,567] [operations.py:1162]        [INFO]     | Teenage Mutant Ninja Turtles                                                                       |
[2025-07-01 09:54:31,567] [operations.py:1162]        [INFO]     | The Terminator Collection                                                                          |
[2025-07-01 09:54:31,567] [operations.py:1162]        [INFO]     | The Chronicles of Riddick                                                                          |
[2025-07-01 09:54:31,567] [operations.py:1162]        [INFO]     | The Mummy                                                                                          |
[2025-07-01 09:54:31,567] [operations.py:1162]        [INFO]     | The Purge Collection                                                                               |
[2025-07-01 09:54:31,567] [operations.py:1162]        [INFO]     | Toy Story                                                                                          |
[2025-07-01 09:54:31,568] [operations.py:1162]        [INFO]     | Transformers Collection                                                                            |
[2025-07-01 09:54:31,568] [operations.py:1162]        [INFO]     | The Transporter Trilogy                                                                            |
[2025-07-01 09:54:31,568] [operations.py:1162]        [INFO]     | The Twilight Saga                                                                                  |
[2025-07-01 09:54:31,568] [operations.py:1162]        [INFO]     | Unbreakable                                                                                        |
[2025-07-01 09:54:31,568] [operations.py:1162]        [INFO]     | View Askewniverse                                                                                  |
[2025-07-01 09:54:31,568] [operations.py:1162]        [INFO]     | Wizarding World                                                                                    |
[2025-07-01 09:54:31,568] [operations.py:1162]        [INFO]     | X-Men Collection                                                                                   |
[2025-07-01 09:54:31,568] [operations.py:1162]        [INFO]     | Basketball Collection                                                                              |
[2025-07-01 09:54:31,568] [operations.py:1162]        [INFO]     | Blue Sky Studios                                                                                   |
[2025-07-01 09:54:31,568] [operations.py:1162]        [INFO]     | Disney Channel Original Movies                                                                     |
[2025-07-01 09:54:31,568] [operations.py:1162]        [INFO]     | Disney Collection                                                                                  |
[2025-07-01 09:54:31,568] [operations.py:1162]        [INFO]     | Disney Live-Action Remakes                                                                         |
[2025-07-01 09:54:31,568] [operations.py:1162]        [INFO]     | Dr. Seuss Collection                                                                               |
[2025-07-01 09:54:31,568] [operations.py:1162]        [INFO]     | Dragonball Z                                                                                       |
[2025-07-01 09:54:31,568] [operations.py:1162]        [INFO]     | Dreamworks Animation                                                                               |
[2025-07-01 09:54:31,568] [operations.py:1162]        [INFO]     | Get Blazed                                                                                         |
[2025-07-01 09:54:31,568] [operations.py:1162]        [INFO]     | Illumination Entertainment Collection                                                              |
[2025-07-01 09:54:31,568] [operations.py:1162]        [INFO]     | Illumination Shorts Collection                                                                     |
[2025-07-01 09:54:31,568] [operations.py:1162]        [INFO]     | John Wayne Collection                                                                              |
[2025-07-01 09:54:31,568] [operations.py:1162]        [INFO]     | Kids Movies Collection                                                                             |
[2025-07-01 09:54:31,568] [operations.py:1162]        [INFO]     | Mighty Ducks                                                                                       |
[2025-07-01 09:54:31,569] [operations.py:1162]        [INFO]     | Mind-Bending                                                                                       |
[2025-07-01 09:54:31,569] [operations.py:1162]        [INFO]     | Pixar Collection                                                                                   |
[2025-07-01 09:54:31,569] [operations.py:1162]        [INFO]     | Pixar Shorts Collection                                                                            |
[2025-07-01 09:54:31,569] [operations.py:1162]        [INFO]     | Sony Pictures Animation                                                                            |
[2025-07-01 09:54:31,569] [operations.py:1162]        [INFO]     | Star Wars The Complete Collection                                                                  |
[2025-07-01 09:54:31,569] [operations.py:1162]        [INFO]     | Top 100 Sports Movies                                                                              |
[2025-07-01 09:54:31,569] [operations.py:1162]        [INFO]     | True Crime Documentaries                                                                           |
[2025-07-01 09:54:31,569] [operations.py:1162]        [INFO]     | Walt Disney Animation Studios                                                                      |
[2025-07-01 09:54:31,569] [operations.py:1162]        [INFO]     | Wizarding World of Harry Potter                                                                    |
[2025-07-01 09:54:31,569] [operations.py:1162]        [INFO]     | Resolution Collections                                                                             |
[2025-07-01 09:54:31,569] [operations.py:1162]        [INFO]     | Other Resolution Movies                                                                            |
[2025-07-01 09:54:31,569] [operations.py:1162]        [INFO]     | 4K Movies                                                                                          |
[2025-07-01 09:54:31,569] [operations.py:1162]        [INFO]     | 1080p Movies                                                                                       |
[2025-07-01 09:54:31,569] [operations.py:1162]        [INFO]     | 720p Movies                                                                                        |
[2025-07-01 09:54:31,570] [operations.py:1162]        [INFO]     | 480p Movies                                                                                        |
[2025-07-01 09:54:31,570] [operations.py:1162]        [INFO]     | Adam Sandler                                                                                       |
[2025-07-01 09:54:31,570] [operations.py:1162]        [INFO]     | Al Pacino                                                                                          |
[2025-07-01 09:54:31,570] [operations.py:1162]        [INFO]     | Alfred Hitchcock                                                                                   |
[2025-07-01 09:54:31,570] [operations.py:1162]        [INFO]     | Amy Adams                                                                                          |
[2025-07-01 09:54:31,570] [operations.py:1162]        [INFO]     | Andrew Garfield                                                                                    |
[2025-07-01 09:54:31,570] [operations.py:1162]        [INFO]     | Angelina Jolie                                                                                     |
[2025-07-01 09:54:31,570] [operations.py:1162]        [INFO]     | Anne Hathaway                                                                                      |
[2025-07-01 09:54:31,570] [operations.py:1162]        [INFO]     | Anthony Hopkins                                                                                    |
[2025-07-01 09:54:31,570] [operations.py:1162]        [INFO]     | Antonio Banderas                                                                                   |
[2025-07-01 09:54:31,570] [operations.py:1162]        [INFO]     | Arnold Schwarzenegger                                                                              |
[2025-07-01 09:54:31,570] [operations.py:1162]        [INFO]     | Ben Affleck                                                                                        |
[2025-07-01 09:54:31,570] [operations.py:1162]        [INFO]     | Ben Stiller                                                                                        |
[2025-07-01 09:54:31,570] [operations.py:1162]        [INFO]     | Bill Murray                                                                                        |
[2025-07-01 09:54:31,570] [operations.py:1162]        [INFO]     | Brad Pitt                                                                                          |
[2025-07-01 09:54:31,570] [operations.py:1162]        [INFO]     | Brendan Fraser                                                                                     |
[2025-07-01 09:54:31,570] [operations.py:1162]        [INFO]     | Bruce Lee                                                                                          |
[2025-07-01 09:54:31,570] [operations.py:1162]        [INFO]     | Bruce Willis                                                                                       |
[2025-07-01 09:54:31,570] [operations.py:1162]        [INFO]     | Cameron Diaz                                                                                       |
[2025-07-01 09:54:31,570] [operations.py:1162]        [INFO]     | Carrie Fisher                                                                                      |
[2025-07-01 09:54:31,571] [operations.py:1162]        [INFO]     | Cate Blanchett                                                                                     |
[2025-07-01 09:54:31,571] [operations.py:1162]        [INFO]     | Catherine Zeta-Jones                                                                               |
[2025-07-01 09:54:31,571] [operations.py:1162]        [INFO]     | Channing Tatum                                                                                     |
[2025-07-01 09:54:31,571] [operations.py:1162]        [INFO]     | Charlie Chaplin                                                                                    |
[2025-07-01 09:54:31,571] [operations.py:1162]        [INFO]     | Charlize Theron                                                                                    |
[2025-07-01 09:54:31,571] [operations.py:1162]        [INFO]     | Chris Evans                                                                                        |
[2025-07-01 09:54:31,571] [operations.py:1162]        [INFO]     | Chris Hemsworth                                                                                    |
[2025-07-01 09:54:31,571] [operations.py:1162]        [INFO]     | Chris Pratt                                                                                        |
[2025-07-01 09:54:31,571] [operations.py:1162]        [INFO]     | Chris Rock                                                                                         |
[2025-07-01 09:54:31,571] [operations.py:1162]        [INFO]     | Christian Bale                                                                                     |
[2025-07-01 09:54:31,571] [operations.py:1162]        [INFO]     | Christopher Nolan                                                                                  |
[2025-07-01 09:54:31,571] [operations.py:1162]        [INFO]     | Christopher Walken                                                                                 |
[2025-07-01 09:54:31,571] [operations.py:1162]        [INFO]     | Chuck Norris                                                                                       |
[2025-07-01 09:54:31,571] [operations.py:1162]        [INFO]     | Clint Eastwood                                                                                     |
[2025-07-01 09:54:31,572] [operations.py:1162]        [INFO]     | Coen Brothers                                                                                      |
[2025-07-01 09:54:31,572] [operations.py:1162]        [INFO]     | Daniel Craig                                                                                       |
[2025-07-01 09:54:31,572] [operations.py:1162]        [INFO]     | Dave Bautista                                                                                      |
[2025-07-01 09:54:31,572] [operations.py:1162]        [INFO]     | Dave Chappelle                                                                                     |
[2025-07-01 09:54:31,572] [operations.py:1162]        [INFO]     | Denzel Washington                                                                                  |
[2025-07-01 09:54:31,572] [operations.py:1162]        [INFO]     | Diane Keaton                                                                                       |
[2025-07-01 09:54:31,572] [operations.py:1162]        [INFO]     | Don Cheadle                                                                                        |
[2025-07-01 09:54:31,572] [operations.py:1162]        [INFO]     | Dustin Hoffman                                                                                     |
[2025-07-01 09:54:31,572] [operations.py:1162]        [INFO]     | Dwayne Johnson                                                                                     |
[2025-07-01 09:54:31,572] [operations.py:1162]        [INFO]     | Eddie Murphy                                                                                       |
[2025-07-01 09:54:31,572] [operations.py:1162]        [INFO]     | Edward Norton                                                                                      |
[2025-07-01 09:54:31,572] [operations.py:1162]        [INFO]     | Elliot Page                                                                                        |
[2025-07-01 09:54:31,572] [operations.py:1162]        [INFO]     | Emily Blunt                                                                                        |
[2025-07-01 09:54:31,573] [operations.py:1162]        [INFO]     | Emma Stone                                                                                         |
[2025-07-01 09:54:31,573] [operations.py:1162]        [INFO]     | Emma Watson                                                                                        |
[2025-07-01 09:54:31,573] [operations.py:1162]        [INFO]     | Ewan McGregor                                                                                      |
[2025-07-01 09:54:31,573] [operations.py:1162]        [INFO]     | George Clooney                                                                                     |
[2025-07-01 09:54:31,573] [operations.py:1162]        [INFO]     | Gerard Butler                                                                                      |
[2025-07-01 09:54:31,573] [operations.py:1162]        [INFO]     | Harrison Ford                                                                                      |
[2025-07-01 09:54:31,573] [operations.py:1162]        [INFO]     | Hayao Miyazaki                                                                                     |
[2025-07-01 09:54:31,573] [operations.py:1162]        [INFO]     | Hugh Jackman                                                                                       |
[2025-07-01 09:54:31,573] [operations.py:1162]        [INFO]     | Ian McKellen                                                                                       |
[2025-07-01 09:54:31,573] [operations.py:1162]        [INFO]     | Ice Cube                                                                                           |
[2025-07-01 09:54:31,573] [operations.py:1162]        [INFO]     | J.J. Abrams                                                                                        |
[2025-07-01 09:54:31,573] [operations.py:1162]        [INFO]     | Jack Black                                                                                         |
[2025-07-01 09:54:31,573] [operations.py:1162]        [INFO]     | Jack Nicholson                                                                                     |
[2025-07-01 09:54:31,574] [operations.py:1162]        [INFO]     | Jackie Chan                                                                                        |
[2025-07-01 09:54:31,574] [operations.py:1162]        [INFO]     | James Cameron                                                                                      |
[2025-07-01 09:54:31,574] [operations.py:1162]        [INFO]     | James Franco                                                                                       |
[2025-07-01 09:54:31,574] [operations.py:1162]        [INFO]     | Jamie Foxx                                                                                         |
[2025-07-01 09:54:31,574] [operations.py:1162]        [INFO]     | Jason Bateman                                                                                      |
[2025-07-01 09:54:31,574] [operations.py:1162]        [INFO]     | Jason Statham                                                                                      |
[2025-07-01 09:54:31,574] [operations.py:1162]        [INFO]     | Jeff Bridges                                                                                       |
[2025-07-01 09:54:31,574] [operations.py:1162]        [INFO]     | Jeff Goldblum                                                                                      |
[2025-07-01 09:54:31,574] [operations.py:1162]        [INFO]     | Jennifer Aniston                                                                                   |
[2025-07-01 09:54:31,574] [operations.py:1162]        [INFO]     | Jennifer Lawrence                                                                                  |
[2025-07-01 09:54:31,574] [operations.py:1162]        [INFO]     | Jesse Eisenberg                                                                                    |
[2025-07-01 09:54:31,574] [operations.py:1162]        [INFO]     | Jessica Alba                                                                                       |
[2025-07-01 09:54:31,574] [operations.py:1162]        [INFO]     | Jet Li                                                                                             |
[2025-07-01 09:54:31,574] [operations.py:1162]        [INFO]     | Jim Carrey                                                                                         |
[2025-07-01 09:54:31,574] [operations.py:1162]        [INFO]     | John Candy                                                                                         |
[2025-07-01 09:54:31,574] [operations.py:1162]        [INFO]     | John Travolta                                                                                      |
[2025-07-01 09:54:31,574] [operations.py:1162]        [INFO]     | John Wayne                                                                                         |
[2025-07-01 09:54:31,574] [operations.py:1162]        [INFO]     | Johnny Depp                                                                                        |
[2025-07-01 09:54:31,575] [operations.py:1162]        [INFO]     | Julia Roberts                                                                                      |
[2025-07-01 09:54:31,575] [operations.py:1162]        [INFO]     | Kevin Bacon                                                                                        |
[2025-07-01 09:54:31,575] [operations.py:1162]        [INFO]     | Kevin Costner                                                                                      |
[2025-07-01 09:54:31,575] [operations.py:1162]        [INFO]     | Kevin Hart                                                                                         |
[2025-07-01 09:54:31,575] [operations.py:1162]        [INFO]     | Kevin Smith                                                                                        |
[2025-07-01 09:54:31,575] [operations.py:1162]        [INFO]     | Leonardo DiCaprio                                                                                  |
[2025-07-01 09:54:31,575] [operations.py:1162]        [INFO]     | Liam Neeson                                                                                        |
[2025-07-01 09:54:31,575] [operations.py:1162]        [INFO]     | Lucy Liu                                                                                           |
[2025-07-01 09:54:31,575] [operations.py:1162]        [INFO]     | M. Night Shyamalan                                                                                 |
[2025-07-01 09:54:31,575] [operations.py:1162]        [INFO]     | Mark Wahlberg                                                                                      |
[2025-07-01 09:54:31,575] [operations.py:1162]        [INFO]     | Matt Damon                                                                                         |
[2025-07-01 09:54:31,575] [operations.py:1162]        [INFO]     | Matthew McConaughey                                                                                |
[2025-07-01 09:54:31,575] [operations.py:1162]        [INFO]     | Megan Fox                                                                                          |
[2025-07-01 09:54:31,575] [operations.py:1162]        [INFO]     | Mel Brooks                                                                                         |
[2025-07-01 09:54:31,575] [operations.py:1162]        [INFO]     | Mel Gibson                                                                                         |
[2025-07-01 09:54:31,575] [operations.py:1162]        [INFO]     | Melissa McCarthy                                                                                   |
[2025-07-01 09:54:31,575] [operations.py:1162]        [INFO]     | Meryl Streep                                                                                       |
[2025-07-01 09:54:31,575] [operations.py:1162]        [INFO]     | Michael Bay                                                                                        |
[2025-07-01 09:54:31,575] [operations.py:1162]        [INFO]     | Michael Caine                                                                                      |
[2025-07-01 09:54:31,575] [operations.py:1162]        [INFO]     | Michael Keaton                                                                                     |
[2025-07-01 09:54:31,576] [operations.py:1162]        [INFO]     | Mike Myers                                                                                         |
[2025-07-01 09:54:31,576] [operations.py:1162]        [INFO]     | Mila Kunis                                                                                         |
[2025-07-01 09:54:31,576] [operations.py:1162]        [INFO]     | Milla Jovovich                                                                                     |
[2025-07-01 09:54:31,576] [operations.py:1162]        [INFO]     | Morgan Freeman                                                                                     |
[2025-07-01 09:54:31,576] [operations.py:1162]        [INFO]     | Natalie Portman                                                                                    |
[2025-07-01 09:54:31,576] [operations.py:1162]        [INFO]     | Nicolas Cage                                                                                       |
[2025-07-01 09:54:31,576] [operations.py:1162]        [INFO]     | Nicole Kidman                                                                                      |
[2025-07-01 09:54:31,576] [operations.py:1162]        [INFO]     | Orlando Bloom                                                                                      |
[2025-07-01 09:54:31,576] [operations.py:1162]        [INFO]     | Owen Wilson                                                                                        |
[2025-07-01 09:54:31,576] [operations.py:1162]        [INFO]     | Patrick Stewart                                                                                    |
[2025-07-01 09:54:31,576] [operations.py:1162]        [INFO]     | Quentin Tarantino                                                                                  |
[2025-07-01 09:54:31,576] [operations.py:1162]        [INFO]     | Reese Witherspoon                                                                                  |
[2025-07-01 09:54:31,576] [operations.py:1162]        [INFO]     | Ridley Scott                                                                                       |
[2025-07-01 09:54:31,576] [operations.py:1162]        [INFO]     | Robert De Niro                                                                                     |
[2025-07-01 09:54:31,577] [operations.py:1162]        [INFO]     | Robert Downey Jr.                                                                                  |
[2025-07-01 09:54:31,577] [operations.py:1162]        [INFO]     | Robin Williams                                                                                     |
[2025-07-01 09:54:31,577] [operations.py:1162]        [INFO]     | Rosario Dawson                                                                                     |
[2025-07-01 09:54:31,577] [operations.py:1162]        [INFO]     | Ryan Gosling                                                                                       |
[2025-07-01 09:54:31,577] [operations.py:1162]        [INFO]     | Ryan Reynolds                                                                                      |
[2025-07-01 09:54:31,577] [operations.py:1162]        [INFO]     | Sacha Baron Cohen                                                                                  |
[2025-07-01 09:54:31,577] [operations.py:1162]        [INFO]     | Samuel L. Jackson                                                                                  |
[2025-07-01 09:54:31,577] [operations.py:1162]        [INFO]     | Sandra Bullock                                                                                     |
[2025-07-01 09:54:31,577] [operations.py:1162]        [INFO]     | Scarlett Johansson                                                                                 |
[2025-07-01 09:54:31,577] [operations.py:1162]        [INFO]     | Sean Connery                                                                                       |
[2025-07-01 09:54:31,577] [operations.py:1162]        [INFO]     | Seth Rogen                                                                                         |
[2025-07-01 09:54:31,577] [operations.py:1162]        [INFO]     | Shia LaBeouf                                                                                       |
[2025-07-01 09:54:31,577] [operations.py:1162]        [INFO]     | Steve Buscemi                                                                                      |
[2025-07-01 09:54:31,577] [operations.py:1162]        [INFO]     | Steve Carell                                                                                       |
[2025-07-01 09:54:31,577] [operations.py:1162]        [INFO]     | Steve Martin                                                                                       |
[2025-07-01 09:54:31,577] [operations.py:1162]        [INFO]     | Steve McQueen                                                                                      |
[2025-07-01 09:54:31,577] [operations.py:1162]        [INFO]     | Steven Seagal                                                                                      |
[2025-07-01 09:54:31,578] [operations.py:1162]        [INFO]     | Steven Spielberg                                                                                   |
[2025-07-01 09:54:31,578] [operations.py:1162]        [INFO]     | Sylvester Stallone                                                                                 |
[2025-07-01 09:54:31,578] [operations.py:1162]        [INFO]     | Tim Burton                                                                                         |
[2025-07-01 09:54:31,578] [operations.py:1162]        [INFO]     | Tom Cruise                                                                                         |
[2025-07-01 09:54:31,578] [operations.py:1162]        [INFO]     | Tom Hanks                                                                                          |
[2025-07-01 09:54:31,578] [operations.py:1162]        [INFO]     | Tommy Lee Jones                                                                                    |
[2025-07-01 09:54:31,578] [operations.py:1162]        [INFO]     | Vin Diesel                                                                                         |
[2025-07-01 09:54:31,578] [operations.py:1162]        [INFO]     | Vince Vaughn                                                                                       |
[2025-07-01 09:54:31,578] [operations.py:1162]        [INFO]     | Wesley Snipes                                                                                      |
[2025-07-01 09:54:31,578] [operations.py:1162]        [INFO]     | Will Ferrell                                                                                       |
[2025-07-01 09:54:31,578] [operations.py:1162]        [INFO]     | Will Smith                                                                                         |
[2025-07-01 09:54:31,578] [operations.py:1162]        [INFO]     | Woody Harrelson                                                                                    |
[2025-07-01 09:54:31,578] [operations.py:1162]        [INFO]     | Zack Snyder                                                                                        |
[2025-07-01 09:54:31,578] [operations.py:1163]        [INFO]     |                                                                                                    |
[2025-07-01 09:54:31,578] [operations.py:1164]        [INFO]     | 279 Unconfigured Collections                                                                       |
[2025-07-01 09:54:31,579] [operations.py:1253]        [INFO]     |                                                                                                    |
[2025-07-01 09:54:31,579] [operations.py:1254]        [INFO]     |====================================================================================================|
[2025-07-01 09:54:31,579] [operations.py:1254]        [INFO]     |                                 Finished Movies Library Operations                                 |
[2025-07-01 09:54:31,579] [operations.py:1254]        [INFO]     |                                    Operations Run Time: 0:00:01                                    |
[2025-07-01 09:54:31,579] [operations.py:1254]        [INFO]     |====================================================================================================|
[2025-07-01 09:54:31,579] [kometa.py:737]             [INFO]     |                                                                                                    |
[2025-07-01 09:54:31,579] [kometa.py:738]             [INFO]     |====================================================================================================|
[2025-07-01 09:54:31,579] [kometa.py:738]             [INFO]     |                                    Running year Collection File                                    |
[2025-07-01 09:54:31,579] [kometa.py:738]             [INFO]     |                                                year                                                |
[2025-07-01 09:54:31,579] [kometa.py:738]             [INFO]     |====================================================================================================|
[2025-07-01 09:54:31,579] [kometa.py:745]             [INFO]     |                                                                                                    |
[2025-07-01 09:54:31,579] [kometa.py:746]             [INFO]     |====================================================================================================|
[2025-07-01 09:54:31,579] [kometa.py:746]             [INFO]     |                                            Collections                                             |
[2025-07-01 09:54:31,579] [kometa.py:746]             [INFO]     |====================================================================================================|
[2025-07-01 09:54:31,579] [kometa.py:796]             [INFO]     |                                                                                                    |
[2025-07-01 09:54:31,579] [builder.py:204]            [INFO]     |====================================================================================================|
[2025-07-01 09:54:31,579] [builder.py:204]            [INFO]     |                               Year Collections Collection in Movies                                |
[2025-07-01 09:54:31,579] [builder.py:204]            [INFO]     |====================================================================================================|
[2025-07-01 09:54:31,579] [builder.py:205]            [INFO]     |                                                                                                    |
[2025-07-01 09:54:31,580] [builder.py:216]            [INFO]     |================================ Building Definition From Templates ================================|
[2025-07-01 09:54:31,580] [builder.py:217]            [DEBUG]    |                                                                                                    |
[2025-07-01 09:54:31,580] [builder.py:227]            [DEBUG]    | Templates Called: separator                                                                        |
[2025-07-01 09:54:31,580] [builder.py:228]            [DEBUG]    |                                                                                                    |
[2025-07-01 09:54:31,580] [meta.py:367]               [DEBUG]    |                                                                                                    |
[2025-07-01 09:54:31,580] [meta.py:368]               [DEBUG]    | Conditional: use_blank                                                                             |
[2025-07-01 09:54:31,587] [meta.py:598]               [DEBUG]    |==================================== Final Template Attributes =====================================|
[2025-07-01 09:54:31,587] [meta.py:599]               [DEBUG]    |                                                                                                    |
[2025-07-01 09:54:31,587] [meta.py:600]               [DEBUG]    | {'run_definition': False, 'sort_title': '!010_!<<title>>', 'blank_collection': True, 'url_poster': 'https://raw.githubusercontent.com/Kometa-Team/Default-Images/master/separators/orig/year.jpg', 'translation_key': 'separator', 'key_name': 'Year'} |
[2025-07-01 09:54:31,587] [meta.py:601]               [DEBUG]    |                                                                                                    |
[2025-07-01 09:54:31,587] [builder.py:244]            [INFO]     |============================== Validating Year Collections Attributes ==============================|
[2025-07-01 09:54:31,675] [builder.py:283]            [DEBUG]    |                                                                                                    |
[2025-07-01 09:54:31,675] [builder.py:284]            [DEBUG]    | Validating Method: key_name                                                                        |
[2025-07-01 09:54:31,675] [builder.py:297]            [DEBUG]    | Value: Year                                                                                        |
[2025-07-01 09:54:31,675] [builder.py:309]            [DEBUG]    |                                                                                                    |
[2025-07-01 09:54:31,675] [builder.py:310]            [DEBUG]    | Validating Method: translation_key                                                                 |
[2025-07-01 09:54:31,675] [builder.py:313]            [DEBUG]    | Value: separator                                                                                   |
[2025-07-01 09:54:31,675] [builder.py:393]            [INFO]     | Final Name: Year Collections                                                                       |
[2025-07-01 09:54:31,766] [plex.py:1069]              [DEBUG]    |                                                                                                    |
[2025-07-01 09:54:31,767] [plex.py:1072]              [DEBUG]    | Looking for: Year Collections                                                                      |
[2025-07-01 09:54:31,767] [builder.py:436]            [DEBUG]    |                                                                                                    |
[2025-07-01 09:54:31,767] [builder.py:437]            [DEBUG]    | Validating Method: run_definition                                                                  |
[2025-07-01 09:54:31,767] [builder.py:440]            [DEBUG]    | Value: False                                                                                       |
[2025-07-01 09:54:31,767] [kometa.py:952]             [INFO]     | Skipped because run_definition is false                                                            |
[2025-07-01 09:54:31,767] [kometa.py:977]             [INFO]     |                                                                                                    |
[2025-07-01 09:54:31,767] [kometa.py:978]             [INFO]     |====================================================================================================|
[2025-07-01 09:54:31,767] [kometa.py:978]             [INFO]     |                                Finished Year Collections Collection                                |
[2025-07-01 09:54:31,767] [kometa.py:978]             [INFO]     |                                    Collection Run Time: 0:00:00                                    |
[2025-07-01 09:54:31,767] [kometa.py:978]             [INFO]     |====================================================================================================|
[2025-07-01 09:54:31,767] [builder.py:204]            [INFO]     |====================================================================================================|
[2025-07-01 09:54:31,767] [builder.py:204]            [INFO]     |                                 Best of 2024 Collection in Movies                                  |
[2025-07-01 09:54:31,767] [builder.py:204]            [INFO]     |====================================================================================================|
[2025-07-01 09:54:31,767] [builder.py:205]            [INFO]     |                                                                                                    |
[2025-07-01 09:54:31,767] [builder.py:216]            [INFO]     |================================ Building Definition From Templates ================================|
[2025-07-01 09:54:31,767] [builder.py:217]            [DEBUG]    |                                                                                                    |
[2025-07-01 09:54:31,767] [builder.py:227]            [DEBUG]    | Templates Called: smart_filter, shared                                                             |
[2025-07-01 09:54:31,767] [builder.py:228]            [DEBUG]    |                                                                                                    |
[2025-07-01 09:54:31,771] [meta.py:367]               [DEBUG]    |                                                                                                    |
[2025-07-01 09:54:31,771] [meta.py:368]               [DEBUG]    | Conditional: name_<<key>>                                                                          |
[2025-07-01 09:54:31,771] [meta.py:367]               [DEBUG]    |                                                                                                    |
[2025-07-01 09:54:31,771] [meta.py:368]               [DEBUG]    | Conditional: summary_<<key>>                                                                       |
[2025-07-01 09:54:31,771] [meta.py:367]               [DEBUG]    |                                                                                                    |
[2025-07-01 09:54:31,771] [meta.py:368]               [DEBUG]    | Conditional: url_poster_<<key>>                                                                    |
[2025-07-01 09:54:31,771] [meta.py:367]               [DEBUG]    |                                                                                                    |
[2025-07-01 09:54:31,771] [meta.py:368]               [DEBUG]    | Conditional: final_use                                                                             |
[2025-07-01 09:54:31,779] [meta.py:598]               [DEBUG]    |==================================== Final Template Attributes =====================================|
[2025-07-01 09:54:31,779] [meta.py:599]               [DEBUG]    |                                                                                                    |
[2025-07-01 09:54:31,779] [meta.py:600]               [DEBUG]    | {'smart_filter': {'sort_by': 'critic_rating.desc', 'limit': 25, 'any': {'year': ['2024']}}, 'translation_key': 'year', 'key_name': '2024', 'summary': 'Top 25 movies of 2024. Sorted by critic rating.', 'limit': 25, 'ignore_blank_results': True, 'sort_title': '!010_<<title>>', 'url_poster': 'https://raw.githubusercontent.com/Kometa-Team/Default-Images/master/year/best/2024.jpg', 'schedule': 'range(01/01-02/28)'} |
[2025-07-01 09:54:31,779] [meta.py:601]               [DEBUG]    |                                                                                                    |
[2025-07-01 09:54:31,779] [builder.py:244]            [INFO]     |================================ Validating Best of 2024 Attributes ================================|
[2025-07-01 09:54:31,779] [builder.py:272]            [DEBUG]    |                                                                                                    |
[2025-07-01 09:54:31,779] [builder.py:273]            [DEBUG]    | Validating Method: limit                                                                           |
[2025-07-01 09:54:31,779] [builder.py:283]            [DEBUG]    |                                                                                                    |
[2025-07-01 09:54:31,779] [builder.py:284]            [DEBUG]    | Validating Method: key_name                                                                        |
[2025-07-01 09:54:31,779] [builder.py:297]            [DEBUG]    | Value: 2024                                                                                        |
[2025-07-01 09:54:31,779] [builder.py:309]            [DEBUG]    |                                                                                                    |
[2025-07-01 09:54:31,779] [builder.py:310]            [DEBUG]    | Validating Method: translation_key                                                                 |
[2025-07-01 09:54:31,779] [builder.py:313]            [DEBUG]    | Value: year                                                                                        |
[2025-07-01 09:54:31,779] [builder.py:393]            [INFO]     | Final Name: Best of 2024                                                                           |
[2025-07-01 09:54:31,846] [plex.py:1069]              [DEBUG]    |                                                                                                    |
[2025-07-01 09:54:31,846] [plex.py:1072]              [DEBUG]    | Looking for: Best of 2024                                                                          |
[2025-07-01 09:54:31,846] [builder.py:640]            [DEBUG]    |                                                                                                    |
[2025-07-01 09:54:31,846] [builder.py:641]            [DEBUG]    | Validating Method: ignore_blank_results                                                            |
[2025-07-01 09:54:31,846] [builder.py:642]            [DEBUG]    | Value: True                                                                                        |
[2025-07-01 09:54:31,846] [builder.py:683]            [DEBUG]    |                                                                                                    |
[2025-07-01 09:54:31,846] [builder.py:684]            [DEBUG]    | Validating Method: schedule                                                                        |
[2025-07-01 09:54:31,846] [builder.py:688]            [DEBUG]    | Value: range(01/01-02/28)                                                                          |
[2025-07-01 09:54:31,917] [plex.py:1069]              [DEBUG]    |                                                                                                    |
[2025-07-01 09:54:31,918] [plex.py:1072]              [DEBUG]    | Looking for: Best of 2024                                                                          |
[2025-07-01 09:54:31,918] [kometa.py:952]             [INFO]     |                                                                                                    |
                                                                 | Scheduled January 1st and February 28th                                                            |
                                                                 |                                                                                                    |
                                                                 | Collection Best of 2024 not scheduled to run and could not be found to delete                      |
[2025-07-01 09:54:31,918] [kometa.py:977]             [INFO]     |                                                                                                    |
[2025-07-01 09:54:31,918] [kometa.py:978]             [INFO]     |====================================================================================================|
[2025-07-01 09:54:31,918] [kometa.py:978]             [INFO]     |                                  Finished Best of 2024 Collection                                  |
[2025-07-01 09:54:31,918] [kometa.py:978]             [INFO]     |                                    Collection Run Time: 0:00:00                                    |
[2025-07-01 09:54:31,918] [kometa.py:978]             [INFO]     |====================================================================================================|
[2025-07-01 09:54:31,918] [kometa.py:630]             [INFO]     |                                                                                                    |
[2025-07-01 09:54:31,918] [kometa.py:631]             [INFO]     |====================================================================================================|
[2025-07-01 09:54:31,918] [kometa.py:631]             [INFO]     |                                           Movies Library                                           |
[2025-07-01 09:54:31,919] [kometa.py:631]             [INFO]     |====================================================================================================|
[2025-07-01 09:54:31,919] [kometa.py:633]             [DEBUG]    |                                                                                                    |
[2025-07-01 09:54:31,919] [kometa.py:634]             [DEBUG]    | Library Name: Movies                                                                               |
[2025-07-01 09:54:31,919] [kometa.py:635]             [DEBUG]    | Run Order: operations, metadata, collections, overlays                                             |
[2025-07-01 09:54:31,919] [kometa.py:636]             [DEBUG]    | Folder Name: Movies                                                                                |
[2025-07-01 09:54:31,919] [kometa.py:638]             [DEBUG]    | Asset Directory: config/assets/plex/Movies                                                         |
[2025-07-01 09:54:31,919] [kometa.py:639]             [DEBUG]    | Asset Folders: True                                                                                |
[2025-07-01 09:54:31,919] [kometa.py:640]             [DEBUG]    | Asset Depth: 2                                                                                     |
[2025-07-01 09:54:31,919] [kometa.py:641]             [DEBUG]    | Create Asset Folders: True                                                                         |
[2025-07-01 09:54:31,919] [kometa.py:642]             [DEBUG]    | Prioritize Assets: True                                                                            |
[2025-07-01 09:54:31,919] [kometa.py:643]             [DEBUG]    | Dimensional Asset Rename: False                                                                    |
[2025-07-01 09:54:31,919] [kometa.py:644]             [DEBUG]    | Download URL Assets: True                                                                          |
[2025-07-01 09:54:31,919] [kometa.py:645]             [DEBUG]    | Show Missing Assets: False                                                                         |
[2025-07-01 09:54:31,919] [kometa.py:646]             [DEBUG]    | Show Missing Season Assets: False                                                                  |
[2025-07-01 09:54:31,919] [kometa.py:647]             [DEBUG]    | Show Missing Episode Assets: False                                                                 |
[2025-07-01 09:54:31,919] [kometa.py:648]             [DEBUG]    | Show Assets Not Needed: False                                                                      |
[2025-07-01 09:54:31,919] [kometa.py:649]             [DEBUG]    | Sync Mode: append                                                                                  |
[2025-07-01 09:54:31,919] [kometa.py:650]             [DEBUG]    | Minimum Items: 1                                                                                   |
[2025-07-01 09:54:31,919] [kometa.py:651]             [DEBUG]    | Delete Below Minimum: True                                                                         |
[2025-07-01 09:54:31,919] [kometa.py:652]             [DEBUG]    | Delete Not Scheduled: False                                                                        |
[2025-07-01 09:54:31,919] [kometa.py:653]             [DEBUG]    | Default Collection Order: None                                                                     |
[2025-07-01 09:54:31,919] [kometa.py:654]             [DEBUG]    | Missing Only Released: False                                                                       |
[2025-07-01 09:54:31,919] [kometa.py:655]             [DEBUG]    | Only Filter Missing: False                                                                         |
[2025-07-01 09:54:31,920] [kometa.py:656]             [DEBUG]    | Show Unmanaged: True                                                                               |
[2025-07-01 09:54:31,920] [kometa.py:657]             [DEBUG]    | Show Unconfigured: True                                                                            |
[2025-07-01 09:54:31,920] [kometa.py:658]             [DEBUG]    | Show Filtered: False                                                                               |
[2025-07-01 09:54:31,920] [kometa.py:659]             [DEBUG]    | Show Unfiltered: False                                                                             |
[2025-07-01 09:54:31,920] [kometa.py:660]             [DEBUG]    | Show Options: True                                                                                 |
[2025-07-01 09:54:31,920] [kometa.py:661]             [DEBUG]    | Show Missing: False                                                                                |
[2025-07-01 09:54:31,920] [kometa.py:662]             [DEBUG]    | Save Report: False                                                                                 |
[2025-07-01 09:54:31,920] [kometa.py:663]             [DEBUG]    | Report Path: /Users/zacharygoodnite/Kometa/config/Movies_report.yml                                |
[2025-07-01 09:54:31,920] [kometa.py:664]             [DEBUG]    | Ignore IDs: []                                                                                     |
[2025-07-01 09:54:31,920] [kometa.py:665]             [DEBUG]    | Ignore IMDb IDs: []                                                                                |
[2025-07-01 09:54:31,920] [kometa.py:666]             [DEBUG]    | Item Refresh Delay: 0                                                                              |
[2025-07-01 09:54:31,920] [kometa.py:667]             [DEBUG]    | Clean Bundles: False                                                                               |
[2025-07-01 09:54:31,920] [kometa.py:668]             [DEBUG]    | Empty Trash: True                                                                                  |
[2025-07-01 09:54:31,920] [kometa.py:669]             [DEBUG]    | Optimize: True                                                                                     |
[2025-07-01 09:54:31,920] [kometa.py:670]             [DEBUG]    | Timeout: 60                                                                                        |
[2025-07-01 09:54:31,921] [library.py:389]            [INFO]     |                                                                                                    |
[2025-07-01 09:54:31,921] [library.py:390]            [INFO]     |=================================== Caching Movies Library Items ===================================|
[2025-07-01 09:54:31,921] [library.py:391]            [INFO]     |                                                                                                    |
[2025-07-01 09:54:31,921] [plex.py:606]               [INFO]     | Loading All Movies from Library: Movies                                                            |
[2025-07-01 09:54:41,696] [plex.py:626]               [INFO]     | Loaded 6454 Movies                                                                                 |
[2025-07-01 09:54:41,876] [kometa.py:716]             [INFO]     |                                                                                                    |
[2025-07-01 09:54:41,877] [kometa.py:717]             [INFO]     |====================================== Mapping Movies Library ======================================|
[2025-07-01 09:54:41,877] [kometa.py:718]             [INFO]     |                                                                                                    |
[2025-07-01 09:54:42,202] [convert.py:408]            [INFO]     | Mapping Error | local://7450                                   | No match in Plex for "Dragon Ball Z Resurrection 'F' Super Fan Edit" |
[2025-07-01 09:54:42,319] [convert.py:408]            [INFO]     | Mapping Error | local://81862                                  | No match in Plex for "A Goofy Movie 16 Bit" |
[2025-07-01 09:54:42,362] [convert.py:402]            [DEBUG]    | TMDb: [], IMDb: [], TVDb: [138435]                                                                 |
[2025-07-01 09:54:42,362] [convert.py:405]            [INFO]     | Mapping Error | plex://movie/5f2fa396b434b2004054f846          | No ID to convert for "Harry Potter and the Deathly Weapons" |
[2025-07-01 09:54:42,380] [convert.py:408]            [INFO]     | Mapping Error | local://25216                                  | No match in Plex for "The Hobbit" |
[2025-07-01 09:54:42,475] [convert.py:405]            [INFO]     | Mapping Error | plex://movie/663f0d7e08eee4e5469ef2bc          | Refresh Metadata for "How to Rob a Bank" |
[2025-07-01 09:54:42,519] [convert.py:408]            [INFO]     | Mapping Error | local://25524                                  | No match in Plex for "The Iron Giant Signature Edition" |
[2025-07-01 09:54:42,534] [convert.py:408]            [INFO]     | Mapping Error | local://12454                                  | No match in Plex for "Jingle All the Way Family Fun Edition" |
[2025-07-01 09:54:42,885] [convert.py:402]            [DEBUG]    | TMDb: [], IMDb: [], TVDb: [318686]                                                                 |
[2025-07-01 09:54:42,885] [convert.py:405]            [INFO]     | Mapping Error | plex://movie/61ab6185ce336b93cb1160cc          | No ID to convert for "Robin Williams Remembered" |
[2025-07-01 09:54:43,162] [library.py:446]            [INFO]     |                                                                                                    |
[2025-07-01 09:54:43,162] [library.py:447]            [INFO]     | Processed 6454 Movies                                                                              |
[2025-07-01 09:54:43,162] [operations.py:32]          [INFO]     |                                                                                                    |
[2025-07-01 09:54:43,162] [operations.py:33]          [INFO]     |====================================================================================================|
[2025-07-01 09:54:43,162] [operations.py:33]          [INFO]     |                                     Movies Library Operations                                      |
[2025-07-01 09:54:43,162] [operations.py:33]          [INFO]     |====================================================================================================|
[2025-07-01 09:54:43,162] [operations.py:34]          [INFO]     |                                                                                                    |
[2025-07-01 09:54:43,162] [operations.py:35]          [DEBUG]    | Assets For All: True                                                                               |
[2025-07-01 09:54:43,162] [operations.py:36]          [DEBUG]    | Delete Collections: None                                                                           |
[2025-07-01 09:54:43,162] [operations.py:37]          [DEBUG]    | Show Unmanaged Collections: True                                                                   |
[2025-07-01 09:54:43,162] [operations.py:38]          [DEBUG]    | Show Unconfigured Collections: True                                                                |
[2025-07-01 09:54:43,162] [operations.py:39]          [DEBUG]    | Mass Genre Update: ['tmdb']                                                                        |
[2025-07-01 09:54:43,162] [operations.py:40]          [DEBUG]    | Mass Audience Rating Update: ['tmdb']                                                              |
[2025-07-01 09:54:43,162] [operations.py:41]          [DEBUG]    | Mass Critic Rating Update: None                                                                    |
[2025-07-01 09:54:43,162] [operations.py:42]          [DEBUG]    | Mass User Rating Update: ['trakt_user']                                                            |
[2025-07-01 09:54:43,162] [operations.py:43]          [DEBUG]    | Mass Episode Audience Rating Update: None                                                          |
[2025-07-01 09:54:43,162] [operations.py:44]          [DEBUG]    | Mass Episode Critic Rating Update: None                                                            |
[2025-07-01 09:54:43,162] [operations.py:45]          [DEBUG]    | Mass Episode User Rating Update: None                                                              |
[2025-07-01 09:54:43,162] [operations.py:46]          [DEBUG]    | Mass Content Rating Update: None                                                                   |
[2025-07-01 09:54:43,162] [operations.py:47]          [DEBUG]    | Mass Original Title Update: None                                                                   |
[2025-07-01 09:54:43,162] [operations.py:48]          [DEBUG]    | Mass Originally Available Update: None                                                             |
[2025-07-01 09:54:43,162] [operations.py:49]          [DEBUG]    | Mass Added At Update: None                                                                         |
[2025-07-01 09:54:43,162] [operations.py:50]          [DEBUG]    | Mass IMDb Parental Labels: mild                                                                    |
[2025-07-01 09:54:43,162] [operations.py:51]          [DEBUG]    | Mass Poster Update: {'source': 'tmdb', 'seasons': True, 'episodes': True, 'ignore_locked': False, 'ignore_overlays': False} |
[2025-07-01 09:54:43,162] [operations.py:52]          [DEBUG]    | Mass Background Update: None                                                                       |
[2025-07-01 09:54:43,162] [operations.py:53]          [DEBUG]    | Mass Collection Mode Update: None                                                                  |
[2025-07-01 09:54:43,162] [operations.py:54]          [DEBUG]    | Split Duplicates: None                                                                             |
[2025-07-01 09:54:43,162] [operations.py:55]          [DEBUG]    | Radarr Add All Existing: None                                                                      |
[2025-07-01 09:54:43,162] [operations.py:56]          [DEBUG]    | Radarr Remove by Tag: None                                                                         |
[2025-07-01 09:54:43,162] [operations.py:57]          [DEBUG]    | Sonarr Add All Existing: None                                                                      |
[2025-07-01 09:54:43,162] [operations.py:58]          [DEBUG]    | Sonarr Remove by Tag: None                                                                         |
[2025-07-01 09:54:43,162] [operations.py:59]          [DEBUG]    | Update Blank Track Titles: None                                                                    |
[2025-07-01 09:54:43,162] [operations.py:60]          [DEBUG]    | Update Remove Title Parentheses: None                                                              |
[2025-07-01 09:54:43,162] [operations.py:61]          [DEBUG]    | Genre Mapper: None                                                                                 |
[2025-07-01 09:54:43,162] [operations.py:62]          [DEBUG]    | Content Rating Mapper: None                                                                        |
[2025-07-01 09:54:43,162] [operations.py:63]          [DEBUG]    | Metadata Backup: None                                                                              |
[2025-07-01 09:54:43,162] [operations.py:64]          [DEBUG]    | Item Operation: True                                                                               |
[2025-07-01 09:54:43,162] [operations.py:65]          [DEBUG]    |                                                                                                    |
[2025-07-01 09:54:43,162] [plex.py:606]               [INFO]     | Loading All Movies from Library: Movies                                                            |
[2025-07-01 09:54:52,264] [plex.py:626]               [INFO]     | Loaded 6454 Movies                                                                                 |
[2025-07-01 09:54:52,265] [operations.py:132]         [INFO]     |                                                                                                    |
[2025-07-01 09:54:52,265] [operations.py:133]         [INFO]     | Processing: 1/6454 The 'Burbs                                                                      |
[2025-07-01 09:54:52,451] [operations.py:762]         [INFO]     | No Item Edits                                                                                      |
[2025-07-01 09:54:52,452] [plex.py:1306]              [INFO]     | The 'Burbs Poster | Reset from the Assets Directory                                                |
[2025-07-01 09:54:52,659] [operations.py:132]         [INFO]     |                                                                                                    |
[2025-07-01 09:54:52,659] [operations.py:133]         [INFO]     | Processing: 2/6454 *batteries not included                                                         |
[2025-07-01 09:54:52,737] [operations.py:762]         [INFO]     | No Item Edits                                                                                      |
[2025-07-01 09:54:52,738] [plex.py:1306]              [INFO]     | *batteries not included Poster | Reset from TMDb                                                   |
[2025-07-01 09:54:53,370] [operations.py:132]         [INFO]     |                                                                                                    |
[2025-07-01 09:54:53,370] [operations.py:133]         [INFO]     | Processing: 3/6454 2 Guns                                                                          |
[2025-07-01 09:54:53,454] [operations.py:762]         [INFO]     | No Item Edits                                                                                      |
[2025-07-01 09:54:53,455] [plex.py:1306]              [INFO]     | 2 Guns Poster | Reset from the Assets Directory                                                    |
[2025-07-01 09:54:53,649] [operations.py:132]         [INFO]     |                                                                                                    |
[2025-07-01 09:54:53,649] [operations.py:133]         [INFO]     | Processing: 4/6454 3 Days to Kill                                                                  |
[2025-07-01 09:55:12,227] [kometa.py:791]             [DEBUG]    | Traceback (most recent call last):                                                                 |
                                                                 |   File "/Volumes/MacOS/Servers/Kometa/kometa.py", line 785, in run_libraries                       |
                                                                 |     library_status[library.name]["Library Operations"] = library.Operations.run_operations()       |
                                                                 |                                                          ~~~~~~~~~~~~~~~~~~~~~~~~~~~~~~~~~^^       |
                                                                 |   File "/Volumes/MacOS/Servers/Kometa/modules/operations.py", line 146, in run_operations          |
                                                                 |     tmdb_id, tvdb_id, imdb_id = self.library.get_ids(item)                                         |
                                                                 |                                 ~~~~~~~~~~~~~~~~~~~~^^^^^^                                         |
                                                                 |   File "/Volumes/MacOS/Servers/Kometa/modules/plex.py", line 1532, in get_ids                      |
                                                                 |     t_id, i_id, guid_media_type, _ = self.config.Cache.query_guid_map(item.guid)                   |
                                                                 |                                      ~~~~~~~~~~~~~~~~~~~~~~~~~~~~~~~~^^^^^^^^^^^                   |
                                                                 |   File "/Volumes/MacOS/Servers/Kometa/modules/cache.py", line 343, in query_guid_map               |
                                                                 |     cursor.execute(f"SELECT * FROM guids_map WHERE plex_guid = ?", (plex_guid,))                   |
                                                                 |     ~~~~~~~~~~~~~~^^^^^^^^^^^^^^^^^^^^^^^^^^^^^^^^^^^^^^^^^^^^^^^^^^^^^^^^^^^^^^                   |
                                                                 | sqlite3.OperationalError: no such table: guids_map                                                 |
                                                                 |                                                                                                    |
[2025-07-01 09:55:12,228] [kometa.py:792]             [CRITICAL] | no such table: guids_map                                                                           |
[2025-07-01 09:55:12,228] [kometa.py:630]             [INFO]     |                                                                                                    |
[2025-07-01 09:55:12,228] [kometa.py:631]             [INFO]     |====================================================================================================|
[2025-07-01 09:55:12,228] [kometa.py:631]             [INFO]     |                                          TV Shows Library                                          |
[2025-07-01 09:55:12,229] [kometa.py:631]             [INFO]     |====================================================================================================|
[2025-07-01 09:55:12,229] [kometa.py:633]             [DEBUG]    |                                                                                                    |
[2025-07-01 09:55:12,229] [kometa.py:634]             [DEBUG]    | Library Name: TV Shows                                                                             |
[2025-07-01 09:55:12,229] [kometa.py:635]             [DEBUG]    | Run Order: operations, metadata, collections, overlays                                             |
[2025-07-01 09:55:12,229] [kometa.py:636]             [DEBUG]    | Folder Name: TV Shows                                                                              |
[2025-07-01 09:55:12,229] [kometa.py:638]             [DEBUG]    | Asset Directory: config/assets/plex/Movies                                                         |
[2025-07-01 09:55:12,229] [kometa.py:639]             [DEBUG]    | Asset Folders: True                                                                                |
[2025-07-01 09:55:12,229] [kometa.py:640]             [DEBUG]    | Asset Depth: 2                                                                                     |
[2025-07-01 09:55:12,229] [kometa.py:641]             [DEBUG]    | Create Asset Folders: True                                                                         |
[2025-07-01 09:55:12,229] [kometa.py:642]             [DEBUG]    | Prioritize Assets: True                                                                            |
[2025-07-01 09:55:12,229] [kometa.py:643]             [DEBUG]    | Dimensional Asset Rename: False                                                                    |
[2025-07-01 09:55:12,229] [kometa.py:644]             [DEBUG]    | Download URL Assets: True                                                                          |
[2025-07-01 09:55:12,229] [kometa.py:645]             [DEBUG]    | Show Missing Assets: False                                                                         |
[2025-07-01 09:55:12,229] [kometa.py:646]             [DEBUG]    | Show Missing Season Assets: False                                                                  |
[2025-07-01 09:55:12,229] [kometa.py:647]             [DEBUG]    | Show Missing Episode Assets: False                                                                 |
[2025-07-01 09:55:12,229] [kometa.py:648]             [DEBUG]    | Show Assets Not Needed: False                                                                      |
[2025-07-01 09:55:12,229] [kometa.py:649]             [DEBUG]    | Sync Mode: append                                                                                  |
[2025-07-01 09:55:12,230] [kometa.py:650]             [DEBUG]    | Minimum Items: 1                                                                                   |
[2025-07-01 09:55:12,230] [kometa.py:651]             [DEBUG]    | Delete Below Minimum: True                                                                         |
[2025-07-01 09:55:12,230] [kometa.py:652]             [DEBUG]    | Delete Not Scheduled: False                                                                        |
[2025-07-01 09:55:12,230] [kometa.py:653]             [DEBUG]    | Default Collection Order: None                                                                     |
[2025-07-01 09:55:12,230] [kometa.py:654]             [DEBUG]    | Missing Only Released: False                                                                       |
[2025-07-01 09:55:12,230] [kometa.py:655]             [DEBUG]    | Only Filter Missing: False                                                                         |
[2025-07-01 09:55:12,230] [kometa.py:656]             [DEBUG]    | Show Unmanaged: True                                                                               |
[2025-07-01 09:55:12,230] [kometa.py:657]             [DEBUG]    | Show Unconfigured: True                                                                            |
[2025-07-01 09:55:12,230] [kometa.py:658]             [DEBUG]    | Show Filtered: False                                                                               |
[2025-07-01 09:55:12,230] [kometa.py:659]             [DEBUG]    | Show Unfiltered: False                                                                             |
[2025-07-01 09:55:12,230] [kometa.py:660]             [DEBUG]    | Show Options: True                                                                                 |
[2025-07-01 09:55:12,230] [kometa.py:661]             [DEBUG]    | Show Missing: False                                                                                |
[2025-07-01 09:55:12,230] [kometa.py:662]             [DEBUG]    | Save Report: False                                                                                 |
[2025-07-01 09:55:12,230] [kometa.py:663]             [DEBUG]    | Report Path: /Users/zacharygoodnite/Kometa/config/TV Shows_report.yml                              |
[2025-07-01 09:55:12,230] [kometa.py:664]             [DEBUG]    | Ignore IDs: []                                                                                     |
[2025-07-01 09:55:12,230] [kometa.py:665]             [DEBUG]    | Ignore IMDb IDs: []                                                                                |
[2025-07-01 09:55:12,230] [kometa.py:666]             [DEBUG]    | Item Refresh Delay: 0                                                                              |
[2025-07-01 09:55:12,230] [kometa.py:667]             [DEBUG]    | Clean Bundles: False                                                                               |
[2025-07-01 09:55:12,230] [kometa.py:668]             [DEBUG]    | Empty Trash: True                                                                                  |
[2025-07-01 09:55:12,230] [kometa.py:669]             [DEBUG]    | Optimize: True                                                                                     |
[2025-07-01 09:55:12,230] [kometa.py:670]             [DEBUG]    | Timeout: 60                                                                                        |
[2025-07-01 09:55:12,232] [kometa.py:791]             [DEBUG]    | Traceback (most recent call last):                                                                 |
                                                                 |   File "/Volumes/MacOS/Servers/Kometa/kometa.py", line 709, in run_libraries                       |
                                                                 |     list_key, _ = config.Cache.query_list_cache("library", library.mapping_name, 1)                |
                                                                 |                   ~~~~~~~~~~~~~~~~~~~~~~~~~~~~~^^^^^^^^^^^^^^^^^^^^^^^^^^^^^^^^^^^^                |
                                                                 |   File "/Volumes/MacOS/Servers/Kometa/modules/cache.py", line 970, in query_list_cache             |
                                                                 |     cursor.execute(f"SELECT * FROM list_cache WHERE list_type = ? AND list_data = ?", (list_type, list_data)) |
                                                                 |     ~~~~~~~~~~~~~~^^^^^^^^^^^^^^^^^^^^^^^^^^^^^^^^^^^^^^^^^^^^^^^^^^^^^^^^^^^^^^^^^^^^^^^^^^^^^^^^^^^^^^^^^^^ |
                                                                 | sqlite3.OperationalError: no such table: list_cache                                                |
                                                                 |                                                                                                    |
[2025-07-01 09:55:12,233] [kometa.py:792]             [CRITICAL] | no such table: list_cache                                                                          |
[2025-07-01 09:55:12,345] [kometa.py:576]             [INFO]     |                                                                                                    |
[2025-07-01 09:55:12,345] [kometa.py:577]             [INFO]     |====================================================================================================|
[2025-07-01 09:55:12,345] [kometa.py:577]             [INFO]     |                                              Summary                                               |
[2025-07-01 09:55:12,345] [kometa.py:577]             [INFO]     |====================================================================================================|
[2025-07-01 09:55:12,345] [kometa.py:579]             [INFO]     |                                                                                                    |
[2025-07-01 09:55:12,345] [kometa.py:580]             [INFO]     |========================================== Movies Summary ==========================================|
[2025-07-01 09:55:12,345] [kometa.py:581]             [INFO]     |                                                                                                    |
[2025-07-01 09:55:12,345] [kometa.py:582]             [INFO]     | Title                       | Run Time |                                                           |
[2025-07-01 09:55:12,345] [kometa.py:583]             [INFO]     | =========================== | ======== |                                                           |
[2025-07-01 09:55:12,345] [kometa.py:586]             [INFO]     | Library Loading and Mapping |  0:00:11 |                                                           |
[2025-07-01 09:55:12,345] [kometa.py:587]             [INFO]     |                                                                                                    |
[2025-07-01 09:55:12,345] [kometa.py:566]             [INFO]     |        Title         |   +   |   =   |   -   | Run Time | Status                                   |
[2025-07-01 09:55:12,345] [kometa.py:568]             [INFO]     |======================|=======|=======|=======|==========|==========================================|
[2025-07-01 09:55:12,345] [kometa.py:570]             [INFO]     | Year Collections     |     0 |     0 |     0 |  0:00:00 | Skipped Run Definition                   |
[2025-07-01 09:55:12,345] [kometa.py:570]             [INFO]     | Best of 2024         |     0 |     0 |     0 |  0:00:00 | Not Scheduled                            |
[2025-07-01 09:55:12,345] [kometa.py:579]             [INFO]     |                                                                                                    |
[2025-07-01 09:55:12,345] [kometa.py:580]             [INFO]     |========================================== Movies Summary ==========================================|
[2025-07-01 09:55:12,346] [kometa.py:581]             [INFO]     |                                                                                                    |
[2025-07-01 09:55:12,346] [kometa.py:582]             [INFO]     | Title                       | Run Time |                                                           |
[2025-07-01 09:55:12,346] [kometa.py:583]             [INFO]     | =========================== | ======== |                                                           |
[2025-07-01 09:55:12,346] [kometa.py:586]             [INFO]     | Library Loading and Mapping |  0:00:11 |                                                           |
[2025-07-01 09:55:12,346] [kometa.py:587]             [INFO]     |                                                                                                    |
[2025-07-01 09:55:12,346] [kometa.py:566]             [INFO]     |        Title         |   +   |   =   |   -   | Run Time | Status                                   |
[2025-07-01 09:55:12,346] [kometa.py:568]             [INFO]     |======================|=======|=======|=======|==========|==========================================|
[2025-07-01 09:55:12,346] [kometa.py:579]             [INFO]     |                                                                                                    |
[2025-07-01 09:55:12,346] [kometa.py:580]             [INFO]     |========================================= TV Shows Summary =========================================|
[2025-07-01 09:55:12,346] [kometa.py:581]             [INFO]     |                                                                                                    |
[2025-07-01 09:55:12,346] [kometa.py:582]             [INFO]     | Title                       | Run Time |                                                           |
[2025-07-01 09:55:12,346] [kometa.py:583]             [INFO]     | =========================== | ======== |                                                           |
[2025-07-01 09:55:12,346] [kometa.py:587]             [INFO]     |                                                                                                    |
[2025-07-01 09:55:12,346] [kometa.py:566]             [INFO]     |        Title         |   +   |   =   |   -   | Run Time | Status                                   |
[2025-07-01 09:55:12,346] [kometa.py:568]             [INFO]     |======================|=======|=======|=======|==========|==========================================|
[2025-07-01 09:55:12,346] [kometa.py:378]             [INFO]     |                                                                                                    |
[2025-07-01 09:55:12,347] [kometa.py:453]             [INFO]     |========================================= Warning Summary ==========================================|
[2025-07-01 09:55:12,348] [kometa.py:455]             [INFO]     |                                                                                                    |
[2025-07-01 09:55:12,348] [kometa.py:456]             [INFO]     | Count | Message                                                                                    |
[2025-07-01 09:55:12,348] [kometa.py:457]             [INFO]     |=======|============================================================================================|
[2025-07-01 09:55:12,348] [kometa.py:459]             [INFO]     |     1 | Config Warning: seasons attribute not found using True as default                          |
[2025-07-01 09:55:12,348] [kometa.py:459]             [INFO]     |     1 | Config Warning: episodes attribute not found using True as default                         |
[2025-07-01 09:55:12,348] [kometa.py:459]             [INFO]     |     1 | Config Warning: ignore_locked attribute not found using False as default                   |
[2025-07-01 09:55:12,348] [kometa.py:459]             [INFO]     |     1 | Config Warning: ignore_overlays attribute not found using False as default                 |
[2025-07-01 09:55:12,348] [kometa.py:459]             [INFO]     |     1 | Config Warning: Skipping duplicate collection: "Marvel Cinematic Universe"                 |
[2025-07-01 09:55:12,348] [kometa.py:459]             [INFO]     |     1 | Config Warning: Skipping duplicate collection: "IMDb Popular"                              |
[2025-07-01 09:55:12,348] [kometa.py:459]             [INFO]     |     1 | Config Warning: Skipping duplicate collection: "IMDb Top 250"                              |
[2025-07-01 09:55:12,348] [kometa.py:459]             [INFO]     |     1 | Config Warning: Skipping duplicate collection: "IMDb Lowest Rated"                         |
[2025-07-01 09:55:12,348] [kometa.py:459]             [INFO]     |     1 | Config Warning: Skipping duplicate collection: New Year's Day Movies                       |
[2025-07-01 09:55:12,348] [kometa.py:459]             [INFO]     |     1 | Config Warning: Skipping duplicate collection: Valentine's Day Movies                      |
[2025-07-01 09:55:12,348] [kometa.py:459]             [INFO]     |     1 | Config Warning: Skipping duplicate collection: Thanksgiving Movies                         |
[2025-07-01 09:55:12,348] [kometa.py:459]             [INFO]     |     1 | Config Warning: Skipping duplicate collection: Arrowverse                                  |
[2025-07-01 09:55:12,348] [kometa.py:459]             [INFO]     |     1 | Config Warning: Skipping duplicate collection: Marvel Cinematic Universe                   |
[2025-07-01 09:55:12,348] [kometa.py:460]             [INFO]     |                                                                                                    |
[2025-07-01 09:55:12,348] [kometa.py:453]             [INFO]     |========================================== Error Summary ===========================================|
[2025-07-01 09:55:12,348] [kometa.py:455]             [INFO]     |                                                                                                    |
[2025-07-01 09:55:12,348] [kometa.py:456]             [INFO]     | Count | Message                                                                                    |
[2025-07-01 09:55:12,348] [kometa.py:457]             [INFO]     |=======|============================================================================================|
[2025-07-01 09:55:12,348] [kometa.py:459]             [INFO]     |     1 | Config Error: Folder /config/missing does not exist                                        |
[2025-07-01 09:55:12,348] [kometa.py:459]             [INFO]     |     1 | Config Error: mass_critic_rating_update cannot use mdb_tomatoes without a successful MDBList Connection |
[2025-07-01 09:55:12,348] [kometa.py:459]             [INFO]     |     1 | YAML Error: collections or dynamic_collections attribute is required                       |
[2025-07-01 09:55:12,348] [kometa.py:460]             [INFO]     |                                                                                                    |
[2025-07-01 09:55:12,348] [kometa.py:453]             [INFO]     |========================================= Critical Summary =========================================|
[2025-07-01 09:55:12,349] [kometa.py:455]             [INFO]     |                                                                                                    |
[2025-07-01 09:55:12,349] [kometa.py:456]             [INFO]     | Count | Message                                                                                    |
[2025-07-01 09:55:12,349] [kometa.py:457]             [INFO]     |=======|============================================================================================|
[2025-07-01 09:55:12,349] [kometa.py:459]             [INFO]     |     3 | unable to open database file                                                               |
[2025-07-01 09:55:12,349] [kometa.py:460]             [INFO]     |                                                                                                    |
[2025-07-01 09:55:12,349] [kometa.py:467]             [INFO]     |====================================================================================================|
[2025-07-01 09:55:12,349] [kometa.py:467]             [INFO]     |                                            Finished Run                                            |
[2025-07-01 09:55:12,349] [kometa.py:467]             [INFO]     |                                           Version: 2.2.0                                           |
[2025-07-01 09:55:12,349] [kometa.py:467]             [INFO]     |      Start Time: 09:54:09 2025-07-01     Finished: 09:55:12 2025-07-01     Run Time: 0:01:03       |
[2025-07-01 09:55:12,349] [kometa.py:467]             [INFO]     |====================================================================================================|
