[2025-07-01 09:56:05,887] [kometa.py:299]             [INFO]     |====================================================================================================|
[2025-07-01 09:56:05,887] [kometa.py:300]             [INFO]     |                                                                                                    |
[2025-07-01 09:56:05,887] [kometa.py:301]             [INFO]     |                   __  ___  ______    ___  ___   _______  __________    ___                         |
[2025-07-01 09:56:05,887] [kometa.py:302]             [INFO]     |                  |  |/  / /  __  \  |   \/   | |   ____||          |  /   \                        |
[2025-07-01 09:56:05,887] [kometa.py:303]             [INFO]     |                  |  '  / |  |  |  | |  \  /  | |  |__   `---|  |---` /  ^  \                       |
[2025-07-01 09:56:05,887] [kometa.py:304]             [INFO]     |                  |    <  |  |  |  | |  |\/|  | |   __|      |  |    /  /_\  \                      |
[2025-07-01 09:56:05,887] [kometa.py:305]             [INFO]     |                  |  .  \ |  `--`  | |  |  |  | |  |____     |  |   /  _____  \                     |
[2025-07-01 09:56:05,887] [kometa.py:306]             [INFO]     |                  |__|\__\ \______/  |__|  |__| |_______|    |__|  /__/     \__\                    |
[2025-07-01 09:56:05,887] [kometa.py:307]             [INFO]     |                                                                                                    |
[2025-07-01 09:56:05,903] [kometa.py:313]             [INFO]     |     Version: 2.2.0 (Python 3.13.2) (Git: master)                                                   |
[2025-07-01 09:56:05,948] [kometa.py:316]             [INFO]     |     Platform: macOS-15.5-arm64-arm-64bit-Mach-O                                                    |
[2025-07-01 09:56:05,948] [kometa.py:317]             [INFO]     |     Total Memory: 16 GB                                                                            |
[2025-07-01 09:56:05,948] [kometa.py:318]             [INFO]     |     Available Memory: 5 GB                                                                         |
[2025-07-01 09:56:05,948] [kometa.py:319]             [INFO]     |     Process Priority: normal                                                                       |
[2025-07-01 09:56:05,949] [kometa.py:351]             [DEBUG]    |====================================================================================================|
[2025-07-01 09:56:05,949] [kometa.py:352]             [DEBUG]    | Run Command: /Volumes/MacOS/Servers/Kometa/kometa.py --config /Users/zacharygoodnite/Kometa/config/config.yml --run |
[2025-07-01 09:56:05,949] [kometa.py:356]             [DEBUG]    | --config (KOMETA_CONFIG): "/Users/zacharygoodnite/Kometa/config/config.yml"                        |
[2025-07-01 09:56:05,949] [kometa.py:356]             [DEBUG]    | --times (KOMETA_TIMES): "05:00"                                                                    |
[2025-07-01 09:56:05,949] [kometa.py:356]             [DEBUG]    | --run (KOMETA_RUN): True                                                                           |
[2025-07-01 09:56:05,949] [kometa.py:356]             [DEBUG]    | --tests (KOMETA_TESTS): False                                                                      |
[2025-07-01 09:56:05,949] [kometa.py:356]             [DEBUG]    | --debug (KOMETA_DEBUG): False                                                                      |
[2025-07-01 09:56:05,949] [kometa.py:356]             [DEBUG]    | --trace (KOMETA_TRACE): False                                                                      |
[2025-07-01 09:56:05,949] [kometa.py:356]             [DEBUG]    | --log-requests (KOMETA_LOG_REQUESTS): False                                                        |
[2025-07-01 09:56:05,949] [kometa.py:356]             [DEBUG]    | --timeout (KOMETA_TIMEOUT): 180                                                                    |
[2025-07-01 09:56:05,949] [kometa.py:356]             [DEBUG]    | --no-verify-ssl (KOMETA_NO_VERIFY_SSL): False                                                      |
[2025-07-01 09:56:05,949] [kometa.py:356]             [DEBUG]    | --collections-only (KOMETA_COLLECTIONS_ONLY): False                                                |
[2025-07-01 09:56:05,949] [kometa.py:356]             [DEBUG]    | --metadata-only (KOMETA_METADATA_ONLY): False                                                      |
[2025-07-01 09:56:05,949] [kometa.py:356]             [DEBUG]    | --playlists-only (KOMETA_PLAYLISTS_ONLY): False                                                    |
[2025-07-01 09:56:05,949] [kometa.py:356]             [DEBUG]    | --operations-only (KOMETA_OPERATIONS_ONLY): False                                                  |
[2025-07-01 09:56:05,949] [kometa.py:356]             [DEBUG]    | --overlays-only (KOMETA_OVERLAYS_ONLY): False                                                      |
[2025-07-01 09:56:05,949] [kometa.py:356]             [DEBUG]    | --run-collections (KOMETA_RUN_COLLECTIONS): None                                                   |
[2025-07-01 09:56:05,949] [kometa.py:356]             [DEBUG]    | --run-libraries (KOMETA_RUN_LIBRARIES): None                                                       |
[2025-07-01 09:56:05,949] [kometa.py:356]             [DEBUG]    | --run-files (KOMETA_RUN_FILES): None                                                               |
[2025-07-01 09:56:05,949] [kometa.py:356]             [DEBUG]    | --ignore-schedules (KOMETA_IGNORE_SCHEDULES): False                                                |
[2025-07-01 09:56:05,949] [kometa.py:356]             [DEBUG]    | --ignore-ghost (KOMETA_IGNORE_GHOST): False                                                        |
[2025-07-01 09:56:05,949] [kometa.py:356]             [DEBUG]    | --delete-collections (KOMETA_DELETE_COLLECTIONS): False                                            |
[2025-07-01 09:56:05,949] [kometa.py:356]             [DEBUG]    | --delete-labels (KOMETA_DELETE_LABELS): False                                                      |
[2025-07-01 09:56:05,949] [kometa.py:356]             [DEBUG]    | --resume (KOMETA_RESUME): None                                                                     |
[2025-07-01 09:56:05,949] [kometa.py:356]             [DEBUG]    | --no-countdown (KOMETA_NO_COUNTDOWN): False                                                        |
[2025-07-01 09:56:05,949] [kometa.py:356]             [DEBUG]    | --no-missing (KOMETA_NO_MISSING): False                                                            |
[2025-07-01 09:56:05,949] [kometa.py:356]             [DEBUG]    | --no-report (KOMETA_NO_REPORT): False                                                              |
[2025-07-01 09:56:05,949] [kometa.py:356]             [DEBUG]    | --read-only-config (KOMETA_READ_ONLY_CONFIG): False                                                |
[2025-07-01 09:56:05,949] [kometa.py:356]             [DEBUG]    | --divider (KOMETA_DIVIDER): "="                                                                    |
[2025-07-01 09:56:05,949] [kometa.py:356]             [DEBUG]    | --width (KOMETA_WIDTH): 100                                                                        |
[2025-07-01 09:56:05,949] [kometa.py:356]             [DEBUG]    | --low-priority (KOMETA_LOW_PRIORITY): False                                                        |
[2025-07-01 09:56:05,949] [kometa.py:357]             [DEBUG]    |                                                                                                    |
[2025-07-01 09:56:05,949] [kometa.py:363]             [INFO]     |====================================================================================================|
[2025-07-01 09:56:05,949] [kometa.py:363]             [INFO]     |                                            Starting Run                                            |
[2025-07-01 09:56:05,949] [kometa.py:363]             [INFO]     |====================================================================================================|
[2025-07-01 09:56:05,949] [config.py:156]             [INFO]     | Locating config...                                                                                 |
[2025-07-01 09:56:05,949] [config.py:162]             [INFO]     | Using /Users/zacharygoodnite/Kometa/config/config.yml as config                                    |
[2025-07-01 09:56:05,950] [config.py:203]             [DEBUG]    |========================================= Redacted Config ==========================================|
[2025-07-01 09:56:05,950] [config.py:205]             [DEBUG]    | libraries:                                                                                         |
[2025-07-01 09:56:05,950] [config.py:205]             [DEBUG]    | #MOVIE LIBRARY CONFIG FOR SCHEDULED COLLECTIONS TO BE DELETED WHEN OUT OF SEASON                   |
[2025-07-01 09:56:05,951] [config.py:205]             [DEBUG]    |   Scheduled:                                                                                       |
[2025-07-01 09:56:05,951] [config.py:205]             [DEBUG]    |     library_name: Movies                                                                           |
[2025-07-01 09:56:05,951] [config.py:205]             [DEBUG]    |     report_path: config/missing/Scheduled_report.yml                                               |
[2025-07-01 09:56:05,951] [config.py:205]             [DEBUG]    |     template_variables:                                                                            |
[2025-07-01 09:56:05,951] [config.py:205]             [DEBUG]    |       use_separator: false                                                                         |
[2025-07-01 09:56:05,951] [config.py:205]             [DEBUG]    |     collection_files:                                                                              |
[2025-07-01 09:56:05,951] [config.py:205]             [DEBUG]    |     - folder: /config/Scheduled/                                                                   |
[2025-07-01 09:56:05,951] [config.py:205]             [DEBUG]    |       asset_directory: config/assets/plex/Collections                                              |
[2025-07-01 09:56:05,951] [config.py:205]             [DEBUG]    |     - pmm: year                                                                                    |
[2025-07-01 09:56:05,951] [config.py:205]             [DEBUG]    |       asset_directory: config/assets/plex/Collections                                              |
[2025-07-01 09:56:05,951] [config.py:205]             [DEBUG]    |       template_variables:                                                                          |
[2025-07-01 09:56:05,951] [config.py:205]             [DEBUG]    |         limit: 25                                                                                  |
[2025-07-01 09:56:05,951] [config.py:205]             [DEBUG]    |         sort_by: critic_rating.desc                                                                |
[2025-07-01 09:56:05,951] [config.py:205]             [DEBUG]    |         data:                                                                                      |
[2025-07-01 09:56:05,951] [config.py:205]             [DEBUG]    |           starting: current_year-1                                                                 |
[2025-07-01 09:56:05,951] [config.py:205]             [DEBUG]    |           ending: current_year-1                                                                   |
[2025-07-01 09:56:05,951] [config.py:205]             [DEBUG]    |         summary_format: Top <<limit>> movies of <<key>>. Sorted by critic rating.                  |
[2025-07-01 09:56:05,951] [config.py:205]             [DEBUG]    |         collection_section: '010'                                                                  |
[2025-07-01 09:56:05,951] [config.py:205]             [DEBUG]    |         schedule: range(01/01-02/28)                                                               |
[2025-07-01 09:56:05,951] [config.py:205]             [DEBUG]    |     settings:                                                                                      |
[2025-07-01 09:56:05,951] [config.py:205]             [DEBUG]    |       delete_not_scheduled: true                                                                   |
[2025-07-01 09:56:05,951] [config.py:205]             [DEBUG]    |       asset_directory: config/assets/plex/Movies                                                   |
[2025-07-01 09:56:05,951] [config.py:205]             [DEBUG]    |                                                                                                    |
[2025-07-01 09:56:05,951] [config.py:205]             [DEBUG]    | #MAIN MOVIE LIBRARY CONFIG                                                                         |
[2025-07-01 09:56:05,951] [config.py:205]             [DEBUG]    |   Movies:                                                                                          |
[2025-07-01 09:56:05,951] [config.py:205]             [DEBUG]    |     collection_files:                                                                              |
[2025-07-01 09:56:05,951] [config.py:205]             [DEBUG]    |     - default: basic                                                                               |
[2025-07-01 09:56:05,951] [config.py:205]             [DEBUG]    |     - default: imdb                                                                                |
[2025-07-01 09:56:05,951] [config.py:205]             [DEBUG]    |     - default: trakt                                                                               |
[2025-07-01 09:56:05,951] [config.py:205]             [DEBUG]    |     - default: resolution                                                                          |
[2025-07-01 09:56:05,951] [config.py:205]             [DEBUG]    |       template_variables:                                                                          |
[2025-07-01 09:56:05,951] [config.py:205]             [DEBUG]    |         sep_style: gold                                                                            |
[2025-07-01 09:56:05,951] [config.py:205]             [DEBUG]    |         exclude:                                                                                   |
[2025-07-01 09:56:05,951] [config.py:205]             [DEBUG]    |         - sd                                                                                       |
[2025-07-01 09:56:05,951] [config.py:205]             [DEBUG]    |         sort_by: title.asc                                                                         |
[2025-07-01 09:56:05,951] [config.py:205]             [DEBUG]    |       folder: config/Movies/                                                                       |
[2025-07-01 09:56:05,951] [config.py:205]             [DEBUG]    |       asset_directory: config/assets/plex/Movies                                                   |
[2025-07-01 09:56:05,951] [config.py:205]             [DEBUG]    |       asset_depth: 2                                                                               |
[2025-07-01 09:56:05,951] [config.py:205]             [DEBUG]    |     - pmm: based                                                                                   |
[2025-07-01 09:56:05,951] [config.py:205]             [DEBUG]    |       asset_directory: config/assets/plex/Collections                                              |
[2025-07-01 09:56:05,951] [config.py:205]             [DEBUG]    |       template_variables:                                                                          |
[2025-07-01 09:56:05,951] [config.py:205]             [DEBUG]    |         summary_true_story: Films based on or inspired by a true story.                            |
[2025-07-01 09:56:05,951] [config.py:205]             [DEBUG]    |         summary_book: Films based on or inspired by a book.                                        |
[2025-07-01 09:56:05,951] [config.py:205]             [DEBUG]    |         summary_video_game: Films based on or inspired by a video game.                            |
[2025-07-01 09:56:05,951] [config.py:205]             [DEBUG]    |         summary_comic: Films based on or inspired by a comic.                                      |
[2025-07-01 09:56:05,951] [config.py:205]             [DEBUG]    |         schedule: all[weekly(thursday), hourly(06-07)]                                             |
[2025-07-01 09:56:05,951] [config.py:205]             [DEBUG]    |     - pmm: decade                                                                                  |
[2025-07-01 09:56:05,951] [config.py:205]             [DEBUG]    |       asset_directory: config/assets/plex/Collections                                              |
[2025-07-01 09:56:05,951] [config.py:205]             [DEBUG]    |       template_variables:                                                                          |
[2025-07-01 09:56:05,951] [config.py:205]             [DEBUG]    |         exclude:                                                                                   |
[2025-07-01 09:56:05,951] [config.py:205]             [DEBUG]    |         - 1960                                                                                     |
[2025-07-01 09:56:05,951] [config.py:205]             [DEBUG]    |         limit: 100                                                                                 |
[2025-07-01 09:56:05,951] [config.py:205]             [DEBUG]    |         limit_1970: 25                                                                             |
[2025-07-01 09:56:05,951] [config.py:205]             [DEBUG]    |         summary_format: Top <<limit>> movies of the <<key>>s. Sorted by critic rating.             |
[2025-07-01 09:56:05,951] [config.py:205]             [DEBUG]    |         summary_1970: Top <<limit_1970>> movies of the <<key>>s. Sorted by critic rating.          |
[2025-07-01 09:56:05,951] [config.py:205]             [DEBUG]    |         minimum_items: 25                                                                          |
[2025-07-01 09:56:05,951] [config.py:205]             [DEBUG]    |     - pmm: genre                                                                                   |
[2025-07-01 09:56:05,951] [config.py:205]             [DEBUG]    |       asset_directory: config/assets/plex/Collections                                              |
[2025-07-01 09:56:05,951] [config.py:205]             [DEBUG]    |       template_variables:                                                                          |
[2025-07-01 09:56:05,951] [config.py:205]             [DEBUG]    |         sort_by: title.asc                                                                         |
[2025-07-01 09:56:05,951] [config.py:205]             [DEBUG]    |         exclude:                                                                                   |
[2025-07-01 09:56:05,951] [config.py:205]             [DEBUG]    |         - Horror #IN SCHEDULED LIBRARY                                                             |
[2025-07-01 09:56:05,951] [config.py:205]             [DEBUG]    |         - War #GENRE.YML                                                                           |
[2025-07-01 09:56:05,951] [config.py:205]             [DEBUG]    |         - Western #GENRE.YML                                                                       |
[2025-07-01 09:56:05,951] [config.py:205]             [DEBUG]    |         - Spy #GENRE.YML                                                                           |
[2025-07-01 09:56:05,951] [config.py:205]             [DEBUG]    |         - Sport #GENRE.YML                                                                         |
[2025-07-01 09:56:05,951] [config.py:205]             [DEBUG]    |         minimum_items: 10                                                                          |
[2025-07-01 09:56:05,951] [config.py:205]             [DEBUG]    |     - pmm: imdb                                                                                    |
[2025-07-01 09:56:05,951] [config.py:205]             [DEBUG]    |       asset_directory: config/assets/plex/Collections                                              |
[2025-07-01 09:56:05,951] [config.py:205]             [DEBUG]    |       template_variables:                                                                          |
[2025-07-01 09:56:05,951] [config.py:205]             [DEBUG]    |         use_lowest: false                                                                          |
[2025-07-01 09:56:05,951] [config.py:205]             [DEBUG]    |         order_top: 3                                                                               |
[2025-07-01 09:56:05,951] [config.py:205]             [DEBUG]    |         order_popular: 3                                                                           |
[2025-07-01 09:56:05,951] [config.py:205]             [DEBUG]    |     - pmm: seasonal                                                                                |
[2025-07-01 09:56:05,951] [config.py:205]             [DEBUG]    |       asset_directory: config/assets/plex/Collections                                              |
[2025-07-01 09:56:05,951] [config.py:205]             [DEBUG]    |       template_variables:                                                                          |
[2025-07-01 09:56:05,951] [config.py:205]             [DEBUG]    |         emoji: ''                                                                                  |
[2025-07-01 09:56:05,951] [config.py:205]             [DEBUG]    |         schedule_easter: range(03/20-04/05)                                                        |
[2025-07-01 09:56:05,951] [config.py:205]             [DEBUG]    |         schedule_independence: range(06/28-07/05)                                                  |
[2025-07-01 09:56:05,951] [config.py:205]             [DEBUG]    |         schedule_labor: range(09/01-09/05)                                                         |
[2025-07-01 09:56:05,951] [config.py:205]             [DEBUG]    |         schedule_thanksgiving: range(11/01-11/24)                                                  |
[2025-07-01 09:56:05,951] [config.py:205]             [DEBUG]    |         schedule_veteran: range(11/01-11/12)                                                       |
[2025-07-01 09:56:05,951] [config.py:205]             [DEBUG]    |         schedule_valentine: range(02/05-02/15)                                                     |
[2025-07-01 09:56:05,951] [config.py:205]             [DEBUG]    |         exclude:                                                                                   |
[2025-07-01 09:56:05,951] [config.py:205]             [DEBUG]    |         - christmas #IN SCHEDULED LIBRARY                                                          |
[2025-07-01 09:56:05,951] [config.py:205]             [DEBUG]    |         - easter #NOT ENOUGH FILMS                                                                 |
[2025-07-01 09:56:05,951] [config.py:205]             [DEBUG]    |         - halloween #IN SCHEDULED LIBRARY                                                          |
[2025-07-01 09:56:05,951] [config.py:205]             [DEBUG]    |         - latinx #NOT ENOUGH FILMS                                                                 |
[2025-07-01 09:56:05,951] [config.py:205]             [DEBUG]    |         - women #INOP DUE TO IMDB CHANGES                                                          |
[2025-07-01 09:56:05,951] [config.py:205]             [DEBUG]    |     - pmm: tautulli                                                                                |
[2025-07-01 09:56:05,951] [config.py:205]             [DEBUG]    |       asset_directory: config/assets/plex/Collections                                              |
[2025-07-01 09:56:05,951] [config.py:205]             [DEBUG]    |       template_variables:                                                                          |
[2025-07-01 09:56:05,951] [config.py:205]             [DEBUG]    |         use_watched: true                                                                          |
[2025-07-01 09:56:05,951] [config.py:205]             [DEBUG]    |         list_days: 14                                                                              |
[2025-07-01 09:56:05,951] [config.py:205]             [DEBUG]    |         list_size: 25                                                                              |
[2025-07-01 09:56:05,951] [config.py:205]             [DEBUG]    |         summary_popular: A collection of the most watched movies on this Plex server.              |
[2025-07-01 09:56:05,951] [config.py:205]             [DEBUG]    |         order_popular: 1                                                                           |
[2025-07-01 09:56:05,952] [config.py:205]             [DEBUG]    | #    - pmm: trakt                                                                                  |
[2025-07-01 09:56:05,952] [config.py:205]             [DEBUG]    | #      asset_directory: config/assets/plex/Collections                                             |
[2025-07-01 09:56:05,952] [config.py:205]             [DEBUG]    | #      template_variables:                                                                         |
[2025-07-01 09:56:05,952] [config.py:205]             [DEBUG]    | #        use_collected: false                                                                      |
[2025-07-01 09:56:05,952] [config.py:205]             [DEBUG]    | #        use_recommended: false                                                                    |
[2025-07-01 09:56:05,952] [config.py:205]             [DEBUG]    | #        use_watched: false                                                                        |
[2025-07-01 09:56:05,952] [config.py:205]             [DEBUG]    | #        order_popular: 4                                                                          |
[2025-07-01 09:56:05,952] [config.py:205]             [DEBUG]    | #        order_trending: 4                                                                         |
[2025-07-01 09:56:05,952] [config.py:205]             [DEBUG]    | #        schedule: weekly(monday)                                                                  |
[2025-07-01 09:56:05,952] [config.py:205]             [DEBUG]    |     - pmm: universe                                                                                |
[2025-07-01 09:56:05,952] [config.py:205]             [DEBUG]    |       asset_directory: config/assets/plex/Collections                                              |
[2025-07-01 09:56:05,952] [config.py:205]             [DEBUG]    |       template_variables:                                                                          |
[2025-07-01 09:56:05,952] [config.py:205]             [DEBUG]    |         trakt_list_avp: https://trakt.tv/users/oldmankestis/lists/alien-predator                   |
[2025-07-01 09:56:05,952] [config.py:205]             [DEBUG]    |         trakt_list_mcu: https://trakt.tv/users/oldmankestis/lists/marvel-cinematic-universe        |
[2025-07-01 09:56:05,952] [config.py:205]             [DEBUG]    |         trakt_list_star: https://trakt.tv/users/oldmankestis/lists/star-wars                       |
[2025-07-01 09:56:05,952] [config.py:205]             [DEBUG]    |         trakt_list_trek: https://trakt.tv/users/oldmankestis/lists/star-trek                       |
[2025-07-01 09:56:05,952] [config.py:205]             [DEBUG]    |         trakt_list_xmen: https://trakt.tv/users/oldmankestis/lists/x-men-collection                |
[2025-07-01 09:56:05,952] [config.py:205]             [DEBUG]    |         summary_mcu: The Marvel Cinematic Universe (MCU) is an American media franchise and shared universe centered on a series of superhero films produced by Marvel Studios. Sorted in chronological order. |
[2025-07-01 09:56:05,952] [config.py:205]             [DEBUG]    |         summary_xmen: The X-Men Collection. Sorted in chronological order.                         |
[2025-07-01 09:56:05,952] [config.py:205]             [DEBUG]    |         minimum_items: 3                                                                           |
[2025-07-01 09:56:05,952] [config.py:205]             [DEBUG]    |         append_data:                                                                               |
[2025-07-01 09:56:05,952] [config.py:205]             [DEBUG]    |           star: Star Wars Saga                                                                     |
[2025-07-01 09:56:05,952] [config.py:205]             [DEBUG]    |           trek: Star Trek Universe                                                                 |
[2025-07-01 09:56:05,952] [config.py:205]             [DEBUG]    |           xmen: X-Men Collection                                                                   |
[2025-07-01 09:56:05,952] [config.py:205]             [DEBUG]    |         exclude:                                                                                   |
[2025-07-01 09:56:05,952] [config.py:205]             [DEBUG]    |         - marvel #FRANCHISE.YML                                                                    |
[2025-07-01 09:56:05,952] [config.py:205]             [DEBUG]    |         - mummy #FRANCHISE.YML                                                                     |
[2025-07-01 09:56:05,952] [config.py:205]             [DEBUG]    |         - rocky #NOT IN LIBRARY                                                                    |
[2025-07-01 09:56:05,952] [config.py:205]             [DEBUG]    |         collection_section: '106'                                                                  |
[2025-07-01 09:56:05,952] [config.py:205]             [DEBUG]    |     operations:                                                                                    |
[2025-07-01 09:56:05,952] [config.py:205]             [DEBUG]    |       mass_poster_update:                                                                          |
[2025-07-01 09:56:05,952] [config.py:205]             [DEBUG]    |         source: tmdb                                                                               |
[2025-07-01 09:56:05,952] [config.py:205]             [DEBUG]    |       mass_genre_update: tmdb                                                                      |
[2025-07-01 09:56:05,952] [config.py:205]             [DEBUG]    |       mass_audience_rating_update: tmdb                                                            |
[2025-07-01 09:56:05,952] [config.py:205]             [DEBUG]    |       mass_imdb_parental_labels: mild                                                              |
[2025-07-01 09:56:05,952] [config.py:205]             [DEBUG]    |       mass_critic_rating_update: mdb_tomatoes                                                      |
[2025-07-01 09:56:05,952] [config.py:205]             [DEBUG]    |       mass_user_rating_update: trakt_user                                                          |
[2025-07-01 09:56:05,952] [config.py:205]             [DEBUG]    |       assets_for_all: true                                                                         |
[2025-07-01 09:56:05,952] [config.py:205]             [DEBUG]    |     settings:                                                                                      |
[2025-07-01 09:56:05,952] [config.py:205]             [DEBUG]    |       asset_directory: config/assets/plex/Movies                                                   |
[2025-07-01 09:56:05,952] [config.py:205]             [DEBUG]    |       asset_depth: 2                                                                               |
[2025-07-01 09:56:05,952] [config.py:205]             [DEBUG]    |       show_missing_assets: false                                                                   |
[2025-07-01 09:56:05,952] [config.py:205]             [DEBUG]    | #######################################################                                            |
[2025-07-01 09:56:05,952] [config.py:205]             [DEBUG]    | ##                   TV LIBRARIES                    ##                                            |
[2025-07-01 09:56:05,952] [config.py:205]             [DEBUG]    | #######################################################                                            |
[2025-07-01 09:56:05,952] [config.py:205]             [DEBUG]    |                                                                                                    |
[2025-07-01 09:56:05,952] [config.py:205]             [DEBUG]    | #TV SHOWS CONFIG                                                                                   |
[2025-07-01 09:56:05,952] [config.py:205]             [DEBUG]    |       # see the wiki for how to use local files, folders, URLs, or files from git                  |
[2025-07-01 09:56:05,952] [config.py:205]             [DEBUG]    |                                                                                                    |
[2025-07-01 09:56:05,952] [config.py:205]             [DEBUG]    |   TV Shows:                                                                                        |
[2025-07-01 09:56:05,952] [config.py:205]             [DEBUG]    |     collection_files:                                                                              |
[2025-07-01 09:56:05,952] [config.py:205]             [DEBUG]    |     - default: basic                                                                               |
[2025-07-01 09:56:05,952] [config.py:205]             [DEBUG]    |     - default: imdb                                                                                |
[2025-07-01 09:56:05,952] [config.py:205]             [DEBUG]    |     - file: config/franchise.yml                                                                   |
[2025-07-01 09:56:05,952] [config.py:205]             [DEBUG]    |     remove_overlays: false                                                                         |
[2025-07-01 09:56:05,952] [config.py:205]             [DEBUG]    |     operations:                                                                                    |
[2025-07-01 09:56:05,952] [config.py:205]             [DEBUG]    |       assets_for_all: true                                                                         |
[2025-07-01 09:56:05,952] [config.py:205]             [DEBUG]    |     settings:                                                                                      |
[2025-07-01 09:56:05,952] [config.py:205]             [DEBUG]    |       asset_directory: config/assets/plex/Movies                                                   |
[2025-07-01 09:56:05,952] [config.py:205]             [DEBUG]    | settings:                                                                                          |
[2025-07-01 09:56:05,952] [config.py:205]             [DEBUG]    |   run_order:                                                                                       |
[2025-07-01 09:56:05,952] [config.py:205]             [DEBUG]    |   - operations                                                                                     |
[2025-07-01 09:56:05,952] [config.py:205]             [DEBUG]    |   - metadata                                                                                       |
[2025-07-01 09:56:05,952] [config.py:205]             [DEBUG]    |   - collections                                                                                    |
[2025-07-01 09:56:05,952] [config.py:205]             [DEBUG]    |   - overlays                                                                                       |
[2025-07-01 09:56:05,952] [config.py:205]             [DEBUG]    |   cache: true                                                                                      |
[2025-07-01 09:56:05,952] [config.py:205]             [DEBUG]    |   cache_expiration: 60                                                                             |
[2025-07-01 09:56:05,952] [config.py:205]             [DEBUG]    |   asset_directory: config/assets/plex/Movies                                                       |
[2025-07-01 09:56:05,952] [config.py:205]             [DEBUG]    |   asset_folders: true                                                                              |
[2025-07-01 09:56:05,952] [config.py:205]             [DEBUG]    |   asset_depth: 2                                                                                   |
[2025-07-01 09:56:05,952] [config.py:205]             [DEBUG]    |   create_asset_folders: true                                                                       |
[2025-07-01 09:56:05,952] [config.py:205]             [DEBUG]    |   prioritize_assets: true                                                                          |
[2025-07-01 09:56:05,952] [config.py:205]             [DEBUG]    |   dimensional_asset_rename: false                                                                  |
[2025-07-01 09:56:05,952] [config.py:205]             [DEBUG]    |   download_url_assets: true                                                                        |
[2025-07-01 09:56:05,952] [config.py:205]             [DEBUG]    |   show_missing_season_assets: false                                                                |
[2025-07-01 09:56:05,952] [config.py:205]             [DEBUG]    |   show_missing_episode_assets: false                                                               |
[2025-07-01 09:56:05,952] [config.py:205]             [DEBUG]    |   show_asset_not_needed: false                                                                     |
[2025-07-01 09:56:05,952] [config.py:205]             [DEBUG]    |   sync_mode: append                                                                                |
[2025-07-01 09:56:05,952] [config.py:205]             [DEBUG]    |   minimum_items: 1                                                                                 |
[2025-07-01 09:56:05,952] [config.py:205]             [DEBUG]    |   default_collection_order:                                                                        |
[2025-07-01 09:56:05,952] [config.py:205]             [DEBUG]    |   delete_below_minimum: true                                                                       |
[2025-07-01 09:56:05,952] [config.py:205]             [DEBUG]    |   delete_not_scheduled: false                                                                      |
[2025-07-01 09:56:05,952] [config.py:205]             [DEBUG]    |   run_again_delay: 2                                                                               |
[2025-07-01 09:56:05,952] [config.py:205]             [DEBUG]    |   missing_only_released: false                                                                     |
[2025-07-01 09:56:05,952] [config.py:205]             [DEBUG]    |   only_filter_missing: false                                                                       |
[2025-07-01 09:56:05,952] [config.py:205]             [DEBUG]    |   show_unmanaged: true                                                                             |
[2025-07-01 09:56:05,952] [config.py:205]             [DEBUG]    |   show_unconfigured: true                                                                          |
[2025-07-01 09:56:05,952] [config.py:205]             [DEBUG]    |   show_filtered: false                                                                             |
[2025-07-01 09:56:05,952] [config.py:205]             [DEBUG]    |   show_options: true                                                                               |
[2025-07-01 09:56:05,952] [config.py:205]             [DEBUG]    |   show_missing: false                                                                              |
[2025-07-01 09:56:05,952] [config.py:205]             [DEBUG]    |   show_missing_assets: false                                                                       |
[2025-07-01 09:56:05,952] [config.py:205]             [DEBUG]    |   save_report: false                                                                               |
[2025-07-01 09:56:05,952] [config.py:205]             [DEBUG]    |   tvdb_language: eng                                                                               |
[2025-07-01 09:56:05,952] [config.py:205]             [DEBUG]    |   ignore_ids:                                                                                      |
[2025-07-01 09:56:05,952] [config.py:205]             [DEBUG]    |   ignore_imdb_ids:                                                                                 |
[2025-07-01 09:56:05,952] [config.py:205]             [DEBUG]    |   item_refresh_delay: 0                                                                            |
[2025-07-01 09:56:05,952] [config.py:205]             [DEBUG]    |   playlist_sync_to_users: all                                                                      |
[2025-07-01 09:56:05,952] [config.py:205]             [DEBUG]    |   playlist_exclude_users:                                                                          |
[2025-07-01 09:56:05,952] [config.py:205]             [DEBUG]    |   playlist_report: false                                                                           |
[2025-07-01 09:56:05,952] [config.py:205]             [DEBUG]    |   verify_ssl: true                                                                                 |
[2025-07-01 09:56:05,952] [config.py:205]             [DEBUG]    |   custom_repo:                                                                                     |
[2025-07-01 09:56:05,952] [config.py:205]             [DEBUG]    |   overlay_artwork_filetype: jpg                                                                    |
[2025-07-01 09:56:05,952] [config.py:205]             [DEBUG]    |   overlay_artwork_quality: 75                                                                      |
[2025-07-01 09:56:05,952] [config.py:205]             [DEBUG]    |   show_unfiltered: false                                                                           |
[2025-07-01 09:56:05,953] [config.py:205]             [DEBUG]    | webhooks:                            # Can be individually specified per library as well           |
[2025-07-01 09:56:05,953] [config.py:205]             [DEBUG]    |   error:                                                                                           |
[2025-07-01 09:56:05,953] [config.py:205]             [DEBUG]    |   version:                                                                                         |
[2025-07-01 09:56:05,953] [config.py:205]             [DEBUG]    |   run_start:                                                                                       |
[2025-07-01 09:56:05,953] [config.py:205]             [DEBUG]    |   run_end:                                                                                         |
[2025-07-01 09:56:05,953] [config.py:205]             [DEBUG]    |   changes:                                                                                         |
[2025-07-01 09:56:05,953] [config.py:205]             [DEBUG]    |   delete:                                                                                          |
[2025-07-01 09:56:05,953] [config.py:205]             [DEBUG]    | plex:                                # Can be individually specified per library as well; REQUIRED for the script to run |
[2025-07-01 09:56:05,953] [config.py:205]             [DEBUG]    |   url: (redacted)                                                                                  |
[2025-07-01 09:56:05,953] [config.py:205]             [DEBUG]    |   token: (redacted)                                                                                |
[2025-07-01 09:56:05,953] [config.py:205]             [DEBUG]    |   timeout: 60                                                                                      |
[2025-07-01 09:56:05,953] [config.py:205]             [DEBUG]    |   db_cache:                                                                                        |
[2025-07-01 09:56:05,953] [config.py:205]             [DEBUG]    |   clean_bundles: false                                                                             |
[2025-07-01 09:56:05,953] [config.py:205]             [DEBUG]    |   empty_trash: true                                                                                |
[2025-07-01 09:56:05,953] [config.py:205]             [DEBUG]    |   optimize: true                                                                                   |
[2025-07-01 09:56:05,953] [config.py:205]             [DEBUG]    |   verify_ssl:                                                                                      |
[2025-07-01 09:56:05,953] [config.py:205]             [DEBUG]    | tmdb:                                # REQUIRED for the script to run                              |
[2025-07-01 09:56:05,953] [config.py:205]             [DEBUG]    |   apikey: (redacted)                                                                               |
[2025-07-01 09:56:05,953] [config.py:205]             [DEBUG]    |   language: en                                                                                     |
[2025-07-01 09:56:05,953] [config.py:205]             [DEBUG]    |   cache_expiration: 60                                                                             |
[2025-07-01 09:56:05,953] [config.py:205]             [DEBUG]    |   region:                                                                                          |
[2025-07-01 09:56:05,953] [config.py:205]             [DEBUG]    | tautulli:                            # Can be individually specified per library as well           |
[2025-07-01 09:56:05,953] [config.py:205]             [DEBUG]    |   url: (redacted)                                                                                  |
[2025-07-01 09:56:05,953] [config.py:205]             [DEBUG]    |   apikey: (redacted)                                                                               |
[2025-07-01 09:56:05,953] [config.py:205]             [DEBUG]    | radarr:                              # Can be individually specified per library as well           |
[2025-07-01 09:56:05,953] [config.py:205]             [DEBUG]    |   url: (redacted)                                                                                  |
[2025-07-01 09:56:05,953] [config.py:205]             [DEBUG]    |   token: (redacted)                                                                                |
[2025-07-01 09:56:05,953] [config.py:205]             [DEBUG]    |   add_missing: true                                                                                |
[2025-07-01 09:56:05,953] [config.py:205]             [DEBUG]    |   add_existing: false                                                                              |
[2025-07-01 09:56:05,953] [config.py:205]             [DEBUG]    |   upgrade_existing: true                                                                           |
[2025-07-01 09:56:05,953] [config.py:205]             [DEBUG]    |   monitor_existing: true                                                                           |
[2025-07-01 09:56:05,953] [config.py:205]             [DEBUG]    |   root_folder_path: /Volumes/Mothership/Data/Movies                                                |
[2025-07-01 09:56:05,953] [config.py:205]             [DEBUG]    |   monitor: true                                                                                    |
[2025-07-01 09:56:05,953] [config.py:205]             [DEBUG]    |   availability: announced                                                                          |
[2025-07-01 09:56:05,953] [config.py:205]             [DEBUG]    |   quality_profile: HD-1080p                                                                        |
[2025-07-01 09:56:05,953] [config.py:205]             [DEBUG]    |   tag: kometa                                                                                      |
[2025-07-01 09:56:05,953] [config.py:205]             [DEBUG]    |   search: false                                                                                    |
[2025-07-01 09:56:05,953] [config.py:205]             [DEBUG]    |   radarr_path:                                                                                     |
[2025-07-01 09:56:05,953] [config.py:205]             [DEBUG]    |   plex_path:                                                                                       |
[2025-07-01 09:56:05,953] [config.py:205]             [DEBUG]    |   ignore_cache: true                                                                               |
[2025-07-01 09:56:05,953] [config.py:205]             [DEBUG]    | sonarr:                              # Can be individually specified per library as well           |
[2025-07-01 09:56:05,953] [config.py:205]             [DEBUG]    |   url: (redacted)                                                                                  |
[2025-07-01 09:56:05,953] [config.py:205]             [DEBUG]    |   token: (redacted)                                                                                |
[2025-07-01 09:56:05,953] [config.py:205]             [DEBUG]    |   add_missing: false                                                                               |
[2025-07-01 09:56:05,953] [config.py:205]             [DEBUG]    |   add_existing: false                                                                              |
[2025-07-01 09:56:05,953] [config.py:205]             [DEBUG]    |   upgrade_existing: false                                                                          |
[2025-07-01 09:56:05,953] [config.py:205]             [DEBUG]    |   monitor_existing: false                                                                          |
[2025-07-01 09:56:05,953] [config.py:205]             [DEBUG]    |   root_folder_path: /Volumes/Mothership/Data/TV Shows                                              |
[2025-07-01 09:56:05,953] [config.py:205]             [DEBUG]    |   monitor: all                                                                                     |
[2025-07-01 09:56:05,953] [config.py:205]             [DEBUG]    |   quality_profile: Default                                                                         |
[2025-07-01 09:56:05,953] [config.py:205]             [DEBUG]    |   language_profile: English                                                                        |
[2025-07-01 09:56:05,953] [config.py:205]             [DEBUG]    |   series_type: standard                                                                            |
[2025-07-01 09:56:05,953] [config.py:205]             [DEBUG]    |   season_folder: true                                                                              |
[2025-07-01 09:56:05,953] [config.py:205]             [DEBUG]    |   tag:                                                                                             |
[2025-07-01 09:56:05,953] [config.py:205]             [DEBUG]    |   search: false                                                                                    |
[2025-07-01 09:56:05,953] [config.py:205]             [DEBUG]    |   cutoff_search: false                                                                             |
[2025-07-01 09:56:05,953] [config.py:205]             [DEBUG]    |   sonarr_path:                                                                                     |
[2025-07-01 09:56:05,953] [config.py:205]             [DEBUG]    |   plex_path:                                                                                       |
[2025-07-01 09:56:05,953] [config.py:205]             [DEBUG]    |   ignore_cache: false                                                                              |
[2025-07-01 09:56:05,953] [config.py:205]             [DEBUG]    | trakt:                                                                                             |
[2025-07-01 09:56:05,953] [config.py:205]             [DEBUG]    |   client_id: (redacted)                                                                            |
[2025-07-01 09:56:05,953] [config.py:205]             [DEBUG]    |   client_secret: (redacted)                                                                        |
[2025-07-01 09:56:05,953] [config.py:205]             [DEBUG]    |   pin:                                                                                             |
[2025-07-01 09:56:05,953] [config.py:205]             [DEBUG]    |   authorization:                                                                                   |
[2025-07-01 09:56:05,953] [config.py:205]             [DEBUG]    |     # everything below is autofilled by the script                                                 |
[2025-07-01 09:56:05,953] [config.py:205]             [DEBUG]    |     access_token: (redacted)                                                                       |
[2025-07-01 09:56:05,953] [config.py:205]             [DEBUG]    |     token_type: Bearer                                                                             |
[2025-07-01 09:56:05,953] [config.py:205]             [DEBUG]    |     expires_in: 7889238                                                                            |
[2025-07-01 09:56:05,953] [config.py:205]             [DEBUG]    |     refresh_token: (redacted)                                                                      |
[2025-07-01 09:56:05,953] [config.py:205]             [DEBUG]    |     scope: public                                                                                  |
[2025-07-01 09:56:05,953] [config.py:205]             [DEBUG]    |     created_at: 1751369646                                                                         |
[2025-07-01 09:56:05,953] [config.py:206]             [DEBUG]    |                                                                                                    |
[2025-07-01 09:56:05,967] [config.py:557]             [INFO]     |====================================================================================================|
[2025-07-01 09:56:05,968] [cache.py:17]               [INFO]     | Initializing cache database at /Users/zacharygoodnite/Kometa/config/config.cache                   |
[2025-07-01 09:56:05,968] [config.py:566]             [INFO]     |====================================================================================================|
[2025-07-01 09:56:05,968] [config.py:583]             [INFO]     | notifiarr attribute not found                                                                      |
[2025-07-01 09:56:05,968] [config.py:601]             [INFO]     | gotify attribute not found                                                                         |
[2025-07-01 09:56:05,968] [config.py:620]             [INFO]     | ntfy attribute not found                                                                           |
[2025-07-01 09:56:05,968] [config.py:640]             [INFO]     |====================================================================================================|
[2025-07-01 09:56:05,968] [config.py:645]             [INFO]     | Connecting to TMDb...                                                                              |
[2025-07-01 09:56:06,068] [config.py:654]             [INFO]     | TMDb Connection Successful                                                                         |
[2025-07-01 09:56:06,068] [config.py:658]             [INFO]     |====================================================================================================|
[2025-07-01 09:56:06,068] [config.py:675]             [INFO]     | omdb attribute not found                                                                           |
[2025-07-01 09:56:06,068] [config.py:677]             [INFO]     |====================================================================================================|
[2025-07-01 09:56:06,068] [config.py:695]             [INFO]     | mdblist attribute not found                                                                        |
[2025-07-01 09:56:06,068] [config.py:697]             [INFO]     |====================================================================================================|
[2025-07-01 09:56:06,068] [config.py:701]             [INFO]     | Connecting to Trakt...                                                                             |
[2025-07-01 09:56:06,142] [config.py:715]             [INFO]     | Trakt Connection Successful                                                                        |
[2025-07-01 09:56:06,142] [config.py:719]             [INFO]     |====================================================================================================|
[2025-07-01 09:56:06,142] [config.py:740]             [INFO]     | mal attribute not found                                                                            |
[2025-07-01 09:56:06,142] [config.py:772]             [INFO]     |====================================================================================================|
[2025-07-01 09:56:06,142] [config.py:777]             [INFO]     | playlist_files attribute not found                                                                 |
[2025-07-01 09:56:06,221] [config.py:808]             [INFO]     |====================================================================================================|
[2025-07-01 09:56:06,221] [config.py:810]             [INFO]     | Connecting to Plex Libraries...                                                                    |
[2025-07-01 09:56:06,221] [config.py:881]             [INFO]     |====================================================================================================|
[2025-07-01 09:56:06,221] [config.py:881]             [INFO]     |                                  Movies (Scheduled) Configuration                                  |
[2025-07-01 09:56:06,221] [config.py:881]             [INFO]     |====================================================================================================|
[2025-07-01 09:56:06,221] [config.py:882]             [INFO]     |                                                                                                    |
[2025-07-01 09:56:06,221] [config.py:883]             [INFO]     | Connecting to Movies (Scheduled) Library...                                                        |
[2025-07-01 09:56:06,221] [config.py:924]             [ERROR]    | Config Error: Folder /Volumes/MacOS/Servers/Kometa/config/missing does not exist                   |
[2025-07-01 09:56:06,221] [config.py:1072]            [INFO]     |                                                                                                    |
[2025-07-01 09:56:06,221] [config.py:1073]            [INFO]     | Reading in Collection Files                                                                        |
[2025-07-01 09:56:06,221] [util.py:324]               [INFO]     |                                                                                                    |
[2025-07-01 09:56:06,221] [util.py:348]               [INFO]     | Reading folder: /config/Scheduled/                                                                 |
[2025-07-01 09:56:06,221] [util.py:352]               [ERROR]    | Config Error: Folder not found: /config/Scheduled/                                                 |
[2025-07-01 09:56:06,221] [util.py:368]               [INFO]     | Template Variables: {'use_separator': False}                                                       |
[2025-07-01 09:56:06,221] [util.py:372]               [INFO]     | Asset Directory: config/assets/plex/Collections                                                    |
[2025-07-01 09:56:06,221] [util.py:324]               [INFO]     |                                                                                                    |
[2025-07-01 09:56:06,221] [util.py:329]               [INFO]     | Reading pmm: year                                                                                  |
[2025-07-01 09:56:06,221] [util.py:368]               [INFO]     | Template Variables: {'limit': 25, 'sort_by': 'critic_rating.desc', 'data': {'starting': 'current_year-1', 'ending': 'current_year-1'}, 'summary_format': 'Top <<limit>> movies of <<key>>. Sorted by critic rating.', 'collection_section': '010', 'schedule': 'range(01/01-02/28)', 'use_separator': False} |
[2025-07-01 09:56:06,221] [util.py:372]               [INFO]     | Asset Directory: config/assets/plex/Collections                                                    |
[2025-07-01 09:56:06,222] [config.py:1210]            [INFO]     |                                                                                                    |
[2025-07-01 09:56:06,222] [config.py:1211]            [INFO]     |======================================== Plex Configuration ========================================|
[2025-07-01 09:56:06,222] [library.py:142]            [INFO]     |                                                                                                    |
[2025-07-01 09:56:06,222] [library.py:144]            [INFO]     | Using Asset Directory: config/assets/plex/Movies                                                   |
[2025-07-01 09:56:06,243] [plex.py:467]               [INFO]     | Connected to server Mr Meeseeks version 1.41.8.9834-071366d65                                      |
[2025-07-01 09:56:06,243] [plex.py:468]               [INFO]     | Running on MacOSX version 15.5.0                                                                   |
[2025-07-01 09:56:06,253] [plex.py:472]               [INFO]     | Plex DB cache setting: 256 MB                                                                      |
[2025-07-01 09:56:06,253] [plex.py:489]               [INFO]     | PlexPass: True on Unknown update channel: 0.                                                       |
[2025-07-01 09:56:06,253] [plex.py:491]               [INFO]     | Scheduled maintenance running between 2:00 and 5:00                                                |
[2025-07-01 09:56:06,310] [plex.py:539]               [INFO]     | Connected to library Movies                                                                        |
[2025-07-01 09:56:06,310] [plex.py:540]               [INFO]     | Type: Movie                                                                                        |
[2025-07-01 09:56:06,310] [plex.py:541]               [INFO]     | Agent: tv.plex.agents.movie                                                                        |
[2025-07-01 09:56:06,310] [plex.py:542]               [INFO]     | Scanner: Plex Movie                                                                                |
[2025-07-01 09:56:06,310] [plex.py:543]               [INFO]     | Ratings Source: IMDb                                                                               |
[2025-07-01 09:56:06,310] [config.py:1239]            [INFO]     |                                                                                                    |
[2025-07-01 09:56:06,310] [config.py:1240]            [INFO]     | Movies (Scheduled) Library Connection Successful                                                   |
[2025-07-01 09:56:06,311] [config.py:1241]            [INFO]     |                                                                                                    |
[2025-07-01 09:56:06,311] [config.py:1242]            [INFO]     |========================================== Scanning Files ==========================================|
[2025-07-01 09:56:06,311] [meta.py:71]                [INFO]     |                                                                                                    |
[2025-07-01 09:56:06,311] [meta.py:72]                [INFO]     |====================================================================================================|
[2025-07-01 09:56:06,311] [meta.py:72]                [INFO]     |                               Loading Collection File Default: year                                |
[2025-07-01 09:56:06,311] [meta.py:72]                [INFO]     |====================================================================================================|
[2025-07-01 09:56:06,311] [meta.py:73]                [INFO]     |                                                                                                    |
[2025-07-01 09:56:06,319] [meta.py:165]               [DEBUG]    | File Loaded From: /Volumes/MacOS/Servers/Kometa/defaults/both/year.yml                             |
[2025-07-01 09:56:06,319] [util.py:324]               [INFO]     |                                                                                                    |
[2025-07-01 09:56:06,319] [util.py:329]               [INFO]     | Reading default: templates                                                                         |
[2025-07-01 09:56:06,319] [util.py:368]               [INFO]     | Template Variables: {'collection_section': '105'}                                                  |
[2025-07-01 09:56:06,343] [meta.py:165]               [DEBUG]    | File Loaded From: /Volumes/MacOS/Servers/Kometa/defaults/templates.yml                             |
[2025-07-01 09:56:06,343] [meta.py:788]               [INFO]     |                                                                                                    |
[2025-07-01 09:56:06,343] [meta.py:789]               [INFO]     |================================ Building Year Dynamic Collections =================================|
[2025-07-01 09:56:06,343] [meta.py:790]               [INFO]     |                                                                                                    |
[2025-07-01 09:56:06,921] [meta.py:1254]              [DEBUG]    | Mapping Name: Year                                                                                 |
[2025-07-01 09:56:06,921] [meta.py:1255]              [DEBUG]    | Type: number                                                                                       |
[2025-07-01 09:56:06,921] [meta.py:1256]              [DEBUG]    | Data: {'starting': 'current_year-1', 'ending': 'current_year-1'}                                   |
[2025-07-01 09:56:06,921] [meta.py:1257]              [DEBUG]    | Exclude: []                                                                                        |
[2025-07-01 09:56:06,922] [meta.py:1258]              [DEBUG]    | Exclude Final: []                                                                                  |
[2025-07-01 09:56:06,922] [meta.py:1259]              [DEBUG]    | Addons: {}                                                                                         |
[2025-07-01 09:56:06,922] [meta.py:1260]              [DEBUG]    | Template: ['smart_filter', 'shared']                                                               |
[2025-07-01 09:56:06,922] [meta.py:1261]              [DEBUG]    | Other Template: ['smart_filter', 'shared']                                                         |
[2025-07-01 09:56:06,922] [meta.py:1262]              [DEBUG]    | Library Variables: {'limit': 25, 'sort_by': 'critic_rating.desc', 'data': {'starting': 'current_year-1', 'ending': 'current_year-1'}, 'summary_format': 'Top <<limit>> movies of <<key>>. Sorted by critic rating.', 'collection_section': '010', 'schedule': 'range(01/01-02/28)', 'use_separator': False} |
[2025-07-01 09:56:06,922] [meta.py:1263]              [DEBUG]    | Template Variables: {'search_term': {'default': 'year'}, 'sort_by': {'default': 'critic_rating.desc'}, 'limit': {'default': 10}, 'image': {'default': 'year/best/<<key>>'}, 'translation_key': {'default': 'year'}, 'dynamic': {'default': True}} |
[2025-07-01 09:56:06,922] [meta.py:1264]              [DEBUG]    | Remove Prefix: []                                                                                  |
[2025-07-01 09:56:06,922] [meta.py:1265]              [DEBUG]    | Remove Suffix: []                                                                                  |
[2025-07-01 09:56:06,923] [meta.py:1266]              [DEBUG]    | Title Format: Best of <<key_name>>                                                                 |
[2025-07-01 09:56:06,923] [meta.py:1267]              [DEBUG]    | Key Name Override: {}                                                                              |
[2025-07-01 09:56:06,923] [meta.py:1268]              [DEBUG]    | Title Override: {}                                                                                 |
[2025-07-01 09:56:06,923] [meta.py:1269]              [DEBUG]    | Custom Keys: True                                                                                  |
[2025-07-01 09:56:06,923] [meta.py:1270]              [DEBUG]    | Test: False                                                                                        |
[2025-07-01 09:56:06,923] [meta.py:1271]              [DEBUG]    | Sync: {}                                                                                           |
[2025-07-01 09:56:06,923] [meta.py:1272]              [DEBUG]    | Include: []                                                                                        |
[2025-07-01 09:56:06,923] [meta.py:1273]              [DEBUG]    | Other Name: None                                                                                   |
[2025-07-01 09:56:06,923] [meta.py:1274]              [DEBUG]    | All Keys: dict_keys(['2024'])                                                                      |
[2025-07-01 09:56:06,924] [meta.py:1277]              [DEBUG]    | Keys (Title):                                                                                      |
[2025-07-01 09:56:06,924] [meta.py:1279]              [DEBUG]    |   - 2024                                                                                           |
[2025-07-01 09:56:06,924] [meta.py:1324]              [INFO]     | [{'value': ['2024'], 'number': ['2024'], 'key_name': '2024', 'key': '2024', 'search_term': 'year', 'sort_by': 'critic_rating.desc', 'limit': 25, 'image': 'year/best/<<key>>', 'translation_key': 'year', 'dynamic': True, 'name': 'smart_filter'}, {'value': ['2024'], 'number': ['2024'], 'key_name': '2024', 'key': '2024', 'search_term': 'year', 'sort_by': 'critic_rating.desc', 'limit': 25, 'image': 'year/best/<<key>>', 'translation_key': 'year', 'dynamic': True, 'name': 'shared'}] |
[2025-07-01 09:56:06,924] [meta.py:1374]              [INFO]     |                                                                                                    |
[2025-07-01 09:56:06,924] [meta.py:1375]              [INFO]     | Collection File Loaded Successfully                                                                |
[2025-07-01 09:56:06,924] [config.py:1254]            [INFO]     |                                                                                                    |
[2025-07-01 09:56:06,925] [config.py:1255]            [INFO]     |======================================= Radarr Configuration =======================================|
[2025-07-01 09:56:06,925] [config.py:1256]            [INFO]     |                                                                                                    |
[2025-07-01 09:56:06,925] [config.py:1257]            [INFO]     | Connecting to Movies (Scheduled) library's Radarr...                                               |
[2025-07-01 09:56:06,925] [config.py:1258]            [INFO]     |                                                                                                    |
[2025-07-01 09:56:06,997] [config.py:1281]            [INFO]     | Movies (Scheduled) library's Radarr Connection Successful                                          |
[2025-07-01 09:56:06,997] [config.py:1284]            [INFO]     |                                                                                                    |
[2025-07-01 09:56:06,998] [config.py:1285]            [INFO]     |======================================= Sonarr Configuration =======================================|
[2025-07-01 09:56:06,998] [config.py:1286]            [INFO]     |                                                                                                    |
[2025-07-01 09:56:06,998] [config.py:1287]            [INFO]     | Connecting to Movies (Scheduled) library's Sonarr...                                               |
[2025-07-01 09:56:06,998] [config.py:1288]            [INFO]     |                                                                                                    |
[2025-07-01 09:56:07,040] [config.py:1314]            [INFO]     | Movies (Scheduled) library's Sonarr Connection Successful                                          |
[2025-07-01 09:56:07,040] [config.py:1317]            [INFO]     |                                                                                                    |
[2025-07-01 09:56:07,040] [config.py:1318]            [INFO]     |====================================== Tautulli Configuration ======================================|
[2025-07-01 09:56:07,040] [config.py:1319]            [INFO]     |                                                                                                    |
[2025-07-01 09:56:07,040] [config.py:1320]            [INFO]     | Connecting to Movies (Scheduled) library's Tautulli...                                             |
[2025-07-01 09:56:07,041] [config.py:1321]            [INFO]     |                                                                                                    |
[2025-07-01 09:56:07,055] [config.py:1331]            [INFO]     | Movies (Scheduled) library's Tautulli Connection Successful                                        |
[2025-07-01 09:56:07,056] [config.py:1336]            [INFO]     |                                                                                                    |
[2025-07-01 09:56:07,056] [config.py:881]             [INFO]     |====================================================================================================|
[2025-07-01 09:56:07,056] [config.py:881]             [INFO]     |                                        Movies Configuration                                        |
[2025-07-01 09:56:07,056] [config.py:881]             [INFO]     |====================================================================================================|
[2025-07-01 09:56:07,056] [config.py:882]             [INFO]     |                                                                                                    |
[2025-07-01 09:56:07,056] [config.py:883]             [INFO]     | Connecting to Movies Library...                                                                    |
[2025-07-01 09:56:07,112] [config.py:927]             [INFO]     |===================================== Operation Configuration ======================================|
[2025-07-01 09:56:07,112] [config.py:931]             [INFO]     |                                                                                                    |
[2025-07-01 09:56:07,112] [config.py:932]             [INFO]     | Operation 1/1                                                                                      |
[2025-07-01 09:56:07,112] [config.py:934]             [INFO]     |     mass_poster_update: {'source': 'tmdb'}                                                         |
[2025-07-01 09:56:07,112] [config.py:934]             [INFO]     |     mass_genre_update: tmdb                                                                        |
[2025-07-01 09:56:07,113] [config.py:934]             [INFO]     |     mass_audience_rating_update: tmdb                                                              |
[2025-07-01 09:56:07,113] [config.py:934]             [INFO]     |     mass_imdb_parental_labels: mild                                                                |
[2025-07-01 09:56:07,113] [config.py:934]             [INFO]     |     mass_critic_rating_update: mdb_tomatoes                                                        |
[2025-07-01 09:56:07,113] [config.py:934]             [INFO]     |     mass_user_rating_update: trakt_user                                                            |
[2025-07-01 09:56:07,113] [config.py:934]             [INFO]     |     assets_for_all: True                                                                           |
[2025-07-01 09:56:07,113] [config.py:468]             [WARNING]  | Config Warning: seasons attribute not found using True as default                                  |
[2025-07-01 09:56:07,113] [config.py:468]             [WARNING]  | Config Warning: episodes attribute not found using True as default                                 |
[2025-07-01 09:56:07,113] [config.py:468]             [WARNING]  | Config Warning: ignore_locked attribute not found using False as default                           |
[2025-07-01 09:56:07,113] [config.py:468]             [WARNING]  | Config Warning: ignore_overlays attribute not found using False as default                         |
[2025-07-01 09:56:07,113] [config.py:1062]            [ERROR]    | Config Error: mass_critic_rating_update cannot use mdb_tomatoes without a successful MDBList Connection |
[2025-07-01 09:56:07,113] [config.py:1072]            [INFO]     |                                                                                                    |
[2025-07-01 09:56:07,113] [config.py:1073]            [INFO]     | Reading in Collection Files                                                                        |
[2025-07-01 09:56:07,113] [util.py:324]               [INFO]     |                                                                                                    |
[2025-07-01 09:56:07,113] [util.py:329]               [INFO]     | Reading default: basic                                                                             |
[2025-07-01 09:56:07,114] [util.py:324]               [INFO]     |                                                                                                    |
[2025-07-01 09:56:07,114] [util.py:329]               [INFO]     | Reading default: imdb                                                                              |
[2025-07-01 09:56:07,168] [util.py:324]               [INFO]     |                                                                                                    |
[2025-07-01 09:56:07,168] [util.py:329]               [INFO]     | Reading default: trakt                                                                             |
[2025-07-01 09:56:07,168] [util.py:324]               [INFO]     |                                                                                                    |
[2025-07-01 09:56:07,168] [util.py:329]               [INFO]     | Reading default: resolution                                                                        |
[2025-07-01 09:56:07,169] [util.py:348]               [INFO]     | Reading folder: config/Movies/                                                                     |
[2025-07-01 09:56:07,169] [util.py:368]               [INFO]     | Template Variables: {'sep_style': 'gold', 'exclude': ['sd'], 'sort_by': 'title.asc'}               |
[2025-07-01 09:56:07,169] [util.py:372]               [INFO]     | Asset Directory: config/assets/plex/Movies                                                         |
[2025-07-01 09:56:07,169] [util.py:324]               [INFO]     |                                                                                                    |
[2025-07-01 09:56:07,169] [util.py:329]               [INFO]     | Reading pmm: based                                                                                 |
[2025-07-01 09:56:07,169] [util.py:368]               [INFO]     | Template Variables: {'summary_true_story': 'Films based on or inspired by a true story.', 'summary_book': 'Films based on or inspired by a book.', 'summary_video_game': 'Films based on or inspired by a video game.', 'summary_comic': 'Films based on or inspired by a comic.', 'schedule': 'all[weekly(thursday), hourly(06-07)]'} |
[2025-07-01 09:56:07,169] [util.py:372]               [INFO]     | Asset Directory: config/assets/plex/Collections                                                    |
[2025-07-01 09:56:07,169] [util.py:324]               [INFO]     |                                                                                                    |
[2025-07-01 09:56:07,169] [util.py:329]               [INFO]     | Reading pmm: decade                                                                                |
[2025-07-01 09:56:07,169] [util.py:368]               [INFO]     | Template Variables: {'exclude': [1960], 'limit': 100, 'limit_1970': 25, 'summary_format': 'Top <<limit>> movies of the <<key>>s. Sorted by critic rating.', 'summary_1970': 'Top <<limit_1970>> movies of the <<key>>s. Sorted by critic rating.', 'minimum_items': 25} |
[2025-07-01 09:56:07,169] [util.py:372]               [INFO]     | Asset Directory: config/assets/plex/Collections                                                    |
[2025-07-01 09:56:07,169] [util.py:324]               [INFO]     |                                                                                                    |
[2025-07-01 09:56:07,169] [util.py:329]               [INFO]     | Reading pmm: genre                                                                                 |
[2025-07-01 09:56:07,169] [util.py:368]               [INFO]     | Template Variables: {'sort_by': 'title.asc', 'exclude': ['Horror', 'War', 'Western', 'Spy', 'Sport'], 'minimum_items': 10} |
[2025-07-01 09:56:07,169] [util.py:372]               [INFO]     | Asset Directory: config/assets/plex/Collections                                                    |
[2025-07-01 09:56:07,169] [util.py:324]               [INFO]     |                                                                                                    |
[2025-07-01 09:56:07,169] [util.py:329]               [INFO]     | Reading pmm: imdb                                                                                  |
[2025-07-01 09:56:07,169] [util.py:368]               [INFO]     | Template Variables: {'use_lowest': False, 'order_top': 3, 'order_popular': 3}                      |
[2025-07-01 09:56:07,169] [util.py:372]               [INFO]     | Asset Directory: config/assets/plex/Collections                                                    |
[2025-07-01 09:56:07,169] [util.py:324]               [INFO]     |                                                                                                    |
[2025-07-01 09:56:07,170] [util.py:329]               [INFO]     | Reading pmm: seasonal                                                                              |
[2025-07-01 09:56:07,170] [util.py:368]               [INFO]     | Template Variables: {'emoji': '', 'schedule_easter': 'range(03/20-04/05)', 'schedule_independence': 'range(06/28-07/05)', 'schedule_labor': 'range(09/01-09/05)', 'schedule_thanksgiving': 'range(11/01-11/24)', 'schedule_veteran': 'range(11/01-11/12)', 'schedule_valentine': 'range(02/05-02/15)', 'exclude': ['christmas', 'easter', 'halloween', 'latinx', 'women']} |
[2025-07-01 09:56:07,170] [util.py:372]               [INFO]     | Asset Directory: config/assets/plex/Collections                                                    |
[2025-07-01 09:56:07,170] [util.py:324]               [INFO]     |                                                                                                    |
[2025-07-01 09:56:07,170] [util.py:329]               [INFO]     | Reading pmm: tautulli                                                                              |
[2025-07-01 09:56:07,170] [util.py:368]               [INFO]     | Template Variables: {'use_watched': True, 'list_days': 14, 'list_size': 25, 'summary_popular': 'A collection of the most watched movies on this Plex server.', 'order_popular': 1} |
[2025-07-01 09:56:07,170] [util.py:372]               [INFO]     | Asset Directory: config/assets/plex/Collections                                                    |
[2025-07-01 09:56:07,170] [util.py:324]               [INFO]     |                                                                                                    |
[2025-07-01 09:56:07,170] [util.py:329]               [INFO]     | Reading pmm: universe                                                                              |
[2025-07-01 09:56:07,170] [util.py:368]               [INFO]     | Template Variables: {'trakt_list_avp': 'https://trakt.tv/users/oldmankestis/lists/alien-predator', 'trakt_list_mcu': 'https://trakt.tv/users/oldmankestis/lists/marvel-cinematic-universe', 'trakt_list_star': 'https://trakt.tv/users/oldmankestis/lists/star-wars', 'trakt_list_trek': 'https://trakt.tv/users/oldmankestis/lists/star-trek', 'trakt_list_xmen': 'https://trakt.tv/users/oldmankestis/lists/x-men-collection', 'summary_mcu': 'The Marvel Cinematic Universe (MCU) is an American media franchise and shared universe centered on a series of superhero films produced by Marvel Studios. Sorted in chronological order.', 'summary_xmen': 'The X-Men Collection. Sorted in chronological order.', 'minimum_items': 3, 'append_data': {'star': 'Star Wars Saga', 'trek': 'Star Trek Universe', 'xmen': 'X-Men Collection'}, 'exclude': ['marvel', 'mummy', 'rocky'], 'collection_section': '106'} |
[2025-07-01 09:56:07,170] [util.py:372]               [INFO]     | Asset Directory: config/assets/plex/Collections                                                    |
[2025-07-01 09:56:07,170] [config.py:1210]            [INFO]     |                                                                                                    |
[2025-07-01 09:56:07,170] [config.py:1211]            [INFO]     |======================================== Plex Configuration ========================================|
[2025-07-01 09:56:07,171] [library.py:142]            [INFO]     |                                                                                                    |
[2025-07-01 09:56:07,171] [library.py:144]            [INFO]     | Using Asset Directory: config/assets/plex/Movies                                                   |
[2025-07-01 09:56:07,173] [plex.py:467]               [INFO]     | Connected to server Mr Meeseeks version 1.41.8.9834-071366d65                                      |
[2025-07-01 09:56:07,173] [plex.py:468]               [INFO]     | Running on MacOSX version 15.5.0                                                                   |
[2025-07-01 09:56:07,177] [plex.py:472]               [INFO]     | Plex DB cache setting: 256 MB                                                                      |
[2025-07-01 09:56:07,177] [plex.py:489]               [INFO]     | PlexPass: True on Unknown update channel: 0.                                                       |
[2025-07-01 09:56:07,178] [plex.py:491]               [INFO]     | Scheduled maintenance running between 2:00 and 5:00                                                |
[2025-07-01 09:56:07,184] [plex.py:539]               [INFO]     | Connected to library Movies                                                                        |
[2025-07-01 09:56:07,185] [plex.py:540]               [INFO]     | Type: Movie                                                                                        |
[2025-07-01 09:56:07,185] [plex.py:541]               [INFO]     | Agent: tv.plex.agents.movie                                                                        |
[2025-07-01 09:56:07,185] [plex.py:542]               [INFO]     | Scanner: Plex Movie                                                                                |
[2025-07-01 09:56:07,185] [plex.py:543]               [INFO]     | Ratings Source: IMDb                                                                               |
[2025-07-01 09:56:07,185] [config.py:1239]            [INFO]     |                                                                                                    |
[2025-07-01 09:56:07,185] [config.py:1240]            [INFO]     | Movies Library Connection Successful                                                               |
[2025-07-01 09:56:07,185] [config.py:1241]            [INFO]     |                                                                                                    |
[2025-07-01 09:56:07,185] [config.py:1242]            [INFO]     |========================================== Scanning Files ==========================================|
[2025-07-01 09:56:07,185] [meta.py:71]                [INFO]     |                                                                                                    |
[2025-07-01 09:56:07,185] [meta.py:72]                [INFO]     |====================================================================================================|
[2025-07-01 09:56:07,185] [meta.py:72]                [INFO]     |                               Loading Collection File Default: basic                               |
[2025-07-01 09:56:07,185] [meta.py:72]                [INFO]     |====================================================================================================|
[2025-07-01 09:56:07,186] [meta.py:73]                [INFO]     |                                                                                                    |
[2025-07-01 09:56:07,195] [meta.py:165]               [DEBUG]    | File Loaded From: /Volumes/MacOS/Servers/Kometa/defaults/chart/basic.yml                           |
[2025-07-01 09:56:07,195] [util.py:324]               [INFO]     |                                                                                                    |
[2025-07-01 09:56:07,195] [util.py:329]               [INFO]     | Reading default: templates                                                                         |
[2025-07-01 09:56:07,195] [util.py:368]               [INFO]     | Template Variables: {'collection_section': '010', 'image': 'chart/<<style>>/<<mapping_name_encoded>>'} |
[2025-07-01 09:56:07,219] [meta.py:165]               [DEBUG]    | File Loaded From: /Volumes/MacOS/Servers/Kometa/defaults/templates.yml                             |
[2025-07-01 09:56:07,219] [meta.py:1374]              [INFO]     |                                                                                                    |
[2025-07-01 09:56:07,219] [meta.py:1375]              [INFO]     | Collection File Loaded Successfully                                                                |
[2025-07-01 09:56:07,219] [meta.py:71]                [INFO]     |                                                                                                    |
[2025-07-01 09:56:07,219] [meta.py:72]                [INFO]     |====================================================================================================|
[2025-07-01 09:56:07,219] [meta.py:72]                [INFO]     |                               Loading Collection File Default: imdb                                |
[2025-07-01 09:56:07,220] [meta.py:72]                [INFO]     |====================================================================================================|
[2025-07-01 09:56:07,220] [meta.py:73]                [INFO]     |                                                                                                    |
[2025-07-01 09:56:07,222] [meta.py:165]               [DEBUG]    | File Loaded From: /Volumes/MacOS/Servers/Kometa/defaults/chart/imdb.yml                            |
[2025-07-01 09:56:07,222] [util.py:324]               [INFO]     |                                                                                                    |
[2025-07-01 09:56:07,222] [util.py:329]               [INFO]     | Reading default: templates                                                                         |
[2025-07-01 09:56:07,222] [util.py:368]               [INFO]     | Template Variables: {'collection_section': '020', 'image': 'chart/<<style>>/<<mapping_name_encoded>>'} |
[2025-07-01 09:56:07,237] [meta.py:165]               [DEBUG]    | File Loaded From: /Volumes/MacOS/Servers/Kometa/defaults/templates.yml                             |
[2025-07-01 09:56:07,237] [meta.py:1374]              [INFO]     |                                                                                                    |
[2025-07-01 09:56:07,237] [meta.py:1375]              [INFO]     | Collection File Loaded Successfully                                                                |
[2025-07-01 09:56:07,237] [meta.py:71]                [INFO]     |                                                                                                    |
[2025-07-01 09:56:07,237] [meta.py:72]                [INFO]     |====================================================================================================|
[2025-07-01 09:56:07,237] [meta.py:72]                [INFO]     |                               Loading Collection File Default: trakt                               |
[2025-07-01 09:56:07,237] [meta.py:72]                [INFO]     |====================================================================================================|
[2025-07-01 09:56:07,237] [meta.py:73]                [INFO]     |                                                                                                    |
[2025-07-01 09:56:07,242] [meta.py:165]               [DEBUG]    | File Loaded From: /Volumes/MacOS/Servers/Kometa/defaults/chart/trakt.yml                           |
[2025-07-01 09:56:07,242] [util.py:324]               [INFO]     |                                                                                                    |
[2025-07-01 09:56:07,242] [util.py:329]               [INFO]     | Reading default: templates                                                                         |
[2025-07-01 09:56:07,242] [util.py:368]               [INFO]     | Template Variables: {'collection_section': '020', 'image': 'chart/<<style>>/<<mapping_name_encoded>>'} |
[2025-07-01 09:56:07,257] [meta.py:165]               [DEBUG]    | File Loaded From: /Volumes/MacOS/Servers/Kometa/defaults/templates.yml                             |
[2025-07-01 09:56:07,257] [meta.py:1374]              [INFO]     |                                                                                                    |
[2025-07-01 09:56:07,257] [meta.py:1375]              [INFO]     | Collection File Loaded Successfully                                                                |
[2025-07-01 09:56:07,257] [meta.py:71]                [INFO]     |                                                                                                    |
[2025-07-01 09:56:07,257] [meta.py:72]                [INFO]     |====================================================================================================|
[2025-07-01 09:56:07,257] [meta.py:72]                [INFO]     |                            Loading Collection File Default: resolution                             |
[2025-07-01 09:56:07,257] [meta.py:72]                [INFO]     |====================================================================================================|
[2025-07-01 09:56:07,257] [meta.py:73]                [INFO]     |                                                                                                    |
[2025-07-01 09:56:07,261] [meta.py:165]               [DEBUG]    | File Loaded From: /Volumes/MacOS/Servers/Kometa/defaults/both/resolution.yml                       |
[2025-07-01 09:56:07,261] [util.py:324]               [INFO]     |                                                                                                    |
[2025-07-01 09:56:07,261] [util.py:329]               [INFO]     | Reading default: templates                                                                         |
[2025-07-01 09:56:07,261] [util.py:368]               [INFO]     | Template Variables: {'collection_section': '120', 'conditionals': {'image': {'default': 'resolution/<<key>>', 'conditions': [{'style': 'standards', 'value': 'resolution/standards/<<key>>'}]}, 'key_name': {'conditions': [{'style': 'standards', 'key': 480, 'value': 'SD'}, {'style': 'standards', 'key': 720, 'value': 'HD Ready'}, {'style': 'standards', 'key': 1080, 'value': 'Full HD'}, {'style': 'standards', 'key': '4k', 'value': 'Ultra HD'}]}}} |
[2025-07-01 09:56:07,276] [meta.py:165]               [DEBUG]    | File Loaded From: /Volumes/MacOS/Servers/Kometa/defaults/templates.yml                             |
[2025-07-01 09:56:07,276] [meta.py:788]               [INFO]     |                                                                                                    |
[2025-07-01 09:56:07,276] [meta.py:789]               [INFO]     |============================= Building Resolution Dynamic Collections ==============================|
[2025-07-01 09:56:07,276] [meta.py:790]               [INFO]     |                                                                                                    |
[2025-07-01 09:56:07,429] [meta.py:1254]              [DEBUG]    | Mapping Name: Resolution                                                                           |
[2025-07-01 09:56:07,429] [meta.py:1255]              [DEBUG]    | Type: resolution                                                                                   |
[2025-07-01 09:56:07,430] [meta.py:1256]              [DEBUG]    | Data: None                                                                                         |
[2025-07-01 09:56:07,430] [meta.py:1257]              [DEBUG]    | Exclude: ['sd']                                                                                    |
[2025-07-01 09:56:07,430] [meta.py:1258]              [DEBUG]    | Exclude Final: ['sd', '8k', '2k', '144', '240', '360', '576']                                      |
[2025-07-01 09:56:07,430] [meta.py:1259]              [DEBUG]    | Addons: {'4k': ['8k'], '1080': ['2k'], '480': ['144', '240', '360', 'sd', '576']}                  |
[2025-07-01 09:56:07,430] [meta.py:1260]              [DEBUG]    | Template: ['smart_filter', 'shared']                                                               |
[2025-07-01 09:56:07,430] [meta.py:1261]              [DEBUG]    | Other Template: ['other_collection', 'smart_filter', 'shared']                                     |
[2025-07-01 09:56:07,430] [meta.py:1262]              [DEBUG]    | Library Variables: {'sep_style': 'gold', 'exclude': ['sd'], 'sort_by': 'title.asc'}                |
[2025-07-01 09:56:07,430] [meta.py:1263]              [DEBUG]    | Template Variables: {'search_term': {'default': 'resolution'}, 'translation_key': {'default': 'resolution', 'other': 'resolution_other'}, 'order': {'4k': '1_', '1080': '2_', '720': '3_', '480': '4_'}, 'dynamic': {'default': True}} |
[2025-07-01 09:56:07,430] [meta.py:1264]              [DEBUG]    | Remove Prefix: []                                                                                  |
[2025-07-01 09:56:07,430] [meta.py:1265]              [DEBUG]    | Remove Suffix: []                                                                                  |
[2025-07-01 09:56:07,430] [meta.py:1266]              [DEBUG]    | Title Format: <<key_name>> Movies                                                                  |
[2025-07-01 09:56:07,430] [meta.py:1267]              [DEBUG]    | Key Name Override: {}                                                                              |
[2025-07-01 09:56:07,430] [meta.py:1268]              [DEBUG]    | Title Override: {}                                                                                 |
[2025-07-01 09:56:07,430] [meta.py:1269]              [DEBUG]    | Custom Keys: True                                                                                  |
[2025-07-01 09:56:07,430] [meta.py:1270]              [DEBUG]    | Test: False                                                                                        |
[2025-07-01 09:56:07,430] [meta.py:1271]              [DEBUG]    | Sync: {}                                                                                           |
[2025-07-01 09:56:07,430] [meta.py:1272]              [DEBUG]    | Include: ['4k', '1080', '720', '480']                                                              |
[2025-07-01 09:56:07,430] [meta.py:1273]              [DEBUG]    | Other Name: Other Resolutions <<library_typeU>>s                                                   |
[2025-07-01 09:56:07,430] [meta.py:1274]              [DEBUG]    | All Keys: dict_keys(['4k', '2.7k', '2k', '1080', '720', '576', '480', 'sd'])                       |
[2025-07-01 09:56:07,431] [meta.py:1277]              [DEBUG]    | Keys (Title):                                                                                      |
[2025-07-01 09:56:07,431] [meta.py:1279]              [DEBUG]    |   - 4k (4K)                                                                                        |
[2025-07-01 09:56:07,431] [meta.py:1279]              [DEBUG]    |   - 2.7k (2.7K)                                                                                    |
[2025-07-01 09:56:07,431] [meta.py:1279]              [DEBUG]    |   - 1080 (1080p)                                                                                   |
[2025-07-01 09:56:07,431] [meta.py:1279]              [DEBUG]    |   - 720 (720p)                                                                                     |
[2025-07-01 09:56:07,431] [meta.py:1279]              [DEBUG]    |   - 480 (480p)                                                                                     |
[2025-07-01 09:56:07,431] [meta.py:1324]              [INFO]     | [{'value': ['4k'], 'resolution': ['4k'], 'key_name': '4K', 'key': '4k', 'search_term': 'resolution', 'translation_key': 'resolution', 'order': '1_', 'dynamic': True, 'name': 'smart_filter'}, {'value': ['4k'], 'resolution': ['4k'], 'key_name': '4K', 'key': '4k', 'search_term': 'resolution', 'translation_key': 'resolution', 'order': '1_', 'dynamic': True, 'name': 'shared'}] |
[2025-07-01 09:56:07,431] [meta.py:1324]              [INFO]     | [{'value': ['1080', '2k'], 'resolution': ['1080', '2k'], 'key_name': '1080p', 'key': '1080', 'search_term': 'resolution', 'translation_key': 'resolution', 'order': '2_', 'dynamic': True, 'name': 'smart_filter'}, {'value': ['1080', '2k'], 'resolution': ['1080', '2k'], 'key_name': '1080p', 'key': '1080', 'search_term': 'resolution', 'translation_key': 'resolution', 'order': '2_', 'dynamic': True, 'name': 'shared'}] |
[2025-07-01 09:56:07,431] [meta.py:1324]              [INFO]     | [{'value': ['720'], 'resolution': ['720'], 'key_name': '720p', 'key': '720', 'search_term': 'resolution', 'translation_key': 'resolution', 'order': '3_', 'dynamic': True, 'name': 'smart_filter'}, {'value': ['720'], 'resolution': ['720'], 'key_name': '720p', 'key': '720', 'search_term': 'resolution', 'translation_key': 'resolution', 'order': '3_', 'dynamic': True, 'name': 'shared'}] |
[2025-07-01 09:56:07,431] [meta.py:1324]              [INFO]     | [{'value': ['480', 'sd', '576'], 'resolution': ['480', 'sd', '576'], 'key_name': '480p', 'key': '480', 'search_term': 'resolution', 'translation_key': 'resolution', 'order': '4_', 'dynamic': True, 'name': 'smart_filter'}, {'value': ['480', 'sd', '576'], 'resolution': ['480', 'sd', '576'], 'key_name': '480p', 'key': '480', 'search_term': 'resolution', 'translation_key': 'resolution', 'order': '4_', 'dynamic': True, 'name': 'shared'}] |
[2025-07-01 09:56:07,431] [meta.py:1374]              [INFO]     |                                                                                                    |
[2025-07-01 09:56:07,431] [meta.py:1375]              [INFO]     | Collection File Loaded Successfully                                                                |
[2025-07-01 09:56:07,432] [meta.py:71]                [INFO]     |                                                                                                    |
[2025-07-01 09:56:07,432] [meta.py:72]                [INFO]     |====================================================================================================|
[2025-07-01 09:56:07,432] [meta.py:72]                [INFO]     |                     Loading Collection File File: config/Movies/Franchise.yml                      |
[2025-07-01 09:56:07,432] [meta.py:72]                [INFO]     |====================================================================================================|
[2025-07-01 09:56:07,432] [meta.py:73]                [INFO]     |                                                                                                    |
[2025-07-01 09:56:07,461] [meta.py:165]               [DEBUG]    | File Loaded From: /Volumes/MacOS/Servers/Kometa/config/Movies/Franchise.yml                        |
[2025-07-01 09:56:07,462] [meta.py:1374]              [INFO]     |                                                                                                    |
[2025-07-01 09:56:07,462] [meta.py:1375]              [INFO]     | Collection File Loaded Successfully                                                                |
[2025-07-01 09:56:07,462] [meta.py:71]                [INFO]     |                                                                                                    |
[2025-07-01 09:56:07,462] [meta.py:72]                [INFO]     |====================================================================================================|
[2025-07-01 09:56:07,462] [meta.py:72]                [INFO]     |                       Loading Collection File File: config/Movies/Horror.yml                       |
[2025-07-01 09:56:07,462] [meta.py:72]                [INFO]     |====================================================================================================|
[2025-07-01 09:56:07,462] [meta.py:73]                [INFO]     |                                                                                                    |
[2025-07-01 09:56:07,463] [meta.py:165]               [DEBUG]    | File Loaded From: /Volumes/MacOS/Servers/Kometa/config/Movies/Horror.yml                           |
[2025-07-01 09:56:07,463] [meta.py:1374]              [INFO]     |                                                                                                    |
[2025-07-01 09:56:07,463] [meta.py:1375]              [INFO]     | Collection File Loaded Successfully                                                                |
[2025-07-01 09:56:07,463] [meta.py:71]                [INFO]     |                                                                                                    |
[2025-07-01 09:56:07,463] [meta.py:72]                [INFO]     |====================================================================================================|
[2025-07-01 09:56:07,463] [meta.py:72]                [INFO]     |                      Loading Collection File File: config/Movies/Duration.yml                      |
[2025-07-01 09:56:07,463] [meta.py:72]                [INFO]     |====================================================================================================|
[2025-07-01 09:56:07,463] [meta.py:73]                [INFO]     |                                                                                                    |
[2025-07-01 09:56:07,465] [meta.py:165]               [DEBUG]    | File Loaded From: /Volumes/MacOS/Servers/Kometa/config/Movies/Duration.yml                         |
[2025-07-01 09:56:07,465] [meta.py:1374]              [INFO]     |                                                                                                    |
[2025-07-01 09:56:07,465] [meta.py:1375]              [INFO]     | Collection File Loaded Successfully                                                                |
[2025-07-01 09:56:07,465] [meta.py:71]                [INFO]     |                                                                                                    |
[2025-07-01 09:56:07,465] [meta.py:72]                [INFO]     |====================================================================================================|
[2025-07-01 09:56:07,465] [meta.py:72]                [INFO]     |                       Loading Collection File File: config/Movies/Random.yml                       |
[2025-07-01 09:56:07,465] [meta.py:72]                [INFO]     |====================================================================================================|
[2025-07-01 09:56:07,465] [meta.py:73]                [INFO]     |                                                                                                    |
[2025-07-01 09:56:07,466] [meta.py:165]               [DEBUG]    | File Loaded From: /Volumes/MacOS/Servers/Kometa/config/Movies/Random.yml                           |
[2025-07-01 09:56:07,466] [meta.py:1374]              [INFO]     |                                                                                                    |
[2025-07-01 09:56:07,466] [meta.py:1375]              [INFO]     | Collection File Loaded Successfully                                                                |
[2025-07-01 09:56:07,466] [meta.py:71]                [INFO]     |                                                                                                    |
[2025-07-01 09:56:07,466] [meta.py:72]                [INFO]     |====================================================================================================|
[2025-07-01 09:56:07,466] [meta.py:72]                [INFO]     |                       Loading Collection File File: config/Movies/Genre.yml                        |
[2025-07-01 09:56:07,466] [meta.py:72]                [INFO]     |====================================================================================================|
[2025-07-01 09:56:07,466] [meta.py:73]                [INFO]     |                                                                                                    |
[2025-07-01 09:56:07,469] [meta.py:165]               [DEBUG]    | File Loaded From: /Volumes/MacOS/Servers/Kometa/config/Movies/Genre.yml                            |
[2025-07-01 09:56:07,469] [meta.py:1374]              [INFO]     |                                                                                                    |
[2025-07-01 09:56:07,469] [meta.py:1375]              [INFO]     | Collection File Loaded Successfully                                                                |
[2025-07-01 09:56:07,469] [meta.py:71]                [INFO]     |                                                                                                    |
[2025-07-01 09:56:07,469] [meta.py:72]                [INFO]     |====================================================================================================|
[2025-07-01 09:56:07,469] [meta.py:72]                [INFO]     |                       Loading Collection File File: config/Movies/Cities.yml                       |
[2025-07-01 09:56:07,469] [meta.py:72]                [INFO]     |====================================================================================================|
[2025-07-01 09:56:07,469] [meta.py:73]                [INFO]     |                                                                                                    |
[2025-07-01 09:56:07,472] [meta.py:165]               [DEBUG]    | File Loaded From: /Volumes/MacOS/Servers/Kometa/config/Movies/Cities.yml                           |
[2025-07-01 09:56:07,472] [meta.py:1374]              [INFO]     |                                                                                                    |
[2025-07-01 09:56:07,472] [meta.py:1375]              [INFO]     | Collection File Loaded Successfully                                                                |
[2025-07-01 09:56:07,472] [meta.py:71]                [INFO]     |                                                                                                    |
[2025-07-01 09:56:07,472] [meta.py:72]                [INFO]     |====================================================================================================|
[2025-07-01 09:56:07,472] [meta.py:72]                [INFO]     |                      Loading Collection File File: config/Movies/Seasonal.yml                      |
[2025-07-01 09:56:07,472] [meta.py:72]                [INFO]     |====================================================================================================|
[2025-07-01 09:56:07,472] [meta.py:73]                [INFO]     |                                                                                                    |
[2025-07-01 09:56:07,476] [meta.py:165]               [DEBUG]    | File Loaded From: /Volumes/MacOS/Servers/Kometa/config/Movies/Seasonal.yml                         |
[2025-07-01 09:56:07,476] [meta.py:1374]              [INFO]     |                                                                                                    |
[2025-07-01 09:56:07,476] [meta.py:1375]              [INFO]     | Collection File Loaded Successfully                                                                |
[2025-07-01 09:56:07,476] [meta.py:71]                [INFO]     |                                                                                                    |
[2025-07-01 09:56:07,476] [meta.py:72]                [INFO]     |====================================================================================================|
[2025-07-01 09:56:07,476] [meta.py:72]                [INFO]     |                       Loading Collection File File: config/Movies/Movies.yml                       |
[2025-07-01 09:56:07,476] [meta.py:72]                [INFO]     |====================================================================================================|
[2025-07-01 09:56:07,476] [meta.py:73]                [INFO]     |                                                                                                    |
[2025-07-01 09:56:07,483] [meta.py:165]               [DEBUG]    | File Loaded From: /Volumes/MacOS/Servers/Kometa/config/Movies/Movies.yml                           |
[2025-07-01 09:56:07,483] [meta.py:51]                [WARNING]  | Config Warning: Skipping duplicate collection: "Marvel Cinematic Universe"                         |
[2025-07-01 09:56:07,483] [meta.py:1374]              [INFO]     |                                                                                                    |
[2025-07-01 09:56:07,483] [meta.py:1375]              [INFO]     | Collection File Loaded Successfully                                                                |
[2025-07-01 09:56:07,483] [meta.py:71]                [INFO]     |                                                                                                    |
[2025-07-01 09:56:07,483] [meta.py:72]                [INFO]     |====================================================================================================|
[2025-07-01 09:56:07,483] [meta.py:72]                [INFO]     |                       Loading Collection File File: config/Movies/Trakt.yml                        |
[2025-07-01 09:56:07,483] [meta.py:72]                [INFO]     |====================================================================================================|
[2025-07-01 09:56:07,483] [meta.py:73]                [INFO]     |                                                                                                    |
[2025-07-01 09:56:07,484] [meta.py:165]               [DEBUG]    | File Loaded From: /Volumes/MacOS/Servers/Kometa/config/Movies/Trakt.yml                            |
[2025-07-01 09:56:07,484] [meta.py:1374]              [INFO]     |                                                                                                    |
[2025-07-01 09:56:07,484] [meta.py:1375]              [INFO]     | Collection File Loaded Successfully                                                                |
[2025-07-01 09:56:07,484] [meta.py:71]                [INFO]     |                                                                                                    |
[2025-07-01 09:56:07,484] [meta.py:72]                [INFO]     |====================================================================================================|
[2025-07-01 09:56:07,484] [meta.py:72]                [INFO]     |                               Loading Collection File Default: based                               |
[2025-07-01 09:56:07,484] [meta.py:72]                [INFO]     |====================================================================================================|
[2025-07-01 09:56:07,484] [meta.py:73]                [INFO]     |                                                                                                    |
[2025-07-01 09:56:07,486] [meta.py:165]               [DEBUG]    | File Loaded From: /Volumes/MacOS/Servers/Kometa/defaults/both/based.yml                            |
[2025-07-01 09:56:07,486] [util.py:324]               [INFO]     |                                                                                                    |
[2025-07-01 09:56:07,486] [util.py:329]               [INFO]     | Reading default: templates                                                                         |
[2025-07-01 09:56:07,486] [util.py:368]               [INFO]     | Template Variables: {'collection_section': '085'}                                                  |
[2025-07-01 09:56:07,501] [meta.py:165]               [DEBUG]    | File Loaded From: /Volumes/MacOS/Servers/Kometa/defaults/templates.yml                             |
[2025-07-01 09:56:07,501] [meta.py:788]               [INFO]     |                                                                                                    |
[2025-07-01 09:56:07,501] [meta.py:789]               [INFO]     |================================ Building Based Dynamic Collections ================================|
[2025-07-01 09:56:07,501] [meta.py:790]               [INFO]     |                                                                                                    |
[2025-07-01 09:56:07,501] [meta.py:1254]              [DEBUG]    | Mapping Name: Based                                                                                |
[2025-07-01 09:56:07,501] [meta.py:1255]              [DEBUG]    | Type: custom                                                                                       |
[2025-07-01 09:56:07,501] [meta.py:1256]              [DEBUG]    | Data: {'books': 'Book', 'comics': 'Comic', 'true_story': 'True Story', 'video_games': 'Video Game'} |
[2025-07-01 09:56:07,501] [meta.py:1257]              [DEBUG]    | Exclude: []                                                                                        |
[2025-07-01 09:56:07,501] [meta.py:1258]              [DEBUG]    | Exclude Final: []                                                                                  |
[2025-07-01 09:56:07,501] [meta.py:1259]              [DEBUG]    | Addons: {}                                                                                         |
[2025-07-01 09:56:07,501] [meta.py:1260]              [DEBUG]    | Template: ['mdb_smart', 'shared', 'arr']                                                           |
[2025-07-01 09:56:07,501] [meta.py:1261]              [DEBUG]    | Other Template: ['mdb_smart', 'shared', 'arr']                                                     |
[2025-07-01 09:56:07,501] [meta.py:1262]              [DEBUG]    | Library Variables: {'summary_true_story': 'Films based on or inspired by a true story.', 'summary_book': 'Films based on or inspired by a book.', 'summary_video_game': 'Films based on or inspired by a video game.', 'summary_comic': 'Films based on or inspired by a comic.', 'schedule': 'all[weekly(thursday), hourly(06-07)]'} |
[2025-07-01 09:56:07,501] [meta.py:1263]              [DEBUG]    | Template Variables: {'mdblist_list': {'default': 'https://mdblist.com/lists/k0meta/based_on_<<key>>_<<library_type>>s'}, 'image': {'default': 'based/<<key_name_encoded>>'}, 'translation_key': {'default': 'based'}, 'dynamic': {'default': True}} |
[2025-07-01 09:56:07,501] [meta.py:1264]              [DEBUG]    | Remove Prefix: []                                                                                  |
[2025-07-01 09:56:07,501] [meta.py:1265]              [DEBUG]    | Remove Suffix: []                                                                                  |
[2025-07-01 09:56:07,501] [meta.py:1266]              [DEBUG]    | Title Format: Based on a <<key_name>>                                                              |
[2025-07-01 09:56:07,501] [meta.py:1267]              [DEBUG]    | Key Name Override: {}                                                                              |
[2025-07-01 09:56:07,501] [meta.py:1268]              [DEBUG]    | Title Override: {}                                                                                 |
[2025-07-01 09:56:07,501] [meta.py:1269]              [DEBUG]    | Custom Keys: True                                                                                  |
[2025-07-01 09:56:07,501] [meta.py:1270]              [DEBUG]    | Test: False                                                                                        |
[2025-07-01 09:56:07,501] [meta.py:1271]              [DEBUG]    | Sync: {}                                                                                           |
[2025-07-01 09:56:07,501] [meta.py:1272]              [DEBUG]    | Include: []                                                                                        |
[2025-07-01 09:56:07,501] [meta.py:1273]              [DEBUG]    | Other Name: None                                                                                   |
[2025-07-01 09:56:07,501] [meta.py:1274]              [DEBUG]    | All Keys: dict_keys(['books', 'comics', 'true_story', 'video_games'])                              |
[2025-07-01 09:56:07,501] [meta.py:1277]              [DEBUG]    | Keys (Title):                                                                                      |
[2025-07-01 09:56:07,501] [meta.py:1279]              [DEBUG]    |   - books (Book)                                                                                   |
[2025-07-01 09:56:07,501] [meta.py:1279]              [DEBUG]    |   - comics (Comic)                                                                                 |
[2025-07-01 09:56:07,501] [meta.py:1279]              [DEBUG]    |   - true_story (True Story)                                                                        |
[2025-07-01 09:56:07,501] [meta.py:1279]              [DEBUG]    |   - video_games (Video Game)                                                                       |
[2025-07-01 09:56:07,502] [meta.py:1324]              [INFO]     | [{'value': ['books'], 'custom': ['books'], 'key_name': 'Book', 'key': 'books', 'mdblist_list': 'https://mdblist.com/lists/k0meta/based_on_<<key>>_<<library_type>>s', 'image': 'based/<<key_name_encoded>>', 'translation_key': 'based', 'dynamic': True, 'name': 'mdb_smart'}, {'value': ['books'], 'custom': ['books'], 'key_name': 'Book', 'key': 'books', 'mdblist_list': 'https://mdblist.com/lists/k0meta/based_on_<<key>>_<<library_type>>s', 'image': 'based/<<key_name_encoded>>', 'translation_key': 'based', 'dynamic': True, 'name': 'shared'}, {'value': ['books'], 'custom': ['books'], 'key_name': 'Book', 'key': 'books', 'mdblist_list': 'https://mdblist.com/lists/k0meta/based_on_<<key>>_<<library_type>>s', 'image': 'based/<<key_name_encoded>>', 'translation_key': 'based', 'dynamic': True, 'name': 'arr'}] |
[2025-07-01 09:56:07,502] [meta.py:1324]              [INFO]     | [{'value': ['comics'], 'custom': ['comics'], 'key_name': 'Comic', 'key': 'comics', 'mdblist_list': 'https://mdblist.com/lists/k0meta/based_on_<<key>>_<<library_type>>s', 'image': 'based/<<key_name_encoded>>', 'translation_key': 'based', 'dynamic': True, 'name': 'mdb_smart'}, {'value': ['comics'], 'custom': ['comics'], 'key_name': 'Comic', 'key': 'comics', 'mdblist_list': 'https://mdblist.com/lists/k0meta/based_on_<<key>>_<<library_type>>s', 'image': 'based/<<key_name_encoded>>', 'translation_key': 'based', 'dynamic': True, 'name': 'shared'}, {'value': ['comics'], 'custom': ['comics'], 'key_name': 'Comic', 'key': 'comics', 'mdblist_list': 'https://mdblist.com/lists/k0meta/based_on_<<key>>_<<library_type>>s', 'image': 'based/<<key_name_encoded>>', 'translation_key': 'based', 'dynamic': True, 'name': 'arr'}] |
[2025-07-01 09:56:07,502] [meta.py:1324]              [INFO]     | [{'value': ['true_story'], 'custom': ['true_story'], 'key_name': 'True Story', 'key': 'true_story', 'mdblist_list': 'https://mdblist.com/lists/k0meta/based_on_<<key>>_<<library_type>>s', 'image': 'based/<<key_name_encoded>>', 'translation_key': 'based', 'dynamic': True, 'name': 'mdb_smart'}, {'value': ['true_story'], 'custom': ['true_story'], 'key_name': 'True Story', 'key': 'true_story', 'mdblist_list': 'https://mdblist.com/lists/k0meta/based_on_<<key>>_<<library_type>>s', 'image': 'based/<<key_name_encoded>>', 'translation_key': 'based', 'dynamic': True, 'name': 'shared'}, {'value': ['true_story'], 'custom': ['true_story'], 'key_name': 'True Story', 'key': 'true_story', 'mdblist_list': 'https://mdblist.com/lists/k0meta/based_on_<<key>>_<<library_type>>s', 'image': 'based/<<key_name_encoded>>', 'translation_key': 'based', 'dynamic': True, 'name': 'arr'}] |
[2025-07-01 09:56:07,502] [meta.py:1324]              [INFO]     | [{'value': ['video_games'], 'custom': ['video_games'], 'key_name': 'Video Game', 'key': 'video_games', 'mdblist_list': 'https://mdblist.com/lists/k0meta/based_on_<<key>>_<<library_type>>s', 'image': 'based/<<key_name_encoded>>', 'translation_key': 'based', 'dynamic': True, 'name': 'mdb_smart'}, {'value': ['video_games'], 'custom': ['video_games'], 'key_name': 'Video Game', 'key': 'video_games', 'mdblist_list': 'https://mdblist.com/lists/k0meta/based_on_<<key>>_<<library_type>>s', 'image': 'based/<<key_name_encoded>>', 'translation_key': 'based', 'dynamic': True, 'name': 'shared'}, {'value': ['video_games'], 'custom': ['video_games'], 'key_name': 'Video Game', 'key': 'video_games', 'mdblist_list': 'https://mdblist.com/lists/k0meta/based_on_<<key>>_<<library_type>>s', 'image': 'based/<<key_name_encoded>>', 'translation_key': 'based', 'dynamic': True, 'name': 'arr'}] |
[2025-07-01 09:56:07,502] [meta.py:1374]              [INFO]     |                                                                                                    |
[2025-07-01 09:56:07,502] [meta.py:1375]              [INFO]     | Collection File Loaded Successfully                                                                |
[2025-07-01 09:56:07,502] [meta.py:71]                [INFO]     |                                                                                                    |
[2025-07-01 09:56:07,502] [meta.py:72]                [INFO]     |====================================================================================================|
[2025-07-01 09:56:07,502] [meta.py:72]                [INFO]     |                              Loading Collection File Default: decade                               |
[2025-07-01 09:56:07,502] [meta.py:72]                [INFO]     |====================================================================================================|
[2025-07-01 09:56:07,502] [meta.py:73]                [INFO]     |                                                                                                    |
[2025-07-01 09:56:07,504] [meta.py:165]               [DEBUG]    | File Loaded From: /Volumes/MacOS/Servers/Kometa/defaults/movie/decade.yml                          |
[2025-07-01 09:56:07,504] [util.py:324]               [INFO]     |                                                                                                    |
[2025-07-01 09:56:07,504] [util.py:329]               [INFO]     | Reading default: templates                                                                         |
[2025-07-01 09:56:07,504] [util.py:368]               [INFO]     | Template Variables: {'collection_section': '100'}                                                  |
[2025-07-01 09:56:07,518] [meta.py:165]               [DEBUG]    | File Loaded From: /Volumes/MacOS/Servers/Kometa/defaults/templates.yml                             |
[2025-07-01 09:56:07,518] [meta.py:788]               [INFO]     |                                                                                                    |
[2025-07-01 09:56:07,518] [meta.py:789]               [INFO]     |=============================== Building Decade Dynamic Collections ================================|
[2025-07-01 09:56:07,518] [meta.py:790]               [INFO]     |                                                                                                    |
[2025-07-01 09:56:07,617] [meta.py:1254]              [DEBUG]    | Mapping Name: Decade                                                                               |
[2025-07-01 09:56:07,617] [meta.py:1255]              [DEBUG]    | Type: decade                                                                                       |
[2025-07-01 09:56:07,617] [meta.py:1256]              [DEBUG]    | Data: None                                                                                         |
[2025-07-01 09:56:07,617] [meta.py:1257]              [DEBUG]    | Exclude: ['1960']                                                                                  |
[2025-07-01 09:56:07,617] [meta.py:1258]              [DEBUG]    | Exclude Final: ['1960']                                                                            |
[2025-07-01 09:56:07,617] [meta.py:1259]              [DEBUG]    | Addons: {}                                                                                         |
[2025-07-01 09:56:07,617] [meta.py:1260]              [DEBUG]    | Template: ['smart_filter', 'shared']                                                               |
[2025-07-01 09:56:07,617] [meta.py:1261]              [DEBUG]    | Other Template: ['smart_filter', 'shared']                                                         |
[2025-07-01 09:56:07,617] [meta.py:1262]              [DEBUG]    | Library Variables: {'exclude': [1960], 'limit': 100, 'limit_1970': 25, 'summary_format': 'Top <<limit>> movies of the <<key>>s. Sorted by critic rating.', 'summary_1970': 'Top <<limit_1970>> movies of the <<key>>s. Sorted by critic rating.', 'minimum_items': 25} |
[2025-07-01 09:56:07,617] [meta.py:1263]              [DEBUG]    | Template Variables: {'search_term': {'default': 'decade'}, 'sort_by': {'default': 'critic_rating.desc'}, 'limit': {'default': 100}, 'image': {'default': 'decade/best/<<key>>'}, 'translation_key': {'default': 'decade'}, 'dynamic': {'default': True}} |
[2025-07-01 09:56:07,617] [meta.py:1264]              [DEBUG]    | Remove Prefix: []                                                                                  |
[2025-07-01 09:56:07,617] [meta.py:1265]              [DEBUG]    | Remove Suffix: []                                                                                  |
[2025-07-01 09:56:07,617] [meta.py:1266]              [DEBUG]    | Title Format: Best of <<key_name>>                                                                 |
[2025-07-01 09:56:07,617] [meta.py:1267]              [DEBUG]    | Key Name Override: {}                                                                              |
[2025-07-01 09:56:07,617] [meta.py:1268]              [DEBUG]    | Title Override: {}                                                                                 |
[2025-07-01 09:56:07,617] [meta.py:1269]              [DEBUG]    | Custom Keys: True                                                                                  |
[2025-07-01 09:56:07,617] [meta.py:1270]              [DEBUG]    | Test: False                                                                                        |
[2025-07-01 09:56:07,617] [meta.py:1271]              [DEBUG]    | Sync: {}                                                                                           |
[2025-07-01 09:56:07,617] [meta.py:1272]              [DEBUG]    | Include: []                                                                                        |
[2025-07-01 09:56:07,617] [meta.py:1273]              [DEBUG]    | Other Name: None                                                                                   |
[2025-07-01 09:56:07,617] [meta.py:1274]              [DEBUG]    | All Keys: dict_keys(['2020', '2010', '2000', '1990', '1980', '1970', '1960', '1950', '1940', '1930', '1920']) |
[2025-07-01 09:56:07,617] [meta.py:1277]              [DEBUG]    | Keys (Title):                                                                                      |
[2025-07-01 09:56:07,617] [meta.py:1279]              [DEBUG]    |   - 2020 (2020s)                                                                                   |
[2025-07-01 09:56:07,617] [meta.py:1279]              [DEBUG]    |   - 2010 (2010s)                                                                                   |
[2025-07-01 09:56:07,617] [meta.py:1279]              [DEBUG]    |   - 2000 (2000s)                                                                                   |
[2025-07-01 09:56:07,618] [meta.py:1279]              [DEBUG]    |   - 1990 (1990s)                                                                                   |
[2025-07-01 09:56:07,618] [meta.py:1279]              [DEBUG]    |   - 1980 (1980s)                                                                                   |
[2025-07-01 09:56:07,618] [meta.py:1279]              [DEBUG]    |   - 1970 (1970s)                                                                                   |
[2025-07-01 09:56:07,618] [meta.py:1279]              [DEBUG]    |   - 1950 (1950s)                                                                                   |
[2025-07-01 09:56:07,618] [meta.py:1279]              [DEBUG]    |   - 1940 (1940s)                                                                                   |
[2025-07-01 09:56:07,618] [meta.py:1279]              [DEBUG]    |   - 1930 (1930s)                                                                                   |
[2025-07-01 09:56:07,618] [meta.py:1279]              [DEBUG]    |   - 1920 (1920s)                                                                                   |
[2025-07-01 09:56:07,618] [meta.py:1324]              [INFO]     | [{'value': ['2020'], 'decade': ['2020'], 'key_name': '2020s', 'key': '2020', 'search_term': 'decade', 'sort_by': 'critic_rating.desc', 'limit': 100, 'image': 'decade/best/<<key>>', 'translation_key': 'decade', 'dynamic': True, 'name': 'smart_filter'}, {'value': ['2020'], 'decade': ['2020'], 'key_name': '2020s', 'key': '2020', 'search_term': 'decade', 'sort_by': 'critic_rating.desc', 'limit': 100, 'image': 'decade/best/<<key>>', 'translation_key': 'decade', 'dynamic': True, 'name': 'shared'}] |
[2025-07-01 09:56:07,618] [meta.py:1324]              [INFO]     | [{'value': ['2010'], 'decade': ['2010'], 'key_name': '2010s', 'key': '2010', 'search_term': 'decade', 'sort_by': 'critic_rating.desc', 'limit': 100, 'image': 'decade/best/<<key>>', 'translation_key': 'decade', 'dynamic': True, 'name': 'smart_filter'}, {'value': ['2010'], 'decade': ['2010'], 'key_name': '2010s', 'key': '2010', 'search_term': 'decade', 'sort_by': 'critic_rating.desc', 'limit': 100, 'image': 'decade/best/<<key>>', 'translation_key': 'decade', 'dynamic': True, 'name': 'shared'}] |
[2025-07-01 09:56:07,618] [meta.py:1324]              [INFO]     | [{'value': ['2000'], 'decade': ['2000'], 'key_name': '2000s', 'key': '2000', 'search_term': 'decade', 'sort_by': 'critic_rating.desc', 'limit': 100, 'image': 'decade/best/<<key>>', 'translation_key': 'decade', 'dynamic': True, 'name': 'smart_filter'}, {'value': ['2000'], 'decade': ['2000'], 'key_name': '2000s', 'key': '2000', 'search_term': 'decade', 'sort_by': 'critic_rating.desc', 'limit': 100, 'image': 'decade/best/<<key>>', 'translation_key': 'decade', 'dynamic': True, 'name': 'shared'}] |
[2025-07-01 09:56:07,618] [meta.py:1324]              [INFO]     | [{'value': ['1990'], 'decade': ['1990'], 'key_name': '1990s', 'key': '1990', 'search_term': 'decade', 'sort_by': 'critic_rating.desc', 'limit': 100, 'image': 'decade/best/<<key>>', 'translation_key': 'decade', 'dynamic': True, 'name': 'smart_filter'}, {'value': ['1990'], 'decade': ['1990'], 'key_name': '1990s', 'key': '1990', 'search_term': 'decade', 'sort_by': 'critic_rating.desc', 'limit': 100, 'image': 'decade/best/<<key>>', 'translation_key': 'decade', 'dynamic': True, 'name': 'shared'}] |
[2025-07-01 09:56:07,618] [meta.py:1324]              [INFO]     | [{'value': ['1980'], 'decade': ['1980'], 'key_name': '1980s', 'key': '1980', 'search_term': 'decade', 'sort_by': 'critic_rating.desc', 'limit': 100, 'image': 'decade/best/<<key>>', 'translation_key': 'decade', 'dynamic': True, 'name': 'smart_filter'}, {'value': ['1980'], 'decade': ['1980'], 'key_name': '1980s', 'key': '1980', 'search_term': 'decade', 'sort_by': 'critic_rating.desc', 'limit': 100, 'image': 'decade/best/<<key>>', 'translation_key': 'decade', 'dynamic': True, 'name': 'shared'}] |
[2025-07-01 09:56:07,618] [meta.py:1324]              [INFO]     | [{'value': ['1970'], 'decade': ['1970'], 'key_name': '1970s', 'key': '1970', 'search_term': 'decade', 'sort_by': 'critic_rating.desc', 'limit': 100, 'image': 'decade/best/<<key>>', 'translation_key': 'decade', 'dynamic': True, 'name': 'smart_filter'}, {'value': ['1970'], 'decade': ['1970'], 'key_name': '1970s', 'key': '1970', 'search_term': 'decade', 'sort_by': 'critic_rating.desc', 'limit': 100, 'image': 'decade/best/<<key>>', 'translation_key': 'decade', 'dynamic': True, 'name': 'shared'}] |
[2025-07-01 09:56:07,618] [meta.py:1324]              [INFO]     | [{'value': ['1950'], 'decade': ['1950'], 'key_name': '1950s', 'key': '1950', 'search_term': 'decade', 'sort_by': 'critic_rating.desc', 'limit': 100, 'image': 'decade/best/<<key>>', 'translation_key': 'decade', 'dynamic': True, 'name': 'smart_filter'}, {'value': ['1950'], 'decade': ['1950'], 'key_name': '1950s', 'key': '1950', 'search_term': 'decade', 'sort_by': 'critic_rating.desc', 'limit': 100, 'image': 'decade/best/<<key>>', 'translation_key': 'decade', 'dynamic': True, 'name': 'shared'}] |
[2025-07-01 09:56:07,618] [meta.py:1324]              [INFO]     | [{'value': ['1940'], 'decade': ['1940'], 'key_name': '1940s', 'key': '1940', 'search_term': 'decade', 'sort_by': 'critic_rating.desc', 'limit': 100, 'image': 'decade/best/<<key>>', 'translation_key': 'decade', 'dynamic': True, 'name': 'smart_filter'}, {'value': ['1940'], 'decade': ['1940'], 'key_name': '1940s', 'key': '1940', 'search_term': 'decade', 'sort_by': 'critic_rating.desc', 'limit': 100, 'image': 'decade/best/<<key>>', 'translation_key': 'decade', 'dynamic': True, 'name': 'shared'}] |
[2025-07-01 09:56:07,618] [meta.py:1324]              [INFO]     | [{'value': ['1930'], 'decade': ['1930'], 'key_name': '1930s', 'key': '1930', 'search_term': 'decade', 'sort_by': 'critic_rating.desc', 'limit': 100, 'image': 'decade/best/<<key>>', 'translation_key': 'decade', 'dynamic': True, 'name': 'smart_filter'}, {'value': ['1930'], 'decade': ['1930'], 'key_name': '1930s', 'key': '1930', 'search_term': 'decade', 'sort_by': 'critic_rating.desc', 'limit': 100, 'image': 'decade/best/<<key>>', 'translation_key': 'decade', 'dynamic': True, 'name': 'shared'}] |
[2025-07-01 09:56:07,618] [meta.py:1324]              [INFO]     | [{'value': ['1920'], 'decade': ['1920'], 'key_name': '1920s', 'key': '1920', 'search_term': 'decade', 'sort_by': 'critic_rating.desc', 'limit': 100, 'image': 'decade/best/<<key>>', 'translation_key': 'decade', 'dynamic': True, 'name': 'smart_filter'}, {'value': ['1920'], 'decade': ['1920'], 'key_name': '1920s', 'key': '1920', 'search_term': 'decade', 'sort_by': 'critic_rating.desc', 'limit': 100, 'image': 'decade/best/<<key>>', 'translation_key': 'decade', 'dynamic': True, 'name': 'shared'}] |
[2025-07-01 09:56:07,618] [meta.py:1374]              [INFO]     |                                                                                                    |
[2025-07-01 09:56:07,618] [meta.py:1375]              [INFO]     | Collection File Loaded Successfully                                                                |
[2025-07-01 09:56:07,618] [meta.py:71]                [INFO]     |                                                                                                    |
[2025-07-01 09:56:07,618] [meta.py:72]                [INFO]     |====================================================================================================|
[2025-07-01 09:56:07,618] [meta.py:72]                [INFO]     |                               Loading Collection File Default: genre                               |
[2025-07-01 09:56:07,618] [meta.py:72]                [INFO]     |====================================================================================================|
[2025-07-01 09:56:07,618] [meta.py:73]                [INFO]     |                                                                                                    |
[2025-07-01 09:56:07,621] [meta.py:165]               [DEBUG]    | File Loaded From: /Volumes/MacOS/Servers/Kometa/defaults/both/genre.yml                            |
[2025-07-01 09:56:07,621] [util.py:324]               [INFO]     |                                                                                                    |
[2025-07-01 09:56:07,621] [util.py:329]               [INFO]     | Reading default: templates                                                                         |
[2025-07-01 09:56:07,621] [util.py:368]               [INFO]     | Template Variables: {'collection_section': '060'}                                                  |
[2025-07-01 09:56:07,636] [meta.py:165]               [DEBUG]    | File Loaded From: /Volumes/MacOS/Servers/Kometa/defaults/templates.yml                             |
[2025-07-01 09:56:07,637] [meta.py:788]               [INFO]     |                                                                                                    |
[2025-07-01 09:56:07,637] [meta.py:789]               [INFO]     |================================ Building Genre Dynamic Collections ================================|
[2025-07-01 09:56:07,637] [meta.py:790]               [INFO]     |                                                                                                    |
[2025-07-01 09:56:07,943] [meta.py:1254]              [DEBUG]    | Mapping Name: Genre                                                                                |
[2025-07-01 09:56:07,943] [meta.py:1255]              [DEBUG]    | Type: genre                                                                                        |
[2025-07-01 09:56:07,943] [meta.py:1256]              [DEBUG]    | Data: None                                                                                         |
[2025-07-01 09:56:07,943] [meta.py:1257]              [DEBUG]    | Exclude: ['Horror', 'War', 'Western', 'Spy', 'Sport']                                              |
[2025-07-01 09:56:07,944] [meta.py:1258]              [DEBUG]    | Exclude Final: ['Horror', 'War', 'Western', 'Spy', 'Sport', 'Action/Adventure', 'Action/adventure', 'Action & Adventure', 'Action & adventure', 'Action and Adventure', 'Action and adventure', 'Biography', 'Kids & Family', 'SciFi & Fantasy', 'Science Fiction & Fantasy', 'Science-Fiction & Fantasy', 'Sci-Fi & Fantasy', 'Film-Noir', 'War & Politics', 'SciFi', 'Sci-Fi', 'Science-Fiction', 'Talk'] |
[2025-07-01 09:56:07,944] [meta.py:1259]              [DEBUG]    | Addons: {'Action': ['Action/Adventure', 'Action/adventure', 'Action & Adventure', 'Action & adventure', 'Action and Adventure', 'Action and adventure'], 'Adventure': ['Action/Adventure', 'Action/adventure', 'Action & Adventure', 'Action & adventure', 'Action and Adventure', 'Action and adventure'], 'Biopic': ['Biography'], 'Family': ['Kids & Family'], 'Fantasy': ['SciFi & Fantasy', 'Science Fiction & Fantasy', 'Science-Fiction & Fantasy', 'Sci-Fi & Fantasy'], 'Film Noir': ['Film-Noir'], 'Politics': ['War & Politics'], 'Science Fiction': ['SciFi', 'Sci-Fi', 'Science-Fiction', 'SciFi & Fantasy', 'Science Fiction & Fantasy', 'Sci-Fi & Fantasy'], 'Talk Show': ['Talk'], 'War': ['War & Politics']} |
[2025-07-01 09:56:07,944] [meta.py:1260]              [DEBUG]    | Template: ['smart_filter', 'shared']                                                               |
[2025-07-01 09:56:07,944] [meta.py:1261]              [DEBUG]    | Other Template: ['smart_filter', 'shared']                                                         |
[2025-07-01 09:56:07,944] [meta.py:1262]              [DEBUG]    | Library Variables: {'sort_by': 'title.asc', 'exclude': ['Horror', 'War', 'Western', 'Spy', 'Sport'], 'minimum_items': 10} |
[2025-07-01 09:56:07,944] [meta.py:1263]              [DEBUG]    | Template Variables: {'search_term': {'default': 'genre'}, 'image': {'default': 'genre/<<original_key_name_encoded>>'}, 'translation_key': {'default': 'genre'}, 'dynamic': {'default': True}} |
[2025-07-01 09:56:07,944] [meta.py:1264]              [DEBUG]    | Remove Prefix: []                                                                                  |
[2025-07-01 09:56:07,944] [meta.py:1265]              [DEBUG]    | Remove Suffix: []                                                                                  |
[2025-07-01 09:56:07,944] [meta.py:1266]              [DEBUG]    | Title Format: <<key_name>> Movies                                                                  |
[2025-07-01 09:56:07,944] [meta.py:1267]              [DEBUG]    | Key Name Override: {}                                                                              |
[2025-07-01 09:56:07,944] [meta.py:1268]              [DEBUG]    | Title Override: {}                                                                                 |
[2025-07-01 09:56:07,944] [meta.py:1269]              [DEBUG]    | Custom Keys: True                                                                                  |
[2025-07-01 09:56:07,944] [meta.py:1270]              [DEBUG]    | Test: False                                                                                        |
[2025-07-01 09:56:07,945] [meta.py:1271]              [DEBUG]    | Sync: {}                                                                                           |
[2025-07-01 09:56:07,945] [meta.py:1272]              [DEBUG]    | Include: []                                                                                        |
[2025-07-01 09:56:07,945] [meta.py:1273]              [DEBUG]    | Other Name: None                                                                                   |
[2025-07-01 09:56:07,945] [meta.py:1274]              [DEBUG]    | All Keys: dict_keys(['Action', 'Adventure', 'Animation', 'Anime', 'Children', 'Comedy', 'Crime', 'Documentary', 'Drama', 'Family', 'Fantasy', 'Game Show', 'History', 'Horror', 'Martial Arts', 'Music', 'Musical', 'Mystery', 'Reality', 'Romance', 'Science Fiction', 'Short', 'Sport', 'Thriller', 'TV Movie', 'War', 'Western']) |
[2025-07-01 09:56:07,945] [meta.py:1277]              [DEBUG]    | Keys (Title):                                                                                      |
[2025-07-01 09:56:07,945] [meta.py:1279]              [DEBUG]    |   - Action                                                                                         |
[2025-07-01 09:56:07,945] [meta.py:1279]              [DEBUG]    |   - Adventure                                                                                      |
[2025-07-01 09:56:07,945] [meta.py:1279]              [DEBUG]    |   - Animation                                                                                      |
[2025-07-01 09:56:07,945] [meta.py:1279]              [DEBUG]    |   - Anime                                                                                          |
[2025-07-01 09:56:07,946] [meta.py:1279]              [DEBUG]    |   - Children                                                                                       |
[2025-07-01 09:56:07,946] [meta.py:1279]              [DEBUG]    |   - Comedy                                                                                         |
[2025-07-01 09:56:07,946] [meta.py:1279]              [DEBUG]    |   - Crime                                                                                          |
[2025-07-01 09:56:07,946] [meta.py:1279]              [DEBUG]    |   - Documentary                                                                                    |
[2025-07-01 09:56:07,946] [meta.py:1279]              [DEBUG]    |   - Drama                                                                                          |
[2025-07-01 09:56:07,946] [meta.py:1279]              [DEBUG]    |   - Family                                                                                         |
[2025-07-01 09:56:07,946] [meta.py:1279]              [DEBUG]    |   - Fantasy                                                                                        |
[2025-07-01 09:56:07,946] [meta.py:1279]              [DEBUG]    |   - Game Show                                                                                      |
[2025-07-01 09:56:07,946] [meta.py:1279]              [DEBUG]    |   - History                                                                                        |
[2025-07-01 09:56:07,947] [meta.py:1279]              [DEBUG]    |   - Martial Arts                                                                                   |
[2025-07-01 09:56:07,947] [meta.py:1279]              [DEBUG]    |   - Music                                                                                          |
[2025-07-01 09:56:07,947] [meta.py:1279]              [DEBUG]    |   - Musical                                                                                        |
[2025-07-01 09:56:07,947] [meta.py:1279]              [DEBUG]    |   - Mystery                                                                                        |
[2025-07-01 09:56:07,947] [meta.py:1279]              [DEBUG]    |   - Reality                                                                                        |
[2025-07-01 09:56:07,947] [meta.py:1279]              [DEBUG]    |   - Romance                                                                                        |
[2025-07-01 09:56:07,947] [meta.py:1279]              [DEBUG]    |   - Science Fiction                                                                                |
[2025-07-01 09:56:07,947] [meta.py:1279]              [DEBUG]    |   - Short                                                                                          |
[2025-07-01 09:56:07,947] [meta.py:1279]              [DEBUG]    |   - Thriller                                                                                       |
[2025-07-01 09:56:07,947] [meta.py:1279]              [DEBUG]    |   - TV Movie                                                                                       |
[2025-07-01 09:56:07,948] [meta.py:1324]              [INFO]     | [{'value': ['Action'], 'genre': ['Action'], 'key_name': 'Action', 'key': 'Action', 'search_term': 'genre', 'image': 'genre/<<original_key_name_encoded>>', 'translation_key': 'genre', 'dynamic': True, 'name': 'smart_filter'}, {'value': ['Action'], 'genre': ['Action'], 'key_name': 'Action', 'key': 'Action', 'search_term': 'genre', 'image': 'genre/<<original_key_name_encoded>>', 'translation_key': 'genre', 'dynamic': True, 'name': 'shared'}] |
[2025-07-01 09:56:07,948] [meta.py:1324]              [INFO]     | [{'value': ['Adventure'], 'genre': ['Adventure'], 'key_name': 'Adventure', 'key': 'Adventure', 'search_term': 'genre', 'image': 'genre/<<original_key_name_encoded>>', 'translation_key': 'genre', 'dynamic': True, 'name': 'smart_filter'}, {'value': ['Adventure'], 'genre': ['Adventure'], 'key_name': 'Adventure', 'key': 'Adventure', 'search_term': 'genre', 'image': 'genre/<<original_key_name_encoded>>', 'translation_key': 'genre', 'dynamic': True, 'name': 'shared'}] |
[2025-07-01 09:56:07,948] [meta.py:1324]              [INFO]     | [{'value': ['Animation'], 'genre': ['Animation'], 'key_name': 'Animation', 'key': 'Animation', 'search_term': 'genre', 'image': 'genre/<<original_key_name_encoded>>', 'translation_key': 'genre', 'dynamic': True, 'name': 'smart_filter'}, {'value': ['Animation'], 'genre': ['Animation'], 'key_name': 'Animation', 'key': 'Animation', 'search_term': 'genre', 'image': 'genre/<<original_key_name_encoded>>', 'translation_key': 'genre', 'dynamic': True, 'name': 'shared'}] |
[2025-07-01 09:56:07,948] [meta.py:1324]              [INFO]     | [{'value': ['Anime'], 'genre': ['Anime'], 'key_name': 'Anime', 'key': 'Anime', 'search_term': 'genre', 'image': 'genre/<<original_key_name_encoded>>', 'translation_key': 'genre', 'dynamic': True, 'name': 'smart_filter'}, {'value': ['Anime'], 'genre': ['Anime'], 'key_name': 'Anime', 'key': 'Anime', 'search_term': 'genre', 'image': 'genre/<<original_key_name_encoded>>', 'translation_key': 'genre', 'dynamic': True, 'name': 'shared'}] |
[2025-07-01 09:56:07,948] [meta.py:1324]              [INFO]     | [{'value': ['Children'], 'genre': ['Children'], 'key_name': 'Children', 'key': 'Children', 'search_term': 'genre', 'image': 'genre/<<original_key_name_encoded>>', 'translation_key': 'genre', 'dynamic': True, 'name': 'smart_filter'}, {'value': ['Children'], 'genre': ['Children'], 'key_name': 'Children', 'key': 'Children', 'search_term': 'genre', 'image': 'genre/<<original_key_name_encoded>>', 'translation_key': 'genre', 'dynamic': True, 'name': 'shared'}] |
[2025-07-01 09:56:07,948] [meta.py:1324]              [INFO]     | [{'value': ['Comedy'], 'genre': ['Comedy'], 'key_name': 'Comedy', 'key': 'Comedy', 'search_term': 'genre', 'image': 'genre/<<original_key_name_encoded>>', 'translation_key': 'genre', 'dynamic': True, 'name': 'smart_filter'}, {'value': ['Comedy'], 'genre': ['Comedy'], 'key_name': 'Comedy', 'key': 'Comedy', 'search_term': 'genre', 'image': 'genre/<<original_key_name_encoded>>', 'translation_key': 'genre', 'dynamic': True, 'name': 'shared'}] |
[2025-07-01 09:56:07,949] [meta.py:1324]              [INFO]     | [{'value': ['Crime'], 'genre': ['Crime'], 'key_name': 'Crime', 'key': 'Crime', 'search_term': 'genre', 'image': 'genre/<<original_key_name_encoded>>', 'translation_key': 'genre', 'dynamic': True, 'name': 'smart_filter'}, {'value': ['Crime'], 'genre': ['Crime'], 'key_name': 'Crime', 'key': 'Crime', 'search_term': 'genre', 'image': 'genre/<<original_key_name_encoded>>', 'translation_key': 'genre', 'dynamic': True, 'name': 'shared'}] |
[2025-07-01 09:56:07,949] [meta.py:1324]              [INFO]     | [{'value': ['Documentary'], 'genre': ['Documentary'], 'key_name': 'Documentary', 'key': 'Documentary', 'search_term': 'genre', 'image': 'genre/<<original_key_name_encoded>>', 'translation_key': 'genre', 'dynamic': True, 'name': 'smart_filter'}, {'value': ['Documentary'], 'genre': ['Documentary'], 'key_name': 'Documentary', 'key': 'Documentary', 'search_term': 'genre', 'image': 'genre/<<original_key_name_encoded>>', 'translation_key': 'genre', 'dynamic': True, 'name': 'shared'}] |
[2025-07-01 09:56:07,949] [meta.py:1324]              [INFO]     | [{'value': ['Drama'], 'genre': ['Drama'], 'key_name': 'Drama', 'key': 'Drama', 'search_term': 'genre', 'image': 'genre/<<original_key_name_encoded>>', 'translation_key': 'genre', 'dynamic': True, 'name': 'smart_filter'}, {'value': ['Drama'], 'genre': ['Drama'], 'key_name': 'Drama', 'key': 'Drama', 'search_term': 'genre', 'image': 'genre/<<original_key_name_encoded>>', 'translation_key': 'genre', 'dynamic': True, 'name': 'shared'}] |
[2025-07-01 09:56:07,949] [meta.py:1324]              [INFO]     | [{'value': ['Family'], 'genre': ['Family'], 'key_name': 'Family', 'key': 'Family', 'search_term': 'genre', 'image': 'genre/<<original_key_name_encoded>>', 'translation_key': 'genre', 'dynamic': True, 'name': 'smart_filter'}, {'value': ['Family'], 'genre': ['Family'], 'key_name': 'Family', 'key': 'Family', 'search_term': 'genre', 'image': 'genre/<<original_key_name_encoded>>', 'translation_key': 'genre', 'dynamic': True, 'name': 'shared'}] |
[2025-07-01 09:56:07,949] [meta.py:1324]              [INFO]     | [{'value': ['Fantasy'], 'genre': ['Fantasy'], 'key_name': 'Fantasy', 'key': 'Fantasy', 'search_term': 'genre', 'image': 'genre/<<original_key_name_encoded>>', 'translation_key': 'genre', 'dynamic': True, 'name': 'smart_filter'}, {'value': ['Fantasy'], 'genre': ['Fantasy'], 'key_name': 'Fantasy', 'key': 'Fantasy', 'search_term': 'genre', 'image': 'genre/<<original_key_name_encoded>>', 'translation_key': 'genre', 'dynamic': True, 'name': 'shared'}] |
[2025-07-01 09:56:07,949] [meta.py:1324]              [INFO]     | [{'value': ['Game Show'], 'genre': ['Game Show'], 'key_name': 'Game Show', 'key': 'Game Show', 'search_term': 'genre', 'image': 'genre/<<original_key_name_encoded>>', 'translation_key': 'genre', 'dynamic': True, 'name': 'smart_filter'}, {'value': ['Game Show'], 'genre': ['Game Show'], 'key_name': 'Game Show', 'key': 'Game Show', 'search_term': 'genre', 'image': 'genre/<<original_key_name_encoded>>', 'translation_key': 'genre', 'dynamic': True, 'name': 'shared'}] |
[2025-07-01 09:56:07,949] [meta.py:1324]              [INFO]     | [{'value': ['History'], 'genre': ['History'], 'key_name': 'History', 'key': 'History', 'search_term': 'genre', 'image': 'genre/<<original_key_name_encoded>>', 'translation_key': 'genre', 'dynamic': True, 'name': 'smart_filter'}, {'value': ['History'], 'genre': ['History'], 'key_name': 'History', 'key': 'History', 'search_term': 'genre', 'image': 'genre/<<original_key_name_encoded>>', 'translation_key': 'genre', 'dynamic': True, 'name': 'shared'}] |
[2025-07-01 09:56:07,949] [meta.py:1324]              [INFO]     | [{'value': ['Martial Arts'], 'genre': ['Martial Arts'], 'key_name': 'Martial Arts', 'key': 'Martial Arts', 'search_term': 'genre', 'image': 'genre/<<original_key_name_encoded>>', 'translation_key': 'genre', 'dynamic': True, 'name': 'smart_filter'}, {'value': ['Martial Arts'], 'genre': ['Martial Arts'], 'key_name': 'Martial Arts', 'key': 'Martial Arts', 'search_term': 'genre', 'image': 'genre/<<original_key_name_encoded>>', 'translation_key': 'genre', 'dynamic': True, 'name': 'shared'}] |
[2025-07-01 09:56:07,950] [meta.py:1324]              [INFO]     | [{'value': ['Music'], 'genre': ['Music'], 'key_name': 'Music', 'key': 'Music', 'search_term': 'genre', 'image': 'genre/<<original_key_name_encoded>>', 'translation_key': 'genre', 'dynamic': True, 'name': 'smart_filter'}, {'value': ['Music'], 'genre': ['Music'], 'key_name': 'Music', 'key': 'Music', 'search_term': 'genre', 'image': 'genre/<<original_key_name_encoded>>', 'translation_key': 'genre', 'dynamic': True, 'name': 'shared'}] |
[2025-07-01 09:56:07,950] [meta.py:1324]              [INFO]     | [{'value': ['Musical'], 'genre': ['Musical'], 'key_name': 'Musical', 'key': 'Musical', 'search_term': 'genre', 'image': 'genre/<<original_key_name_encoded>>', 'translation_key': 'genre', 'dynamic': True, 'name': 'smart_filter'}, {'value': ['Musical'], 'genre': ['Musical'], 'key_name': 'Musical', 'key': 'Musical', 'search_term': 'genre', 'image': 'genre/<<original_key_name_encoded>>', 'translation_key': 'genre', 'dynamic': True, 'name': 'shared'}] |
[2025-07-01 09:56:07,950] [meta.py:1324]              [INFO]     | [{'value': ['Mystery'], 'genre': ['Mystery'], 'key_name': 'Mystery', 'key': 'Mystery', 'search_term': 'genre', 'image': 'genre/<<original_key_name_encoded>>', 'translation_key': 'genre', 'dynamic': True, 'name': 'smart_filter'}, {'value': ['Mystery'], 'genre': ['Mystery'], 'key_name': 'Mystery', 'key': 'Mystery', 'search_term': 'genre', 'image': 'genre/<<original_key_name_encoded>>', 'translation_key': 'genre', 'dynamic': True, 'name': 'shared'}] |
[2025-07-01 09:56:07,950] [meta.py:1324]              [INFO]     | [{'value': ['Reality'], 'genre': ['Reality'], 'key_name': 'Reality', 'key': 'Reality', 'search_term': 'genre', 'image': 'genre/<<original_key_name_encoded>>', 'translation_key': 'genre', 'dynamic': True, 'name': 'smart_filter'}, {'value': ['Reality'], 'genre': ['Reality'], 'key_name': 'Reality', 'key': 'Reality', 'search_term': 'genre', 'image': 'genre/<<original_key_name_encoded>>', 'translation_key': 'genre', 'dynamic': True, 'name': 'shared'}] |
[2025-07-01 09:56:07,950] [meta.py:1324]              [INFO]     | [{'value': ['Romance'], 'genre': ['Romance'], 'key_name': 'Romance', 'key': 'Romance', 'search_term': 'genre', 'image': 'genre/<<original_key_name_encoded>>', 'translation_key': 'genre', 'dynamic': True, 'name': 'smart_filter'}, {'value': ['Romance'], 'genre': ['Romance'], 'key_name': 'Romance', 'key': 'Romance', 'search_term': 'genre', 'image': 'genre/<<original_key_name_encoded>>', 'translation_key': 'genre', 'dynamic': True, 'name': 'shared'}] |
[2025-07-01 09:56:07,950] [meta.py:1324]              [INFO]     | [{'value': ['Science Fiction'], 'genre': ['Science Fiction'], 'key_name': 'Science Fiction', 'key': 'Science Fiction', 'search_term': 'genre', 'image': 'genre/<<original_key_name_encoded>>', 'translation_key': 'genre', 'dynamic': True, 'name': 'smart_filter'}, {'value': ['Science Fiction'], 'genre': ['Science Fiction'], 'key_name': 'Science Fiction', 'key': 'Science Fiction', 'search_term': 'genre', 'image': 'genre/<<original_key_name_encoded>>', 'translation_key': 'genre', 'dynamic': True, 'name': 'shared'}] |
[2025-07-01 09:56:07,950] [meta.py:1324]              [INFO]     | [{'value': ['Short'], 'genre': ['Short'], 'key_name': 'Short', 'key': 'Short', 'search_term': 'genre', 'image': 'genre/<<original_key_name_encoded>>', 'translation_key': 'genre', 'dynamic': True, 'name': 'smart_filter'}, {'value': ['Short'], 'genre': ['Short'], 'key_name': 'Short', 'key': 'Short', 'search_term': 'genre', 'image': 'genre/<<original_key_name_encoded>>', 'translation_key': 'genre', 'dynamic': True, 'name': 'shared'}] |
[2025-07-01 09:56:07,950] [meta.py:1324]              [INFO]     | [{'value': ['Thriller'], 'genre': ['Thriller'], 'key_name': 'Thriller', 'key': 'Thriller', 'search_term': 'genre', 'image': 'genre/<<original_key_name_encoded>>', 'translation_key': 'genre', 'dynamic': True, 'name': 'smart_filter'}, {'value': ['Thriller'], 'genre': ['Thriller'], 'key_name': 'Thriller', 'key': 'Thriller', 'search_term': 'genre', 'image': 'genre/<<original_key_name_encoded>>', 'translation_key': 'genre', 'dynamic': True, 'name': 'shared'}] |
[2025-07-01 09:56:07,950] [meta.py:1324]              [INFO]     | [{'value': ['TV Movie'], 'genre': ['TV Movie'], 'key_name': 'TV Movie', 'key': 'TV Movie', 'search_term': 'genre', 'image': 'genre/<<original_key_name_encoded>>', 'translation_key': 'genre', 'dynamic': True, 'name': 'smart_filter'}, {'value': ['TV Movie'], 'genre': ['TV Movie'], 'key_name': 'TV Movie', 'key': 'TV Movie', 'search_term': 'genre', 'image': 'genre/<<original_key_name_encoded>>', 'translation_key': 'genre', 'dynamic': True, 'name': 'shared'}] |
[2025-07-01 09:56:07,950] [meta.py:1374]              [INFO]     |                                                                                                    |
[2025-07-01 09:56:07,951] [meta.py:1375]              [INFO]     | Collection File Loaded Successfully                                                                |
[2025-07-01 09:56:07,951] [meta.py:71]                [INFO]     |                                                                                                    |
[2025-07-01 09:56:07,951] [meta.py:72]                [INFO]     |====================================================================================================|
[2025-07-01 09:56:07,951] [meta.py:72]                [INFO]     |                               Loading Collection File Default: imdb                                |
[2025-07-01 09:56:07,951] [meta.py:72]                [INFO]     |====================================================================================================|
[2025-07-01 09:56:07,951] [meta.py:73]                [INFO]     |                                                                                                    |
[2025-07-01 09:56:07,960] [meta.py:165]               [DEBUG]    | File Loaded From: /Volumes/MacOS/Servers/Kometa/defaults/chart/imdb.yml                            |
[2025-07-01 09:56:07,960] [util.py:324]               [INFO]     |                                                                                                    |
[2025-07-01 09:56:07,960] [util.py:329]               [INFO]     | Reading default: templates                                                                         |
[2025-07-01 09:56:07,960] [util.py:368]               [INFO]     | Template Variables: {'collection_section': '020', 'image': 'chart/<<style>>/<<mapping_name_encoded>>'} |
[2025-07-01 09:56:07,980] [meta.py:165]               [DEBUG]    | File Loaded From: /Volumes/MacOS/Servers/Kometa/defaults/templates.yml                             |
[2025-07-01 09:56:07,980] [meta.py:51]                [WARNING]  | Config Warning: Skipping duplicate collection: "IMDb Popular"                                      |
[2025-07-01 09:56:07,980] [meta.py:51]                [WARNING]  | Config Warning: Skipping duplicate collection: "IMDb Top 250"                                      |
[2025-07-01 09:56:07,980] [meta.py:51]                [WARNING]  | Config Warning: Skipping duplicate collection: "IMDb Lowest Rated"                                 |
[2025-07-01 09:56:07,980] [library.py:159]            [ERROR]    | YAML Error: collections or dynamic_collections attribute is required                               |
[2025-07-01 09:56:07,980] [library.py:160]            [INFO]     | Collection File Failed To Load                                                                     |
[2025-07-01 09:56:07,980] [meta.py:71]                [INFO]     |                                                                                                    |
[2025-07-01 09:56:07,980] [meta.py:72]                [INFO]     |====================================================================================================|
[2025-07-01 09:56:07,980] [meta.py:72]                [INFO]     |                             Loading Collection File Default: seasonal                              |
[2025-07-01 09:56:07,980] [meta.py:72]                [INFO]     |====================================================================================================|
[2025-07-01 09:56:07,980] [meta.py:73]                [INFO]     |                                                                                                    |
[2025-07-01 09:56:07,993] [meta.py:165]               [DEBUG]    | File Loaded From: /Volumes/MacOS/Servers/Kometa/defaults/movie/seasonal.yml                        |
[2025-07-01 09:56:07,993] [util.py:324]               [INFO]     |                                                                                                    |
[2025-07-01 09:56:07,993] [util.py:329]               [INFO]     | Reading default: templates                                                                         |
[2025-07-01 09:56:08,008] [meta.py:165]               [DEBUG]    | File Loaded From: /Volumes/MacOS/Servers/Kometa/defaults/templates.yml                             |
[2025-07-01 09:56:08,008] [meta.py:788]               [INFO]     |                                                                                                    |
[2025-07-01 09:56:08,008] [meta.py:789]               [INFO]     |============================== Building Seasonal Dynamic Collections ===============================|
[2025-07-01 09:56:08,008] [meta.py:790]               [INFO]     |                                                                                                    |
[2025-07-01 09:56:08,008] [meta.py:1254]              [DEBUG]    | Mapping Name: Seasonal                                                                             |
[2025-07-01 09:56:08,008] [meta.py:1255]              [DEBUG]    | Type: custom                                                                                       |
[2025-07-01 09:56:08,008] [meta.py:1256]              [DEBUG]    | Data: {'years': "New Year's Day", 'valentine': "Valentine's Day", 'patrick': "St. Patrick's Day", 'easter': 'Easter', 'mother': "Mother's Day", 'memorial': 'Memorial Day', 'father': "Father's Day", 'independence': 'Independence Day', 'labor': 'Labor Day', 'halloween': 'Halloween', 'veteran': "Veteran's Day", 'thanksgiving': 'Thanksgiving', 'christmas': 'Christmas', 'aapi': 'Asian American & Pacific Islander Heritage Month', 'disabilities': 'Day of Persons with Disabilities', 'black_history': 'Black History Month', 'lgbtq': 'LGBTQ+ Pride Month', 'latinx': 'Latinx Heritage Month', 'women': "Women's History Month"} |
[2025-07-01 09:56:08,008] [meta.py:1257]              [DEBUG]    | Exclude: ['christmas', 'easter', 'halloween', 'latinx', 'women']                                   |
[2025-07-01 09:56:08,008] [meta.py:1258]              [DEBUG]    | Exclude Final: ['christmas', 'easter', 'halloween', 'latinx', 'women']                             |
[2025-07-01 09:56:08,008] [meta.py:1259]              [DEBUG]    | Addons: {}                                                                                         |
[2025-07-01 09:56:08,008] [meta.py:1260]              [DEBUG]    | Template: ['holiday', 'shared', 'arr']                                                             |
[2025-07-01 09:56:08,008] [meta.py:1261]              [DEBUG]    | Other Template: ['holiday', 'shared', 'arr']                                                       |
[2025-07-01 09:56:08,008] [meta.py:1262]              [DEBUG]    | Library Variables: {'emoji': '', 'schedule_easter': 'range(03/20-04/05)', 'schedule_independence': 'range(06/28-07/05)', 'schedule_labor': 'range(09/01-09/05)', 'schedule_thanksgiving': 'range(11/01-11/24)', 'schedule_veteran': 'range(11/01-11/12)', 'schedule_valentine': 'range(02/05-02/15)', 'exclude': ['christmas', 'easter', 'halloween', 'latinx', 'women']} |
[2025-07-01 09:56:08,008] [meta.py:1263]              [DEBUG]    | Template Variables: {'emoji': {'years': '', 'valentine': '', 'patrick': '', 'easter': '', 'mother': '', 'memorial': '', 'father': '', 'independence': '', 'labor': '', 'halloween': '', 'veteran': '', 'thanksgiving': '', 'christmas': '', 'aapi': '', 'disabilities': '', 'lgbtq': '', 'latinx': '', 'women': '', 'black_history': ''}, 'schedule': {'years': 'range(12/26-01/04)', 'valentine': 'range(02/01-02/29)', 'patrick': 'range(03/01-03/18)', 'easter': 'range(03/20-04/30)', 'mother': 'range(05/05-05/10)', 'memorial': 'range(5/18-6/7)', 'father': 'range(06/15-06/20)', 'independence': 'range(06/23-07/11)', 'labor': 'range(09/01-09/10)', 'halloween': 'range(10/01-10/31)', 'veteran': 'range(11/01-11/30)', 'thanksgiving': 'range(11/01-11/30)', 'christmas': 'range(12/01-12/31)', 'aapi': 'range(04/30-05/31)', 'disabilities': 'range(12/02-12/04)', 'black_history': 'range(02/01-03/01)', 'lgbtq': 'range(05/31-06/30)', 'latinx': 'range(09/15-10/15)', 'women': 'range(02/28-03/31)'}, 'imdb_search': {'years': {'list.any': 'ls066838460', 'limit': 500}, 'black_history': {'list.any': 'ls023525790', 'limit': 500}, 'disabilities': {'keyword.any': 'disability', 'limit': 500}, 'valentine': {'list.any': ['ls032692441', 'ls000094398', 'ls057783436', 'ls064427905'], 'limit': 500}, 'patrick': {'list.any': 'ls067580975', 'limit': 500}, 'easter': {'list.any': ['ls062665509', 'ls051733651'], 'limit': 500}, 'mother': {'keyword.any': 'motherhood, pregnancy', 'limit': 500}, 'memorial': {'list.any': 'ls526590990', 'limit': 500}, 'father': {'keyword.any': 'fatherhood', 'limit': 500}, 'independence': {'list.any': ['ls561449172', 'ls541213215', 'ls068664510', 'ls080925875'], 'limit': 500}, 'labor': {'list.any': 'ls002014923', 'limit': 500}, 'lgbtq': {'list.any': 'ls080580859', 'limit': 500}, 'halloween': {'list.any': ['ls546214737', 'ls023118929', 'ls000099714'], 'limit': 500}, 'veteran': {'list.any': ['ls526590990', 'ls565595526'], 'limit': 500}, 'thanksgiving': {'keyword.any': 'thanksgiving', 'limit': 500}, 'women': {'type': 'movie', 'keyword.any': "women in film, women's rights, women's suffrage, womens rights, womens suffrage", 'sort_by': 'rating.desc', 'limit': 500}}, 'tmdb_collection': {'halloween': [185103, 11716, 750822, 313086, 91361, 8581, 1733, 8091, 2980, 751156]}, 'tmdb_movie': {'halloween': [23437]}, 'mdblist_list': {'aapi': ['https://mdblist.com/lists/k0meta/asian-american-pacific-islander-heritage-month'], 'christmas': ['https://mdblist.com/lists/k0meta/external/46597'], 'disabilities': ['https://mdblist.com/lists/k0meta/day-of-persons-with-disabilities'], 'lgbtq': ['https://mdblist.com/lists/k0meta/lgbtq-pride-month'], 'latinx': ['https://mdblist.com/lists/k0meta/latinx-heritage-month']}, 'letterboxd_list': {'black_history': ['https://letterboxd.com/mardarrius/list/black-is-beautiful/']}, 'delete_collections_named': {'years': "🎊 New Year's Day Movies", 'valentine': "💘 Valentine's Day Movies", 'patrick': "☘ St. Patrick's Day Movies", 'easter': '🐰 Easter Movies', 'mother': "🤱 Mother's Day Movies", 'memorial': '🪖 Memorial Day Movies', 'father': "👨 Father's Day Movies", 'independence': '🎆 Independence Day Movies', 'labor': '⚒ Labor Day Movies', 'halloween': '🎃 Halloween Movies', 'veteran': "🎖 Veteran's Day Movies", 'thanksgiving': '🦃 Thanksgiving Movies', 'christmas': '🎅 Christmas Movies', 'aapi': '🌊🌺 Asian American Pacific Islander Movies', 'disabilities': '♿ Disability Month Movies', 'black_history': '✊ 🏿 Black History Month Movies', 'lgbtq': 'L🏳️\u200d🌈 LGBTQ Month Movies', 'latinx': '🪅 National Hispanic Heritage Movies', 'women': "🚺 Women's History Month Movies"}, 'visible_home': {'default': True}, 'visible_shared': {'default': True}, 'image': {'default': 'seasonal/<<key>>'}, 'translation_key': {'default': 'seasonal'}} |
[2025-07-01 09:56:08,008] [meta.py:1264]              [DEBUG]    | Remove Prefix: []                                                                                  |
[2025-07-01 09:56:08,008] [meta.py:1265]              [DEBUG]    | Remove Suffix: []                                                                                  |
[2025-07-01 09:56:08,008] [meta.py:1266]              [DEBUG]    | Title Format: <<key_name>> Movies                                                                  |
[2025-07-01 09:56:08,008] [meta.py:1267]              [DEBUG]    | Key Name Override: {}                                                                              |
[2025-07-01 09:56:08,008] [meta.py:1268]              [DEBUG]    | Title Override: {}                                                                                 |
[2025-07-01 09:56:08,008] [meta.py:1269]              [DEBUG]    | Custom Keys: True                                                                                  |
[2025-07-01 09:56:08,008] [meta.py:1270]              [DEBUG]    | Test: False                                                                                        |
[2025-07-01 09:56:08,008] [meta.py:1271]              [DEBUG]    | Sync: {}                                                                                           |
[2025-07-01 09:56:08,008] [meta.py:1272]              [DEBUG]    | Include: []                                                                                        |
[2025-07-01 09:56:08,008] [meta.py:1273]              [DEBUG]    | Other Name: None                                                                                   |
[2025-07-01 09:56:08,009] [meta.py:1274]              [DEBUG]    | All Keys: dict_keys(['years', 'valentine', 'patrick', 'easter', 'mother', 'memorial', 'father', 'independence', 'labor', 'halloween', 'veteran', 'thanksgiving', 'christmas', 'aapi', 'disabilities', 'black_history', 'lgbtq', 'latinx', 'women']) |
[2025-07-01 09:56:08,009] [meta.py:1277]              [DEBUG]    | Keys (Title):                                                                                      |
[2025-07-01 09:56:08,009] [meta.py:1279]              [DEBUG]    |   - years (New Year's Day)                                                                         |
[2025-07-01 09:56:08,009] [meta.py:1279]              [DEBUG]    |   - valentine (Valentine's Day)                                                                    |
[2025-07-01 09:56:08,009] [meta.py:1279]              [DEBUG]    |   - patrick (St. Patrick's Day)                                                                    |
[2025-07-01 09:56:08,009] [meta.py:1279]              [DEBUG]    |   - mother (Mother's Day)                                                                          |
[2025-07-01 09:56:08,009] [meta.py:1279]              [DEBUG]    |   - memorial (Memorial Day)                                                                        |
[2025-07-01 09:56:08,009] [meta.py:1279]              [DEBUG]    |   - father (Father's Day)                                                                          |
[2025-07-01 09:56:08,009] [meta.py:1279]              [DEBUG]    |   - independence (Independence Day)                                                                |
[2025-07-01 09:56:08,009] [meta.py:1279]              [DEBUG]    |   - labor (Labor Day)                                                                              |
[2025-07-01 09:56:08,009] [meta.py:1279]              [DEBUG]    |   - veteran (Veteran's Day)                                                                        |
[2025-07-01 09:56:08,009] [meta.py:1279]              [DEBUG]    |   - thanksgiving (Thanksgiving)                                                                    |
[2025-07-01 09:56:08,009] [meta.py:1279]              [DEBUG]    |   - aapi (Asian American & Pacific Islander Heritage Month)                                        |
[2025-07-01 09:56:08,009] [meta.py:1279]              [DEBUG]    |   - disabilities (Day of Persons with Disabilities)                                                |
[2025-07-01 09:56:08,009] [meta.py:1279]              [DEBUG]    |   - black_history (Black History Month)                                                            |
[2025-07-01 09:56:08,009] [meta.py:1279]              [DEBUG]    |   - lgbtq (LGBTQ+ Pride Month)                                                                     |
[2025-07-01 09:56:08,009] [meta.py:1322]              [WARNING]  | Config Warning: Skipping duplicate collection: New Year's Day Movies                               |
[2025-07-01 09:56:08,009] [meta.py:1322]              [WARNING]  | Config Warning: Skipping duplicate collection: Valentine's Day Movies                              |
[2025-07-01 09:56:08,009] [meta.py:1324]              [INFO]     | [{'value': ['patrick'], 'custom': ['patrick'], 'key_name': "St. Patrick's Day", 'key': 'patrick', 'emoji': '', 'schedule': 'range(03/01-03/18)', 'imdb_search': {'list.any': 'ls067580975', 'limit': 500}, 'delete_collections_named': "☘ St. Patrick's Day Movies", 'visible_home': True, 'visible_shared': True, 'image': 'seasonal/<<key>>', 'translation_key': 'seasonal', 'name': 'holiday'}, {'value': ['patrick'], 'custom': ['patrick'], 'key_name': "St. Patrick's Day", 'key': 'patrick', 'emoji': '', 'schedule': 'range(03/01-03/18)', 'imdb_search': {'list.any': 'ls067580975', 'limit': 500}, 'delete_collections_named': "☘ St. Patrick's Day Movies", 'visible_home': True, 'visible_shared': True, 'image': 'seasonal/<<key>>', 'translation_key': 'seasonal', 'name': 'shared'}, {'value': ['patrick'], 'custom': ['patrick'], 'key_name': "St. Patrick's Day", 'key': 'patrick', 'emoji': '', 'schedule': 'range(03/01-03/18)', 'imdb_search': {'list.any': 'ls067580975', 'limit': 500}, 'delete_collections_named': "☘ St. Patrick's Day Movies", 'visible_home': True, 'visible_shared': True, 'image': 'seasonal/<<key>>', 'translation_key': 'seasonal', 'name': 'arr'}] |
[2025-07-01 09:56:08,009] [meta.py:1324]              [INFO]     | [{'value': ['mother'], 'custom': ['mother'], 'key_name': "Mother's Day", 'key': 'mother', 'emoji': '', 'schedule': 'range(05/05-05/10)', 'imdb_search': {'keyword.any': 'motherhood, pregnancy', 'limit': 500}, 'delete_collections_named': "🤱 Mother's Day Movies", 'visible_home': True, 'visible_shared': True, 'image': 'seasonal/<<key>>', 'translation_key': 'seasonal', 'name': 'holiday'}, {'value': ['mother'], 'custom': ['mother'], 'key_name': "Mother's Day", 'key': 'mother', 'emoji': '', 'schedule': 'range(05/05-05/10)', 'imdb_search': {'keyword.any': 'motherhood, pregnancy', 'limit': 500}, 'delete_collections_named': "🤱 Mother's Day Movies", 'visible_home': True, 'visible_shared': True, 'image': 'seasonal/<<key>>', 'translation_key': 'seasonal', 'name': 'shared'}, {'value': ['mother'], 'custom': ['mother'], 'key_name': "Mother's Day", 'key': 'mother', 'emoji': '', 'schedule': 'range(05/05-05/10)', 'imdb_search': {'keyword.any': 'motherhood, pregnancy', 'limit': 500}, 'delete_collections_named': "🤱 Mother's Day Movies", 'visible_home': True, 'visible_shared': True, 'image': 'seasonal/<<key>>', 'translation_key': 'seasonal', 'name': 'arr'}] |
[2025-07-01 09:56:08,009] [meta.py:1324]              [INFO]     | [{'value': ['memorial'], 'custom': ['memorial'], 'key_name': 'Memorial Day', 'key': 'memorial', 'emoji': '', 'schedule': 'range(5/18-6/7)', 'imdb_search': {'list.any': 'ls526590990', 'limit': 500}, 'delete_collections_named': '🪖 Memorial Day Movies', 'visible_home': True, 'visible_shared': True, 'image': 'seasonal/<<key>>', 'translation_key': 'seasonal', 'name': 'holiday'}, {'value': ['memorial'], 'custom': ['memorial'], 'key_name': 'Memorial Day', 'key': 'memorial', 'emoji': '', 'schedule': 'range(5/18-6/7)', 'imdb_search': {'list.any': 'ls526590990', 'limit': 500}, 'delete_collections_named': '🪖 Memorial Day Movies', 'visible_home': True, 'visible_shared': True, 'image': 'seasonal/<<key>>', 'translation_key': 'seasonal', 'name': 'shared'}, {'value': ['memorial'], 'custom': ['memorial'], 'key_name': 'Memorial Day', 'key': 'memorial', 'emoji': '', 'schedule': 'range(5/18-6/7)', 'imdb_search': {'list.any': 'ls526590990', 'limit': 500}, 'delete_collections_named': '🪖 Memorial Day Movies', 'visible_home': True, 'visible_shared': True, 'image': 'seasonal/<<key>>', 'translation_key': 'seasonal', 'name': 'arr'}] |
[2025-07-01 09:56:08,009] [meta.py:1324]              [INFO]     | [{'value': ['father'], 'custom': ['father'], 'key_name': "Father's Day", 'key': 'father', 'emoji': '', 'schedule': 'range(06/15-06/20)', 'imdb_search': {'keyword.any': 'fatherhood', 'limit': 500}, 'delete_collections_named': "👨 Father's Day Movies", 'visible_home': True, 'visible_shared': True, 'image': 'seasonal/<<key>>', 'translation_key': 'seasonal', 'name': 'holiday'}, {'value': ['father'], 'custom': ['father'], 'key_name': "Father's Day", 'key': 'father', 'emoji': '', 'schedule': 'range(06/15-06/20)', 'imdb_search': {'keyword.any': 'fatherhood', 'limit': 500}, 'delete_collections_named': "👨 Father's Day Movies", 'visible_home': True, 'visible_shared': True, 'image': 'seasonal/<<key>>', 'translation_key': 'seasonal', 'name': 'shared'}, {'value': ['father'], 'custom': ['father'], 'key_name': "Father's Day", 'key': 'father', 'emoji': '', 'schedule': 'range(06/15-06/20)', 'imdb_search': {'keyword.any': 'fatherhood', 'limit': 500}, 'delete_collections_named': "👨 Father's Day Movies", 'visible_home': True, 'visible_shared': True, 'image': 'seasonal/<<key>>', 'translation_key': 'seasonal', 'name': 'arr'}] |
[2025-07-01 09:56:08,009] [meta.py:1324]              [INFO]     | [{'value': ['independence'], 'custom': ['independence'], 'key_name': 'Independence Day', 'key': 'independence', 'emoji': '', 'schedule': 'range(06/23-07/11)', 'imdb_search': {'list.any': ['ls561449172', 'ls541213215', 'ls068664510', 'ls080925875'], 'limit': 500}, 'delete_collections_named': '🎆 Independence Day Movies', 'visible_home': True, 'visible_shared': True, 'image': 'seasonal/<<key>>', 'translation_key': 'seasonal', 'name': 'holiday'}, {'value': ['independence'], 'custom': ['independence'], 'key_name': 'Independence Day', 'key': 'independence', 'emoji': '', 'schedule': 'range(06/23-07/11)', 'imdb_search': {'list.any': ['ls561449172', 'ls541213215', 'ls068664510', 'ls080925875'], 'limit': 500}, 'delete_collections_named': '🎆 Independence Day Movies', 'visible_home': True, 'visible_shared': True, 'image': 'seasonal/<<key>>', 'translation_key': 'seasonal', 'name': 'shared'}, {'value': ['independence'], 'custom': ['independence'], 'key_name': 'Independence Day', 'key': 'independence', 'emoji': '', 'schedule': 'range(06/23-07/11)', 'imdb_search': {'list.any': ['ls561449172', 'ls541213215', 'ls068664510', 'ls080925875'], 'limit': 500}, 'delete_collections_named': '🎆 Independence Day Movies', 'visible_home': True, 'visible_shared': True, 'image': 'seasonal/<<key>>', 'translation_key': 'seasonal', 'name': 'arr'}] |
[2025-07-01 09:56:08,009] [meta.py:1324]              [INFO]     | [{'value': ['labor'], 'custom': ['labor'], 'key_name': 'Labor Day', 'key': 'labor', 'emoji': '', 'schedule': 'range(09/01-09/10)', 'imdb_search': {'list.any': 'ls002014923', 'limit': 500}, 'delete_collections_named': '⚒ Labor Day Movies', 'visible_home': True, 'visible_shared': True, 'image': 'seasonal/<<key>>', 'translation_key': 'seasonal', 'name': 'holiday'}, {'value': ['labor'], 'custom': ['labor'], 'key_name': 'Labor Day', 'key': 'labor', 'emoji': '', 'schedule': 'range(09/01-09/10)', 'imdb_search': {'list.any': 'ls002014923', 'limit': 500}, 'delete_collections_named': '⚒ Labor Day Movies', 'visible_home': True, 'visible_shared': True, 'image': 'seasonal/<<key>>', 'translation_key': 'seasonal', 'name': 'shared'}, {'value': ['labor'], 'custom': ['labor'], 'key_name': 'Labor Day', 'key': 'labor', 'emoji': '', 'schedule': 'range(09/01-09/10)', 'imdb_search': {'list.any': 'ls002014923', 'limit': 500}, 'delete_collections_named': '⚒ Labor Day Movies', 'visible_home': True, 'visible_shared': True, 'image': 'seasonal/<<key>>', 'translation_key': 'seasonal', 'name': 'arr'}] |
[2025-07-01 09:56:08,009] [meta.py:1324]              [INFO]     | [{'value': ['veteran'], 'custom': ['veteran'], 'key_name': "Veteran's Day", 'key': 'veteran', 'emoji': '', 'schedule': 'range(11/01-11/30)', 'imdb_search': {'list.any': ['ls526590990', 'ls565595526'], 'limit': 500}, 'delete_collections_named': "🎖 Veteran's Day Movies", 'visible_home': True, 'visible_shared': True, 'image': 'seasonal/<<key>>', 'translation_key': 'seasonal', 'name': 'holiday'}, {'value': ['veteran'], 'custom': ['veteran'], 'key_name': "Veteran's Day", 'key': 'veteran', 'emoji': '', 'schedule': 'range(11/01-11/30)', 'imdb_search': {'list.any': ['ls526590990', 'ls565595526'], 'limit': 500}, 'delete_collections_named': "🎖 Veteran's Day Movies", 'visible_home': True, 'visible_shared': True, 'image': 'seasonal/<<key>>', 'translation_key': 'seasonal', 'name': 'shared'}, {'value': ['veteran'], 'custom': ['veteran'], 'key_name': "Veteran's Day", 'key': 'veteran', 'emoji': '', 'schedule': 'range(11/01-11/30)', 'imdb_search': {'list.any': ['ls526590990', 'ls565595526'], 'limit': 500}, 'delete_collections_named': "🎖 Veteran's Day Movies", 'visible_home': True, 'visible_shared': True, 'image': 'seasonal/<<key>>', 'translation_key': 'seasonal', 'name': 'arr'}] |
[2025-07-01 09:56:08,009] [meta.py:1322]              [WARNING]  | Config Warning: Skipping duplicate collection: Thanksgiving Movies                                 |
[2025-07-01 09:56:08,009] [meta.py:1324]              [INFO]     | [{'value': ['aapi'], 'custom': ['aapi'], 'key_name': 'Asian American & Pacific Islander Heritage Month', 'key': 'aapi', 'emoji': '', 'schedule': 'range(04/30-05/31)', 'mdblist_list': ['https://mdblist.com/lists/k0meta/asian-american-pacific-islander-heritage-month'], 'delete_collections_named': '🌊🌺 Asian American Pacific Islander Movies', 'visible_home': True, 'visible_shared': True, 'image': 'seasonal/<<key>>', 'translation_key': 'seasonal', 'name': 'holiday'}, {'value': ['aapi'], 'custom': ['aapi'], 'key_name': 'Asian American & Pacific Islander Heritage Month', 'key': 'aapi', 'emoji': '', 'schedule': 'range(04/30-05/31)', 'mdblist_list': ['https://mdblist.com/lists/k0meta/asian-american-pacific-islander-heritage-month'], 'delete_collections_named': '🌊🌺 Asian American Pacific Islander Movies', 'visible_home': True, 'visible_shared': True, 'image': 'seasonal/<<key>>', 'translation_key': 'seasonal', 'name': 'shared'}, {'value': ['aapi'], 'custom': ['aapi'], 'key_name': 'Asian American & Pacific Islander Heritage Month', 'key': 'aapi', 'emoji': '', 'schedule': 'range(04/30-05/31)', 'mdblist_list': ['https://mdblist.com/lists/k0meta/asian-american-pacific-islander-heritage-month'], 'delete_collections_named': '🌊🌺 Asian American Pacific Islander Movies', 'visible_home': True, 'visible_shared': True, 'image': 'seasonal/<<key>>', 'translation_key': 'seasonal', 'name': 'arr'}] |
[2025-07-01 09:56:08,009] [meta.py:1324]              [INFO]     | [{'value': ['disabilities'], 'custom': ['disabilities'], 'key_name': 'Day of Persons with Disabilities', 'key': 'disabilities', 'emoji': '', 'schedule': 'range(12/02-12/04)', 'imdb_search': {'keyword.any': 'disability', 'limit': 500}, 'mdblist_list': ['https://mdblist.com/lists/k0meta/day-of-persons-with-disabilities'], 'delete_collections_named': '♿ Disability Month Movies', 'visible_home': True, 'visible_shared': True, 'image': 'seasonal/<<key>>', 'translation_key': 'seasonal', 'name': 'holiday'}, {'value': ['disabilities'], 'custom': ['disabilities'], 'key_name': 'Day of Persons with Disabilities', 'key': 'disabilities', 'emoji': '', 'schedule': 'range(12/02-12/04)', 'imdb_search': {'keyword.any': 'disability', 'limit': 500}, 'mdblist_list': ['https://mdblist.com/lists/k0meta/day-of-persons-with-disabilities'], 'delete_collections_named': '♿ Disability Month Movies', 'visible_home': True, 'visible_shared': True, 'image': 'seasonal/<<key>>', 'translation_key': 'seasonal', 'name': 'shared'}, {'value': ['disabilities'], 'custom': ['disabilities'], 'key_name': 'Day of Persons with Disabilities', 'key': 'disabilities', 'emoji': '', 'schedule': 'range(12/02-12/04)', 'imdb_search': {'keyword.any': 'disability', 'limit': 500}, 'mdblist_list': ['https://mdblist.com/lists/k0meta/day-of-persons-with-disabilities'], 'delete_collections_named': '♿ Disability Month Movies', 'visible_home': True, 'visible_shared': True, 'image': 'seasonal/<<key>>', 'translation_key': 'seasonal', 'name': 'arr'}] |
[2025-07-01 09:56:08,009] [meta.py:1324]              [INFO]     | [{'value': ['black_history'], 'custom': ['black_history'], 'key_name': 'Black History Month', 'key': 'black_history', 'emoji': '', 'schedule': 'range(02/01-03/01)', 'imdb_search': {'list.any': 'ls023525790', 'limit': 500}, 'letterboxd_list': ['https://letterboxd.com/mardarrius/list/black-is-beautiful/'], 'delete_collections_named': '✊ 🏿 Black History Month Movies', 'visible_home': True, 'visible_shared': True, 'image': 'seasonal/<<key>>', 'translation_key': 'seasonal', 'name': 'holiday'}, {'value': ['black_history'], 'custom': ['black_history'], 'key_name': 'Black History Month', 'key': 'black_history', 'emoji': '', 'schedule': 'range(02/01-03/01)', 'imdb_search': {'list.any': 'ls023525790', 'limit': 500}, 'letterboxd_list': ['https://letterboxd.com/mardarrius/list/black-is-beautiful/'], 'delete_collections_named': '✊ 🏿 Black History Month Movies', 'visible_home': True, 'visible_shared': True, 'image': 'seasonal/<<key>>', 'translation_key': 'seasonal', 'name': 'shared'}, {'value': ['black_history'], 'custom': ['black_history'], 'key_name': 'Black History Month', 'key': 'black_history', 'emoji': '', 'schedule': 'range(02/01-03/01)', 'imdb_search': {'list.any': 'ls023525790', 'limit': 500}, 'letterboxd_list': ['https://letterboxd.com/mardarrius/list/black-is-beautiful/'], 'delete_collections_named': '✊ 🏿 Black History Month Movies', 'visible_home': True, 'visible_shared': True, 'image': 'seasonal/<<key>>', 'translation_key': 'seasonal', 'name': 'arr'}] |
[2025-07-01 09:56:08,009] [meta.py:1324]              [INFO]     | [{'value': ['lgbtq'], 'custom': ['lgbtq'], 'key_name': 'LGBTQ+ Pride Month', 'key': 'lgbtq', 'emoji': '', 'schedule': 'range(05/31-06/30)', 'imdb_search': {'list.any': 'ls080580859', 'limit': 500}, 'mdblist_list': ['https://mdblist.com/lists/k0meta/lgbtq-pride-month'], 'delete_collections_named': 'L🏳️\u200d🌈 LGBTQ Month Movies', 'visible_home': True, 'visible_shared': True, 'image': 'seasonal/<<key>>', 'translation_key': 'seasonal', 'name': 'holiday'}, {'value': ['lgbtq'], 'custom': ['lgbtq'], 'key_name': 'LGBTQ+ Pride Month', 'key': 'lgbtq', 'emoji': '', 'schedule': 'range(05/31-06/30)', 'imdb_search': {'list.any': 'ls080580859', 'limit': 500}, 'mdblist_list': ['https://mdblist.com/lists/k0meta/lgbtq-pride-month'], 'delete_collections_named': 'L🏳️\u200d🌈 LGBTQ Month Movies', 'visible_home': True, 'visible_shared': True, 'image': 'seasonal/<<key>>', 'translation_key': 'seasonal', 'name': 'shared'}, {'value': ['lgbtq'], 'custom': ['lgbtq'], 'key_name': 'LGBTQ+ Pride Month', 'key': 'lgbtq', 'emoji': '', 'schedule': 'range(05/31-06/30)', 'imdb_search': {'list.any': 'ls080580859', 'limit': 500}, 'mdblist_list': ['https://mdblist.com/lists/k0meta/lgbtq-pride-month'], 'delete_collections_named': 'L🏳️\u200d🌈 LGBTQ Month Movies', 'visible_home': True, 'visible_shared': True, 'image': 'seasonal/<<key>>', 'translation_key': 'seasonal', 'name': 'arr'}] |
[2025-07-01 09:56:08,009] [meta.py:1374]              [INFO]     |                                                                                                    |
[2025-07-01 09:56:08,009] [meta.py:1375]              [INFO]     | Collection File Loaded Successfully                                                                |
[2025-07-01 09:56:08,009] [meta.py:71]                [INFO]     |                                                                                                    |
[2025-07-01 09:56:08,009] [meta.py:72]                [INFO]     |====================================================================================================|
[2025-07-01 09:56:08,009] [meta.py:72]                [INFO]     |                             Loading Collection File Default: tautulli                              |
[2025-07-01 09:56:08,009] [meta.py:72]                [INFO]     |====================================================================================================|
[2025-07-01 09:56:08,009] [meta.py:73]                [INFO]     |                                                                                                    |
[2025-07-01 09:56:08,012] [meta.py:165]               [DEBUG]    | File Loaded From: /Volumes/MacOS/Servers/Kometa/defaults/chart/tautulli.yml                        |
[2025-07-01 09:56:08,012] [util.py:324]               [INFO]     |                                                                                                    |
[2025-07-01 09:56:08,012] [util.py:329]               [INFO]     | Reading default: templates                                                                         |
[2025-07-01 09:56:08,012] [util.py:368]               [INFO]     | Template Variables: {'collection_section': '020', 'image': 'chart/<<style>>/<<mapping_name_encoded>>'} |
[2025-07-01 09:56:08,027] [meta.py:165]               [DEBUG]    | File Loaded From: /Volumes/MacOS/Servers/Kometa/defaults/templates.yml                             |
[2025-07-01 09:56:08,027] [meta.py:1374]              [INFO]     |                                                                                                    |
[2025-07-01 09:56:08,027] [meta.py:1375]              [INFO]     | Collection File Loaded Successfully                                                                |
[2025-07-01 09:56:08,027] [meta.py:71]                [INFO]     |                                                                                                    |
[2025-07-01 09:56:08,027] [meta.py:72]                [INFO]     |====================================================================================================|
[2025-07-01 09:56:08,027] [meta.py:72]                [INFO]     |                             Loading Collection File Default: universe                              |
[2025-07-01 09:56:08,027] [meta.py:72]                [INFO]     |====================================================================================================|
[2025-07-01 09:56:08,027] [meta.py:73]                [INFO]     |                                                                                                    |
[2025-07-01 09:56:08,032] [meta.py:165]               [DEBUG]    | File Loaded From: /Volumes/MacOS/Servers/Kometa/defaults/both/universe.yml                         |
[2025-07-01 09:56:08,032] [util.py:324]               [INFO]     |                                                                                                    |
[2025-07-01 09:56:08,032] [util.py:329]               [INFO]     | Reading default: templates                                                                         |
[2025-07-01 09:56:08,032] [util.py:368]               [INFO]     | Template Variables: {'collection_section': '040'}                                                  |
[2025-07-01 09:56:08,047] [meta.py:165]               [DEBUG]    | File Loaded From: /Volumes/MacOS/Servers/Kometa/defaults/templates.yml                             |
[2025-07-01 09:56:08,047] [meta.py:788]               [INFO]     |                                                                                                    |
[2025-07-01 09:56:08,047] [meta.py:789]               [INFO]     |======================== Building Universe Collections Dynamic Collections =========================|
[2025-07-01 09:56:08,047] [meta.py:790]               [INFO]     |                                                                                                    |
[2025-07-01 09:56:08,047] [meta.py:1254]              [DEBUG]    | Mapping Name: Universe Collections                                                                 |
[2025-07-01 09:56:08,047] [meta.py:1255]              [DEBUG]    | Type: custom                                                                                       |
[2025-07-01 09:56:08,047] [meta.py:1256]              [DEBUG]    | Data: {'avp': 'Alien / Predator', 'arrow': 'Arrowverse', 'askew': 'View Askewniverse', 'dca': 'DC Animated Universe', 'dcu': 'DC Universe', 'fast': 'Fast & Furious', 'marvel': 'In Association With Marvel', 'mcu': 'Marvel Cinematic Universe', 'middle': 'Middle Earth', 'rocky': 'Rocky / Creed', 'trek': 'Star Trek Universe', 'star': 'Star Wars Saga', 'mummy': 'The Mummy Universe', 'wizard': 'Wizarding World', 'xmen': 'X-Men Collection'} |
[2025-07-01 09:56:08,047] [meta.py:1257]              [DEBUG]    | Exclude: ['marvel', 'mummy', 'rocky']                                                              |
[2025-07-01 09:56:08,047] [meta.py:1258]              [DEBUG]    | Exclude Final: ['marvel', 'mummy', 'rocky']                                                        |
[2025-07-01 09:56:08,047] [meta.py:1259]              [DEBUG]    | Addons: {}                                                                                         |
[2025-07-01 09:56:08,047] [meta.py:1260]              [DEBUG]    | Template: ['universe', 'arr', 'custom', 'shared']                                                  |
[2025-07-01 09:56:08,047] [meta.py:1261]              [DEBUG]    | Other Template: ['universe', 'arr', 'custom', 'shared']                                            |
[2025-07-01 09:56:08,047] [meta.py:1262]              [DEBUG]    | Library Variables: {'trakt_list_avp': 'https://trakt.tv/users/oldmankestis/lists/alien-predator', 'trakt_list_mcu': 'https://trakt.tv/users/oldmankestis/lists/marvel-cinematic-universe', 'trakt_list_star': 'https://trakt.tv/users/oldmankestis/lists/star-wars', 'trakt_list_trek': 'https://trakt.tv/users/oldmankestis/lists/star-trek', 'trakt_list_xmen': 'https://trakt.tv/users/oldmankestis/lists/x-men-collection', 'summary_mcu': 'The Marvel Cinematic Universe (MCU) is an American media franchise and shared universe centered on a series of superhero films produced by Marvel Studios. Sorted in chronological order.', 'summary_xmen': 'The X-Men Collection. Sorted in chronological order.', 'minimum_items': 3, 'append_data': {'star': 'Star Wars Saga', 'trek': 'Star Trek Universe', 'xmen': 'X-Men Collection'}, 'exclude': ['marvel', 'mummy', 'rocky'], 'collection_section': '106'} |
[2025-07-01 09:56:08,047] [meta.py:1263]              [DEBUG]    | Template Variables: {'allowed_libraries': {'avp': 'movie', 'wizard': 'movie', 'fast': 'movie', 'rocky': 'movie', 'mummy': 'movie'}, 'imdb_url': {'arrow': 'https://www.imdb.com/list/ls566667558/', 'avp': 'https://www.imdb.com/list/ls543971628/', 'dca': 'https://www.imdb.com/list/ls590606031/', 'dcu': 'https://www.imdb.com/list/ls524274984/', 'mcu': 'https://www.imdb.com/list/ls539646485/', 'star': 'https://www.imdb.com/list/ls501373412/', 'trek': 'https://www.imdb.com/list/ls547463722/', 'xmen': 'https://www.imdb.com/list/ls567618635/'}, 'mdblist_url': {'fast': 'https://mdblist.com/lists/k0meta/external/9246', 'marvel': 'https://mdblist.com/lists/k0meta/external/15110', 'middle': 'https://mdblist.com/lists/k0meta/external/46550', 'mummy': 'https://mdblist.com/lists/k0meta/external/9249', 'rocky': 'https://mdblist.com/lists/k0meta/external/9248', 'askew': 'https://mdblist.com/lists/k0meta/external/15362', 'wizard': 'https://mdblist.com/lists/k0meta/external/23683'}, 'image': {'default': 'universe/<<key>>'}, 'delete_collections_named': {'dcu': 'DC Extended Universe'}} |
[2025-07-01 09:56:08,047] [meta.py:1264]              [DEBUG]    | Remove Prefix: []                                                                                  |
[2025-07-01 09:56:08,047] [meta.py:1265]              [DEBUG]    | Remove Suffix: []                                                                                  |
[2025-07-01 09:56:08,047] [meta.py:1266]              [DEBUG]    | Title Format: <<key_name>>                                                                         |
[2025-07-01 09:56:08,047] [meta.py:1267]              [DEBUG]    | Key Name Override: {}                                                                              |
[2025-07-01 09:56:08,047] [meta.py:1268]              [DEBUG]    | Title Override: {}                                                                                 |
[2025-07-01 09:56:08,047] [meta.py:1269]              [DEBUG]    | Custom Keys: True                                                                                  |
[2025-07-01 09:56:08,047] [meta.py:1270]              [DEBUG]    | Test: False                                                                                        |
[2025-07-01 09:56:08,047] [meta.py:1271]              [DEBUG]    | Sync: {}                                                                                           |
[2025-07-01 09:56:08,047] [meta.py:1272]              [DEBUG]    | Include: []                                                                                        |
[2025-07-01 09:56:08,047] [meta.py:1273]              [DEBUG]    | Other Name: None                                                                                   |
[2025-07-01 09:56:08,047] [meta.py:1274]              [DEBUG]    | All Keys: dict_keys(['avp', 'arrow', 'askew', 'dca', 'dcu', 'fast', 'marvel', 'mcu', 'middle', 'rocky', 'trek', 'star', 'mummy', 'wizard', 'xmen']) |
[2025-07-01 09:56:08,047] [meta.py:1277]              [DEBUG]    | Keys (Title):                                                                                      |
[2025-07-01 09:56:08,048] [meta.py:1279]              [DEBUG]    |   - avp (Alien / Predator)                                                                         |
[2025-07-01 09:56:08,048] [meta.py:1279]              [DEBUG]    |   - arrow (Arrowverse)                                                                             |
[2025-07-01 09:56:08,048] [meta.py:1279]              [DEBUG]    |   - askew (View Askewniverse)                                                                      |
[2025-07-01 09:56:08,048] [meta.py:1279]              [DEBUG]    |   - dca (DC Animated Universe)                                                                     |
[2025-07-01 09:56:08,048] [meta.py:1279]              [DEBUG]    |   - dcu (DC Universe)                                                                              |
[2025-07-01 09:56:08,048] [meta.py:1279]              [DEBUG]    |   - fast (Fast & Furious)                                                                          |
[2025-07-01 09:56:08,048] [meta.py:1279]              [DEBUG]    |   - mcu (Marvel Cinematic Universe)                                                                |
[2025-07-01 09:56:08,048] [meta.py:1279]              [DEBUG]    |   - middle (Middle Earth)                                                                          |
[2025-07-01 09:56:08,048] [meta.py:1279]              [DEBUG]    |   - trek (Star Trek Universe)                                                                      |
[2025-07-01 09:56:08,048] [meta.py:1279]              [DEBUG]    |   - star (Star Wars Saga)                                                                          |
[2025-07-01 09:56:08,048] [meta.py:1279]              [DEBUG]    |   - wizard (Wizarding World)                                                                       |
[2025-07-01 09:56:08,048] [meta.py:1279]              [DEBUG]    |   - xmen (X-Men Collection)                                                                        |
[2025-07-01 09:56:08,048] [meta.py:1324]              [INFO]     | [{'value': ['avp'], 'custom': ['avp'], 'key_name': 'Alien / Predator', 'key': 'avp', 'allowed_libraries': 'movie', 'imdb_url': 'https://www.imdb.com/list/ls543971628/', 'image': 'universe/<<key>>', 'name': 'universe'}, {'value': ['avp'], 'custom': ['avp'], 'key_name': 'Alien / Predator', 'key': 'avp', 'allowed_libraries': 'movie', 'imdb_url': 'https://www.imdb.com/list/ls543971628/', 'image': 'universe/<<key>>', 'name': 'arr'}, {'value': ['avp'], 'custom': ['avp'], 'key_name': 'Alien / Predator', 'key': 'avp', 'allowed_libraries': 'movie', 'imdb_url': 'https://www.imdb.com/list/ls543971628/', 'image': 'universe/<<key>>', 'name': 'custom'}, {'value': ['avp'], 'custom': ['avp'], 'key_name': 'Alien / Predator', 'key': 'avp', 'allowed_libraries': 'movie', 'imdb_url': 'https://www.imdb.com/list/ls543971628/', 'image': 'universe/<<key>>', 'name': 'shared'}] |
[2025-07-01 09:56:08,048] [meta.py:1322]              [WARNING]  | Config Warning: Skipping duplicate collection: Arrowverse                                          |
[2025-07-01 09:56:08,048] [meta.py:1324]              [INFO]     | [{'value': ['askew'], 'custom': ['askew'], 'key_name': 'View Askewniverse', 'key': 'askew', 'mdblist_url': 'https://mdblist.com/lists/k0meta/external/15362', 'image': 'universe/<<key>>', 'name': 'universe'}, {'value': ['askew'], 'custom': ['askew'], 'key_name': 'View Askewniverse', 'key': 'askew', 'mdblist_url': 'https://mdblist.com/lists/k0meta/external/15362', 'image': 'universe/<<key>>', 'name': 'arr'}, {'value': ['askew'], 'custom': ['askew'], 'key_name': 'View Askewniverse', 'key': 'askew', 'mdblist_url': 'https://mdblist.com/lists/k0meta/external/15362', 'image': 'universe/<<key>>', 'name': 'custom'}, {'value': ['askew'], 'custom': ['askew'], 'key_name': 'View Askewniverse', 'key': 'askew', 'mdblist_url': 'https://mdblist.com/lists/k0meta/external/15362', 'image': 'universe/<<key>>', 'name': 'shared'}] |
[2025-07-01 09:56:08,048] [meta.py:1324]              [INFO]     | [{'value': ['dca'], 'custom': ['dca'], 'key_name': 'DC Animated Universe', 'key': 'dca', 'imdb_url': 'https://www.imdb.com/list/ls590606031/', 'image': 'universe/<<key>>', 'name': 'universe'}, {'value': ['dca'], 'custom': ['dca'], 'key_name': 'DC Animated Universe', 'key': 'dca', 'imdb_url': 'https://www.imdb.com/list/ls590606031/', 'image': 'universe/<<key>>', 'name': 'arr'}, {'value': ['dca'], 'custom': ['dca'], 'key_name': 'DC Animated Universe', 'key': 'dca', 'imdb_url': 'https://www.imdb.com/list/ls590606031/', 'image': 'universe/<<key>>', 'name': 'custom'}, {'value': ['dca'], 'custom': ['dca'], 'key_name': 'DC Animated Universe', 'key': 'dca', 'imdb_url': 'https://www.imdb.com/list/ls590606031/', 'image': 'universe/<<key>>', 'name': 'shared'}] |
[2025-07-01 09:56:08,048] [meta.py:1324]              [INFO]     | [{'value': ['dcu'], 'custom': ['dcu'], 'key_name': 'DC Universe', 'key': 'dcu', 'imdb_url': 'https://www.imdb.com/list/ls524274984/', 'image': 'universe/<<key>>', 'delete_collections_named': 'DC Extended Universe', 'name': 'universe'}, {'value': ['dcu'], 'custom': ['dcu'], 'key_name': 'DC Universe', 'key': 'dcu', 'imdb_url': 'https://www.imdb.com/list/ls524274984/', 'image': 'universe/<<key>>', 'delete_collections_named': 'DC Extended Universe', 'name': 'arr'}, {'value': ['dcu'], 'custom': ['dcu'], 'key_name': 'DC Universe', 'key': 'dcu', 'imdb_url': 'https://www.imdb.com/list/ls524274984/', 'image': 'universe/<<key>>', 'delete_collections_named': 'DC Extended Universe', 'name': 'custom'}, {'value': ['dcu'], 'custom': ['dcu'], 'key_name': 'DC Universe', 'key': 'dcu', 'imdb_url': 'https://www.imdb.com/list/ls524274984/', 'image': 'universe/<<key>>', 'delete_collections_named': 'DC Extended Universe', 'name': 'shared'}] |
[2025-07-01 09:56:08,048] [meta.py:1324]              [INFO]     | [{'value': ['fast'], 'custom': ['fast'], 'key_name': 'Fast & Furious', 'key': 'fast', 'allowed_libraries': 'movie', 'mdblist_url': 'https://mdblist.com/lists/k0meta/external/9246', 'image': 'universe/<<key>>', 'name': 'universe'}, {'value': ['fast'], 'custom': ['fast'], 'key_name': 'Fast & Furious', 'key': 'fast', 'allowed_libraries': 'movie', 'mdblist_url': 'https://mdblist.com/lists/k0meta/external/9246', 'image': 'universe/<<key>>', 'name': 'arr'}, {'value': ['fast'], 'custom': ['fast'], 'key_name': 'Fast & Furious', 'key': 'fast', 'allowed_libraries': 'movie', 'mdblist_url': 'https://mdblist.com/lists/k0meta/external/9246', 'image': 'universe/<<key>>', 'name': 'custom'}, {'value': ['fast'], 'custom': ['fast'], 'key_name': 'Fast & Furious', 'key': 'fast', 'allowed_libraries': 'movie', 'mdblist_url': 'https://mdblist.com/lists/k0meta/external/9246', 'image': 'universe/<<key>>', 'name': 'shared'}] |
[2025-07-01 09:56:08,048] [meta.py:1322]              [WARNING]  | Config Warning: Skipping duplicate collection: Marvel Cinematic Universe                           |
[2025-07-01 09:56:08,048] [meta.py:1324]              [INFO]     | [{'value': ['middle'], 'custom': ['middle'], 'key_name': 'Middle Earth', 'key': 'middle', 'mdblist_url': 'https://mdblist.com/lists/k0meta/external/46550', 'image': 'universe/<<key>>', 'name': 'universe'}, {'value': ['middle'], 'custom': ['middle'], 'key_name': 'Middle Earth', 'key': 'middle', 'mdblist_url': 'https://mdblist.com/lists/k0meta/external/46550', 'image': 'universe/<<key>>', 'name': 'arr'}, {'value': ['middle'], 'custom': ['middle'], 'key_name': 'Middle Earth', 'key': 'middle', 'mdblist_url': 'https://mdblist.com/lists/k0meta/external/46550', 'image': 'universe/<<key>>', 'name': 'custom'}, {'value': ['middle'], 'custom': ['middle'], 'key_name': 'Middle Earth', 'key': 'middle', 'mdblist_url': 'https://mdblist.com/lists/k0meta/external/46550', 'image': 'universe/<<key>>', 'name': 'shared'}] |
[2025-07-01 09:56:08,048] [meta.py:1324]              [INFO]     | [{'value': ['trek'], 'custom': ['trek'], 'key_name': 'Star Trek Universe', 'key': 'trek', 'imdb_url': 'https://www.imdb.com/list/ls547463722/', 'image': 'universe/<<key>>', 'name': 'universe'}, {'value': ['trek'], 'custom': ['trek'], 'key_name': 'Star Trek Universe', 'key': 'trek', 'imdb_url': 'https://www.imdb.com/list/ls547463722/', 'image': 'universe/<<key>>', 'name': 'arr'}, {'value': ['trek'], 'custom': ['trek'], 'key_name': 'Star Trek Universe', 'key': 'trek', 'imdb_url': 'https://www.imdb.com/list/ls547463722/', 'image': 'universe/<<key>>', 'name': 'custom'}, {'value': ['trek'], 'custom': ['trek'], 'key_name': 'Star Trek Universe', 'key': 'trek', 'imdb_url': 'https://www.imdb.com/list/ls547463722/', 'image': 'universe/<<key>>', 'name': 'shared'}] |
[2025-07-01 09:56:08,048] [meta.py:1324]              [INFO]     | [{'value': ['star'], 'custom': ['star'], 'key_name': 'Star Wars Saga', 'key': 'star', 'imdb_url': 'https://www.imdb.com/list/ls501373412/', 'image': 'universe/<<key>>', 'name': 'universe'}, {'value': ['star'], 'custom': ['star'], 'key_name': 'Star Wars Saga', 'key': 'star', 'imdb_url': 'https://www.imdb.com/list/ls501373412/', 'image': 'universe/<<key>>', 'name': 'arr'}, {'value': ['star'], 'custom': ['star'], 'key_name': 'Star Wars Saga', 'key': 'star', 'imdb_url': 'https://www.imdb.com/list/ls501373412/', 'image': 'universe/<<key>>', 'name': 'custom'}, {'value': ['star'], 'custom': ['star'], 'key_name': 'Star Wars Saga', 'key': 'star', 'imdb_url': 'https://www.imdb.com/list/ls501373412/', 'image': 'universe/<<key>>', 'name': 'shared'}] |
[2025-07-01 09:56:08,048] [meta.py:1324]              [INFO]     | [{'value': ['wizard'], 'custom': ['wizard'], 'key_name': 'Wizarding World', 'key': 'wizard', 'allowed_libraries': 'movie', 'mdblist_url': 'https://mdblist.com/lists/k0meta/external/23683', 'image': 'universe/<<key>>', 'name': 'universe'}, {'value': ['wizard'], 'custom': ['wizard'], 'key_name': 'Wizarding World', 'key': 'wizard', 'allowed_libraries': 'movie', 'mdblist_url': 'https://mdblist.com/lists/k0meta/external/23683', 'image': 'universe/<<key>>', 'name': 'arr'}, {'value': ['wizard'], 'custom': ['wizard'], 'key_name': 'Wizarding World', 'key': 'wizard', 'allowed_libraries': 'movie', 'mdblist_url': 'https://mdblist.com/lists/k0meta/external/23683', 'image': 'universe/<<key>>', 'name': 'custom'}, {'value': ['wizard'], 'custom': ['wizard'], 'key_name': 'Wizarding World', 'key': 'wizard', 'allowed_libraries': 'movie', 'mdblist_url': 'https://mdblist.com/lists/k0meta/external/23683', 'image': 'universe/<<key>>', 'name': 'shared'}] |
[2025-07-01 09:56:08,048] [meta.py:1324]              [INFO]     | [{'value': ['xmen'], 'custom': ['xmen'], 'key_name': 'X-Men Collection', 'key': 'xmen', 'imdb_url': 'https://www.imdb.com/list/ls567618635/', 'image': 'universe/<<key>>', 'name': 'universe'}, {'value': ['xmen'], 'custom': ['xmen'], 'key_name': 'X-Men Collection', 'key': 'xmen', 'imdb_url': 'https://www.imdb.com/list/ls567618635/', 'image': 'universe/<<key>>', 'name': 'arr'}, {'value': ['xmen'], 'custom': ['xmen'], 'key_name': 'X-Men Collection', 'key': 'xmen', 'imdb_url': 'https://www.imdb.com/list/ls567618635/', 'image': 'universe/<<key>>', 'name': 'custom'}, {'value': ['xmen'], 'custom': ['xmen'], 'key_name': 'X-Men Collection', 'key': 'xmen', 'imdb_url': 'https://www.imdb.com/list/ls567618635/', 'image': 'universe/<<key>>', 'name': 'shared'}] |
[2025-07-01 09:56:08,048] [meta.py:1374]              [INFO]     |                                                                                                    |
[2025-07-01 09:56:08,048] [meta.py:1375]              [INFO]     | Collection File Loaded Successfully                                                                |
[2025-07-01 09:56:08,048] [config.py:1254]            [INFO]     |                                                                                                    |
[2025-07-01 09:56:08,048] [config.py:1255]            [INFO]     |======================================= Radarr Configuration =======================================|
[2025-07-01 09:56:08,048] [config.py:1256]            [INFO]     |                                                                                                    |
[2025-07-01 09:56:08,048] [config.py:1257]            [INFO]     | Connecting to Movies library's Radarr...                                                           |
[2025-07-01 09:56:08,048] [config.py:1258]            [INFO]     |                                                                                                    |
[2025-07-01 09:56:08,104] [config.py:1281]            [INFO]     | Movies library's Radarr Connection Successful                                                      |
[2025-07-01 09:56:08,104] [config.py:1284]            [INFO]     |                                                                                                    |
[2025-07-01 09:56:08,104] [config.py:1285]            [INFO]     |======================================= Sonarr Configuration =======================================|
[2025-07-01 09:56:08,104] [config.py:1286]            [INFO]     |                                                                                                    |
[2025-07-01 09:56:08,104] [config.py:1287]            [INFO]     | Connecting to Movies library's Sonarr...                                                           |
[2025-07-01 09:56:08,104] [config.py:1288]            [INFO]     |                                                                                                    |
[2025-07-01 09:56:08,131] [config.py:1314]            [INFO]     | Movies library's Sonarr Connection Successful                                                      |
[2025-07-01 09:56:08,131] [config.py:1317]            [INFO]     |                                                                                                    |
[2025-07-01 09:56:08,131] [config.py:1318]            [INFO]     |====================================== Tautulli Configuration ======================================|
[2025-07-01 09:56:08,131] [config.py:1319]            [INFO]     |                                                                                                    |
[2025-07-01 09:56:08,131] [config.py:1320]            [INFO]     | Connecting to Movies library's Tautulli...                                                         |
[2025-07-01 09:56:08,131] [config.py:1321]            [INFO]     |                                                                                                    |
[2025-07-01 09:56:08,140] [config.py:1331]            [INFO]     | Movies library's Tautulli Connection Successful                                                    |
[2025-07-01 09:56:08,140] [config.py:1336]            [INFO]     |                                                                                                    |
[2025-07-01 09:56:08,140] [config.py:881]             [INFO]     |====================================================================================================|
[2025-07-01 09:56:08,140] [config.py:881]             [INFO]     |                                       TV Shows Configuration                                       |
[2025-07-01 09:56:08,140] [config.py:881]             [INFO]     |====================================================================================================|
[2025-07-01 09:56:08,140] [config.py:882]             [INFO]     |                                                                                                    |
[2025-07-01 09:56:08,140] [config.py:883]             [INFO]     | Connecting to TV Shows Library...                                                                  |
[2025-07-01 09:56:08,157] [config.py:927]             [INFO]     |===================================== Operation Configuration ======================================|
[2025-07-01 09:56:08,157] [config.py:931]             [INFO]     |                                                                                                    |
[2025-07-01 09:56:08,157] [config.py:932]             [INFO]     | Operation 1/1                                                                                      |
[2025-07-01 09:56:08,157] [config.py:934]             [INFO]     |     assets_for_all: True                                                                           |
[2025-07-01 09:56:08,157] [config.py:1072]            [INFO]     |                                                                                                    |
[2025-07-01 09:56:08,157] [config.py:1073]            [INFO]     | Reading in Collection Files                                                                        |
[2025-07-01 09:56:08,157] [util.py:324]               [INFO]     |                                                                                                    |
[2025-07-01 09:56:08,157] [util.py:329]               [INFO]     | Reading default: basic                                                                             |
[2025-07-01 09:56:08,157] [util.py:324]               [INFO]     |                                                                                                    |
[2025-07-01 09:56:08,157] [util.py:329]               [INFO]     | Reading default: imdb                                                                              |
[2025-07-01 09:56:08,157] [util.py:324]               [INFO]     |                                                                                                    |
[2025-07-01 09:56:08,157] [util.py:329]               [INFO]     | Reading file: config/franchise.yml                                                                 |
[2025-07-01 09:56:08,157] [config.py:1210]            [INFO]     |                                                                                                    |
[2025-07-01 09:56:08,157] [config.py:1211]            [INFO]     |======================================== Plex Configuration ========================================|
[2025-07-01 09:56:08,157] [library.py:142]            [INFO]     |                                                                                                    |
[2025-07-01 09:56:08,157] [library.py:144]            [INFO]     | Using Asset Directory: config/assets/plex/Movies                                                   |
[2025-07-01 09:56:08,159] [plex.py:467]               [INFO]     | Connected to server Mr Meeseeks version 1.41.8.9834-071366d65                                      |
[2025-07-01 09:56:08,159] [plex.py:468]               [INFO]     | Running on MacOSX version 15.5.0                                                                   |
[2025-07-01 09:56:08,165] [plex.py:472]               [INFO]     | Plex DB cache setting: 256 MB                                                                      |
[2025-07-01 09:56:08,165] [plex.py:489]               [INFO]     | PlexPass: True on Unknown update channel: 0.                                                       |
[2025-07-01 09:56:08,165] [plex.py:491]               [INFO]     | Scheduled maintenance running between 2:00 and 5:00                                                |
[2025-07-01 09:56:08,170] [plex.py:539]               [INFO]     | Connected to library TV Shows                                                                      |
[2025-07-01 09:56:08,170] [plex.py:540]               [INFO]     | Type: Show                                                                                         |
[2025-07-01 09:56:08,170] [plex.py:541]               [INFO]     | Agent: tv.plex.agents.series                                                                       |
[2025-07-01 09:56:08,170] [plex.py:542]               [INFO]     | Scanner: Plex TV Series                                                                            |
[2025-07-01 09:56:08,170] [plex.py:543]               [INFO]     | Ratings Source: N/A                                                                                |
[2025-07-01 09:56:08,170] [config.py:1239]            [INFO]     |                                                                                                    |
[2025-07-01 09:56:08,170] [config.py:1240]            [INFO]     | TV Shows Library Connection Successful                                                             |
[2025-07-01 09:56:08,170] [config.py:1241]            [INFO]     |                                                                                                    |
[2025-07-01 09:56:08,170] [config.py:1242]            [INFO]     |========================================== Scanning Files ==========================================|
[2025-07-01 09:56:08,170] [meta.py:71]                [INFO]     |                                                                                                    |
[2025-07-01 09:56:08,170] [meta.py:72]                [INFO]     |====================================================================================================|
[2025-07-01 09:56:08,170] [meta.py:72]                [INFO]     |                               Loading Collection File Default: basic                               |
[2025-07-01 09:56:08,170] [meta.py:72]                [INFO]     |====================================================================================================|
[2025-07-01 09:56:08,170] [meta.py:73]                [INFO]     |                                                                                                    |
[2025-07-01 09:56:08,172] [meta.py:165]               [DEBUG]    | File Loaded From: /Volumes/MacOS/Servers/Kometa/defaults/chart/basic.yml                           |
[2025-07-01 09:56:08,172] [util.py:324]               [INFO]     |                                                                                                    |
[2025-07-01 09:56:08,172] [util.py:329]               [INFO]     | Reading default: templates                                                                         |
[2025-07-01 09:56:08,172] [util.py:368]               [INFO]     | Template Variables: {'collection_section': '010', 'image': 'chart/<<style>>/<<mapping_name_encoded>>'} |
[2025-07-01 09:56:08,187] [meta.py:165]               [DEBUG]    | File Loaded From: /Volumes/MacOS/Servers/Kometa/defaults/templates.yml                             |
[2025-07-01 09:56:08,187] [meta.py:1374]              [INFO]     |                                                                                                    |
[2025-07-01 09:56:08,187] [meta.py:1375]              [INFO]     | Collection File Loaded Successfully                                                                |
[2025-07-01 09:56:08,187] [meta.py:71]                [INFO]     |                                                                                                    |
[2025-07-01 09:56:08,187] [meta.py:72]                [INFO]     |====================================================================================================|
[2025-07-01 09:56:08,187] [meta.py:72]                [INFO]     |                               Loading Collection File Default: imdb                                |
[2025-07-01 09:56:08,187] [meta.py:72]                [INFO]     |====================================================================================================|
[2025-07-01 09:56:08,187] [meta.py:73]                [INFO]     |                                                                                                    |
[2025-07-01 09:56:08,190] [meta.py:165]               [DEBUG]    | File Loaded From: /Volumes/MacOS/Servers/Kometa/defaults/chart/imdb.yml                            |
[2025-07-01 09:56:08,190] [util.py:324]               [INFO]     |                                                                                                    |
[2025-07-01 09:56:08,190] [util.py:329]               [INFO]     | Reading default: templates                                                                         |
[2025-07-01 09:56:08,190] [util.py:368]               [INFO]     | Template Variables: {'collection_section': '020', 'image': 'chart/<<style>>/<<mapping_name_encoded>>'} |
[2025-07-01 09:56:08,205] [meta.py:165]               [DEBUG]    | File Loaded From: /Volumes/MacOS/Servers/Kometa/defaults/templates.yml                             |
[2025-07-01 09:56:08,205] [meta.py:1374]              [INFO]     |                                                                                                    |
[2025-07-01 09:56:08,205] [meta.py:1375]              [INFO]     | Collection File Loaded Successfully                                                                |
[2025-07-01 09:56:08,205] [meta.py:71]                [INFO]     |                                                                                                    |
[2025-07-01 09:56:08,205] [meta.py:72]                [INFO]     |====================================================================================================|
[2025-07-01 09:56:08,205] [meta.py:72]                [INFO]     |                         Loading Collection File File: config/franchise.yml                         |
[2025-07-01 09:56:08,205] [meta.py:72]                [INFO]     |====================================================================================================|
[2025-07-01 09:56:08,205] [meta.py:73]                [INFO]     |                                                                                                    |
[2025-07-01 09:56:08,208] [meta.py:165]               [DEBUG]    | File Loaded From: /Volumes/MacOS/Servers/Kometa/config/franchise.yml                               |
[2025-07-01 09:56:08,208] [meta.py:788]               [INFO]     |                                                                                                    |
[2025-07-01 09:56:08,208] [meta.py:789]               [INFO]     |===================== Building Show Franchise Collections Dynamic Collections ======================|
[2025-07-01 09:56:08,208] [meta.py:790]               [INFO]     |                                                                                                    |
[2025-07-01 09:56:08,208] [meta.py:1254]              [DEBUG]    | Mapping Name: Show Franchise Collections                                                           |
[2025-07-01 09:56:08,209] [meta.py:1255]              [DEBUG]    | Type: custom                                                                                       |
[2025-07-01 09:56:08,209] [meta.py:1256]              [DEBUG]    | Data: {'1412': 'Arrowverse'}                                                                       |
[2025-07-01 09:56:08,209] [meta.py:1257]              [DEBUG]    | Exclude: []                                                                                        |
[2025-07-01 09:56:08,209] [meta.py:1258]              [DEBUG]    | Exclude Final: ['60735', '60743', '62688', '62643', '71663', '89247', '80986', '95057']            |
[2025-07-01 09:56:08,209] [meta.py:1259]              [DEBUG]    | Addons: {'1412': ['60735', '60743', '62688', '62643', '71663', '89247', '80986', '95057']}         |
[2025-07-01 09:56:08,209] [meta.py:1260]              [DEBUG]    | Template: ['tmdbshow']                                                                             |
[2025-07-01 09:56:08,209] [meta.py:1261]              [DEBUG]    | Other Template: ['tmdbshow']                                                                       |
[2025-07-01 09:56:08,209] [meta.py:1262]              [DEBUG]    | Library Variables: {}                                                                              |
[2025-07-01 09:56:08,209] [meta.py:1263]              [DEBUG]    | Template Variables: {}                                                                             |
[2025-07-01 09:56:08,209] [meta.py:1264]              [DEBUG]    | Remove Prefix: []                                                                                  |
[2025-07-01 09:56:08,209] [meta.py:1265]              [DEBUG]    | Remove Suffix: []                                                                                  |
[2025-07-01 09:56:08,209] [meta.py:1266]              [DEBUG]    | Title Format: <<key_name>>                                                                         |
[2025-07-01 09:56:08,209] [meta.py:1267]              [DEBUG]    | Key Name Override: {}                                                                              |
[2025-07-01 09:56:08,209] [meta.py:1268]              [DEBUG]    | Title Override: {}                                                                                 |
[2025-07-01 09:56:08,209] [meta.py:1269]              [DEBUG]    | Custom Keys: True                                                                                  |
[2025-07-01 09:56:08,209] [meta.py:1270]              [DEBUG]    | Test: False                                                                                        |
[2025-07-01 09:56:08,209] [meta.py:1271]              [DEBUG]    | Sync: {}                                                                                           |
[2025-07-01 09:56:08,209] [meta.py:1272]              [DEBUG]    | Include: []                                                                                        |
[2025-07-01 09:56:08,209] [meta.py:1273]              [DEBUG]    | Other Name: None                                                                                   |
[2025-07-01 09:56:08,209] [meta.py:1274]              [DEBUG]    | All Keys: dict_keys(['1412'])                                                                      |
[2025-07-01 09:56:08,209] [meta.py:1277]              [DEBUG]    | Keys (Title):                                                                                      |
[2025-07-01 09:56:08,209] [meta.py:1279]              [DEBUG]    |   - 1412 (Arrowverse)                                                                              |
[2025-07-01 09:56:08,209] [meta.py:1324]              [INFO]     | [{'value': ['1412', '60735', '60743', '62688', '62643', '71663', '89247', '80986', '95057'], 'custom': ['1412', '60735', '60743', '62688', '62643', '71663', '89247', '80986', '95057'], 'key_name': 'Arrowverse', 'key': '1412', 'name': 'tmdbshow'}] |
[2025-07-01 09:56:08,209] [meta.py:1374]              [INFO]     |                                                                                                    |
[2025-07-01 09:56:08,209] [meta.py:1375]              [INFO]     | Collection File Loaded Successfully                                                                |
[2025-07-01 09:56:08,209] [config.py:1254]            [INFO]     |                                                                                                    |
[2025-07-01 09:56:08,209] [config.py:1255]            [INFO]     |======================================= Radarr Configuration =======================================|
[2025-07-01 09:56:08,209] [config.py:1256]            [INFO]     |                                                                                                    |
[2025-07-01 09:56:08,209] [config.py:1257]            [INFO]     | Connecting to TV Shows library's Radarr...                                                         |
[2025-07-01 09:56:08,209] [config.py:1258]            [INFO]     |                                                                                                    |
[2025-07-01 09:56:08,262] [config.py:1281]            [INFO]     | TV Shows library's Radarr Connection Successful                                                    |
[2025-07-01 09:56:08,262] [config.py:1284]            [INFO]     |                                                                                                    |
[2025-07-01 09:56:08,262] [config.py:1285]            [INFO]     |======================================= Sonarr Configuration =======================================|
[2025-07-01 09:56:08,262] [config.py:1286]            [INFO]     |                                                                                                    |
[2025-07-01 09:56:08,262] [config.py:1287]            [INFO]     | Connecting to TV Shows library's Sonarr...                                                         |
[2025-07-01 09:56:08,262] [config.py:1288]            [INFO]     |                                                                                                    |
[2025-07-01 09:56:08,286] [config.py:1314]            [INFO]     | TV Shows library's Sonarr Connection Successful                                                    |
[2025-07-01 09:56:08,286] [config.py:1317]            [INFO]     |                                                                                                    |
[2025-07-01 09:56:08,286] [config.py:1318]            [INFO]     |====================================== Tautulli Configuration ======================================|
[2025-07-01 09:56:08,286] [config.py:1319]            [INFO]     |                                                                                                    |
[2025-07-01 09:56:08,286] [config.py:1320]            [INFO]     | Connecting to TV Shows library's Tautulli...                                                       |
[2025-07-01 09:56:08,286] [config.py:1321]            [INFO]     |                                                                                                    |
[2025-07-01 09:56:08,296] [config.py:1331]            [INFO]     | TV Shows library's Tautulli Connection Successful                                                  |
[2025-07-01 09:56:08,296] [config.py:1336]            [INFO]     |                                                                                                    |
[2025-07-01 09:56:08,296] [config.py:1339]            [INFO]     |====================================================================================================|
[2025-07-01 09:56:08,296] [config.py:1344]            [INFO]     | 3 Plex Library Connections Successful                                                              |
[2025-07-01 09:56:08,296] [config.py:1348]            [INFO]     |====================================================================================================|
[2025-07-01 09:56:08,296] [kometa.py:630]             [INFO]     |                                                                                                    |
[2025-07-01 09:56:08,296] [kometa.py:631]             [INFO]     |====================================================================================================|
[2025-07-01 09:56:08,296] [kometa.py:631]             [INFO]     |                                         Scheduled Library                                          |
[2025-07-01 09:56:08,296] [kometa.py:631]             [INFO]     |====================================================================================================|
[2025-07-01 09:56:08,296] [kometa.py:633]             [DEBUG]    |                                                                                                    |
[2025-07-01 09:56:08,296] [kometa.py:634]             [DEBUG]    | Library Name: Movies                                                                               |
[2025-07-01 09:56:08,296] [kometa.py:635]             [DEBUG]    | Run Order: operations, metadata, collections, overlays                                             |
[2025-07-01 09:56:08,296] [kometa.py:636]             [DEBUG]    | Folder Name: Scheduled                                                                             |
[2025-07-01 09:56:08,296] [kometa.py:638]             [DEBUG]    | Asset Directory: config/assets/plex/Movies                                                         |
[2025-07-01 09:56:08,296] [kometa.py:639]             [DEBUG]    | Asset Folders: True                                                                                |
[2025-07-01 09:56:08,296] [kometa.py:640]             [DEBUG]    | Asset Depth: 2                                                                                     |
[2025-07-01 09:56:08,296] [kometa.py:641]             [DEBUG]    | Create Asset Folders: True                                                                         |
[2025-07-01 09:56:08,296] [kometa.py:642]             [DEBUG]    | Prioritize Assets: True                                                                            |
[2025-07-01 09:56:08,296] [kometa.py:643]             [DEBUG]    | Dimensional Asset Rename: False                                                                    |
[2025-07-01 09:56:08,296] [kometa.py:644]             [DEBUG]    | Download URL Assets: True                                                                          |
[2025-07-01 09:56:08,296] [kometa.py:645]             [DEBUG]    | Show Missing Assets: False                                                                         |
[2025-07-01 09:56:08,296] [kometa.py:646]             [DEBUG]    | Show Missing Season Assets: False                                                                  |
[2025-07-01 09:56:08,296] [kometa.py:647]             [DEBUG]    | Show Missing Episode Assets: False                                                                 |
[2025-07-01 09:56:08,296] [kometa.py:648]             [DEBUG]    | Show Assets Not Needed: False                                                                      |
[2025-07-01 09:56:08,296] [kometa.py:649]             [DEBUG]    | Sync Mode: append                                                                                  |
[2025-07-01 09:56:08,296] [kometa.py:650]             [DEBUG]    | Minimum Items: 1                                                                                   |
[2025-07-01 09:56:08,296] [kometa.py:651]             [DEBUG]    | Delete Below Minimum: True                                                                         |
[2025-07-01 09:56:08,296] [kometa.py:652]             [DEBUG]    | Delete Not Scheduled: True                                                                         |
[2025-07-01 09:56:08,296] [kometa.py:653]             [DEBUG]    | Default Collection Order: None                                                                     |
[2025-07-01 09:56:08,296] [kometa.py:654]             [DEBUG]    | Missing Only Released: False                                                                       |
[2025-07-01 09:56:08,296] [kometa.py:655]             [DEBUG]    | Only Filter Missing: False                                                                         |
[2025-07-01 09:56:08,296] [kometa.py:656]             [DEBUG]    | Show Unmanaged: True                                                                               |
[2025-07-01 09:56:08,296] [kometa.py:657]             [DEBUG]    | Show Unconfigured: True                                                                            |
[2025-07-01 09:56:08,296] [kometa.py:658]             [DEBUG]    | Show Filtered: False                                                                               |
[2025-07-01 09:56:08,296] [kometa.py:659]             [DEBUG]    | Show Unfiltered: False                                                                             |
[2025-07-01 09:56:08,296] [kometa.py:660]             [DEBUG]    | Show Options: True                                                                                 |
[2025-07-01 09:56:08,296] [kometa.py:661]             [DEBUG]    | Show Missing: False                                                                                |
[2025-07-01 09:56:08,296] [kometa.py:662]             [DEBUG]    | Save Report: False                                                                                 |
[2025-07-01 09:56:08,296] [kometa.py:663]             [DEBUG]    | Report Path: /Users/zacharygoodnite/Kometa/config/Scheduled_report.yml                             |
[2025-07-01 09:56:08,296] [kometa.py:664]             [DEBUG]    | Ignore IDs: []                                                                                     |
[2025-07-01 09:56:08,296] [kometa.py:665]             [DEBUG]    | Ignore IMDb IDs: []                                                                                |
[2025-07-01 09:56:08,296] [kometa.py:666]             [DEBUG]    | Item Refresh Delay: 0                                                                              |
[2025-07-01 09:56:08,296] [kometa.py:667]             [DEBUG]    | Clean Bundles: False                                                                               |
[2025-07-01 09:56:08,296] [kometa.py:668]             [DEBUG]    | Empty Trash: True                                                                                  |
[2025-07-01 09:56:08,296] [kometa.py:669]             [DEBUG]    | Optimize: True                                                                                     |
[2025-07-01 09:56:08,296] [kometa.py:670]             [DEBUG]    | Timeout: 60                                                                                        |
[2025-07-01 09:56:08,317] [library.py:389]            [INFO]     |                                                                                                    |
[2025-07-01 09:56:08,317] [library.py:390]            [INFO]     |=================================== Caching Movies Library Items ===================================|
[2025-07-01 09:56:08,317] [library.py:391]            [INFO]     |                                                                                                    |
[2025-07-01 09:56:08,317] [plex.py:606]               [INFO]     | Loading All Movies from Library: Movies                                                            |
[2025-07-01 09:56:17,720] [plex.py:626]               [INFO]     | Loaded 6454 Movies                                                                                 |
[2025-07-01 09:56:17,725] [kometa.py:716]             [INFO]     |                                                                                                    |
[2025-07-01 09:56:17,725] [kometa.py:717]             [INFO]     |==================================== Mapping Scheduled Library =====================================|
[2025-07-01 09:56:17,725] [kometa.py:718]             [INFO]     |                                                                                                    |
[2025-07-01 09:56:17,989] [convert.py:408]            [INFO]     | Mapping Error | local://7450                                   | No match in Plex for "Dragon Ball Z Resurrection 'F' Super Fan Edit" |
[2025-07-01 09:56:18,097] [convert.py:408]            [INFO]     | Mapping Error | local://81862                                  | No match in Plex for "A Goofy Movie 16 Bit" |
[2025-07-01 09:56:18,136] [convert.py:402]            [DEBUG]    | TMDb: [], IMDb: [], TVDb: [138435]                                                                 |
[2025-07-01 09:56:18,136] [convert.py:405]            [INFO]     | Mapping Error | plex://movie/5f2fa396b434b2004054f846          | No ID to convert for "Harry Potter and the Deathly Weapons" |
[2025-07-01 09:56:18,153] [convert.py:408]            [INFO]     | Mapping Error | local://25216                                  | No match in Plex for "The Hobbit" |
[2025-07-01 09:56:18,189] [convert.py:405]            [INFO]     | Mapping Error | plex://movie/663f0d7e08eee4e5469ef2bc          | Refresh Metadata for "How to Rob a Bank" |
[2025-07-01 09:56:18,222] [convert.py:408]            [INFO]     | Mapping Error | local://25524                                  | No match in Plex for "The Iron Giant Signature Edition" |
[2025-07-01 09:56:18,240] [convert.py:408]            [INFO]     | Mapping Error | local://12454                                  | No match in Plex for "Jingle All the Way Family Fun Edition" |
[2025-07-01 09:56:18,552] [convert.py:402]            [DEBUG]    | TMDb: [], IMDb: [], TVDb: [318686]                                                                 |
[2025-07-01 09:56:18,552] [convert.py:405]            [INFO]     | Mapping Error | plex://movie/61ab6185ce336b93cb1160cc          | No ID to convert for "Robin Williams Remembered" |
[2025-07-01 09:56:18,824] [library.py:446]            [INFO]     |                                                                                                    |
[2025-07-01 09:56:18,825] [library.py:447]            [INFO]     | Processed 6454 Movies                                                                              |
[2025-07-01 09:56:18,825] [operations.py:32]          [INFO]     |                                                                                                    |
[2025-07-01 09:56:18,825] [operations.py:33]          [INFO]     |====================================================================================================|
[2025-07-01 09:56:18,825] [operations.py:33]          [INFO]     |                                     Movies Library Operations                                      |
[2025-07-01 09:56:18,825] [operations.py:33]          [INFO]     |====================================================================================================|
[2025-07-01 09:56:18,825] [operations.py:34]          [INFO]     |                                                                                                    |
[2025-07-01 09:56:18,825] [operations.py:35]          [DEBUG]    | Assets For All: None                                                                               |
[2025-07-01 09:56:18,825] [operations.py:36]          [DEBUG]    | Delete Collections: None                                                                           |
[2025-07-01 09:56:18,825] [operations.py:37]          [DEBUG]    | Show Unmanaged Collections: True                                                                   |
[2025-07-01 09:56:18,825] [operations.py:38]          [DEBUG]    | Show Unconfigured Collections: True                                                                |
[2025-07-01 09:56:18,825] [operations.py:39]          [DEBUG]    | Mass Genre Update: None                                                                            |
[2025-07-01 09:56:18,825] [operations.py:40]          [DEBUG]    | Mass Audience Rating Update: None                                                                  |
[2025-07-01 09:56:18,825] [operations.py:41]          [DEBUG]    | Mass Critic Rating Update: None                                                                    |
[2025-07-01 09:56:18,825] [operations.py:42]          [DEBUG]    | Mass User Rating Update: None                                                                      |
[2025-07-01 09:56:18,825] [operations.py:43]          [DEBUG]    | Mass Episode Audience Rating Update: None                                                          |
[2025-07-01 09:56:18,825] [operations.py:44]          [DEBUG]    | Mass Episode Critic Rating Update: None                                                            |
[2025-07-01 09:56:18,825] [operations.py:45]          [DEBUG]    | Mass Episode User Rating Update: None                                                              |
[2025-07-01 09:56:18,825] [operations.py:46]          [DEBUG]    | Mass Content Rating Update: None                                                                   |
[2025-07-01 09:56:18,825] [operations.py:47]          [DEBUG]    | Mass Original Title Update: None                                                                   |
[2025-07-01 09:56:18,825] [operations.py:48]          [DEBUG]    | Mass Originally Available Update: None                                                             |
[2025-07-01 09:56:18,825] [operations.py:49]          [DEBUG]    | Mass Added At Update: None                                                                         |
[2025-07-01 09:56:18,825] [operations.py:50]          [DEBUG]    | Mass IMDb Parental Labels: None                                                                    |
[2025-07-01 09:56:18,825] [operations.py:51]          [DEBUG]    | Mass Poster Update: None                                                                           |
[2025-07-01 09:56:18,825] [operations.py:52]          [DEBUG]    | Mass Background Update: None                                                                       |
[2025-07-01 09:56:18,825] [operations.py:53]          [DEBUG]    | Mass Collection Mode Update: None                                                                  |
[2025-07-01 09:56:18,825] [operations.py:54]          [DEBUG]    | Split Duplicates: None                                                                             |
[2025-07-01 09:56:18,825] [operations.py:55]          [DEBUG]    | Radarr Add All Existing: None                                                                      |
[2025-07-01 09:56:18,825] [operations.py:56]          [DEBUG]    | Radarr Remove by Tag: None                                                                         |
[2025-07-01 09:56:18,825] [operations.py:57]          [DEBUG]    | Sonarr Add All Existing: None                                                                      |
[2025-07-01 09:56:18,825] [operations.py:58]          [DEBUG]    | Sonarr Remove by Tag: None                                                                         |
[2025-07-01 09:56:18,825] [operations.py:59]          [DEBUG]    | Update Blank Track Titles: None                                                                    |
[2025-07-01 09:56:18,825] [operations.py:60]          [DEBUG]    | Update Remove Title Parentheses: None                                                              |
[2025-07-01 09:56:18,825] [operations.py:61]          [DEBUG]    | Genre Mapper: None                                                                                 |
[2025-07-01 09:56:18,825] [operations.py:62]          [DEBUG]    | Content Rating Mapper: None                                                                        |
[2025-07-01 09:56:18,825] [operations.py:63]          [DEBUG]    | Metadata Backup: None                                                                              |
[2025-07-01 09:56:18,825] [operations.py:64]          [DEBUG]    | Item Operation: False                                                                              |
[2025-07-01 09:56:18,825] [operations.py:65]          [DEBUG]    |                                                                                                    |
[2025-07-01 09:56:18,825] [operations.py:1111]        [INFO]     |                                                                                                    |
[2025-07-01 09:56:18,825] [operations.py:1112]        [INFO]     |====================================== Collection Operations =======================================|
[2025-07-01 09:56:18,825] [operations.py:1113]        [INFO]     |                                                                                                    |
[2025-07-01 09:56:20,095] [operations.py:1145]        [INFO]     |                                                                                                    |
[2025-07-01 09:56:20,095] [operations.py:1146]        [INFO]     |============================= Unmanaged Collections in Movies Library ==============================|
[2025-07-01 09:56:20,095] [operations.py:1147]        [INFO]     |                                                                                                    |
[2025-07-01 09:56:20,095] [operations.py:1149]        [INFO]     | Mighty Ducks                                                                                       |
[2025-07-01 09:56:20,095] [operations.py:1150]        [INFO]     |                                                                                                    |
[2025-07-01 09:56:20,095] [operations.py:1151]        [INFO]     | 1 Unmanaged Collection                                                                             |
[2025-07-01 09:56:20,095] [operations.py:1158]        [INFO]     |                                                                                                    |
[2025-07-01 09:56:20,095] [operations.py:1159]        [INFO]     |============================ Unconfigured Collections in Movies Library ============================|
[2025-07-01 09:56:20,095] [operations.py:1160]        [INFO]     |                                                                                                    |
[2025-07-01 09:56:20,095] [operations.py:1162]        [INFO]     | Independence Day Movies                                                                            |
[2025-07-01 09:56:20,095] [operations.py:1162]        [INFO]     | Newly Released                                                                                     |
[2025-07-01 09:56:20,095] [operations.py:1162]        [INFO]     | Plex Popular                                                                                       |
[2025-07-01 09:56:20,095] [operations.py:1162]        [INFO]     | IMDb Lowest Rated                                                                                  |
[2025-07-01 09:56:20,095] [operations.py:1162]        [INFO]     | IMDb Popular                                                                                       |
[2025-07-01 09:56:20,096] [operations.py:1162]        [INFO]     | IMDb Top 250                                                                                       |
[2025-07-01 09:56:20,096] [operations.py:1162]        [INFO]     | Plex Watched                                                                                       |
[2025-07-01 09:56:20,096] [operations.py:1162]        [INFO]     | Trakt Collected                                                                                    |
[2025-07-01 09:56:20,096] [operations.py:1162]        [INFO]     | Trakt Popular                                                                                      |
[2025-07-01 09:56:20,096] [operations.py:1162]        [INFO]     | Trakt Recommended                                                                                  |
[2025-07-01 09:56:20,096] [operations.py:1162]        [INFO]     | Trakt Trending                                                                                     |
[2025-07-01 09:56:20,096] [operations.py:1162]        [INFO]     | Trakt Watched                                                                                      |
[2025-07-01 09:56:20,096] [operations.py:1162]        [INFO]     | Weekly Random Movies                                                                               |
[2025-07-01 09:56:20,096] [operations.py:1162]        [INFO]     | Genre Collections                                                                                  |
[2025-07-01 09:56:20,096] [operations.py:1162]        [INFO]     | Action Movies                                                                                      |
[2025-07-01 09:56:20,096] [operations.py:1162]        [INFO]     | Adventure Movies                                                                                   |
[2025-07-01 09:56:20,096] [operations.py:1162]        [INFO]     | Animation Movies                                                                                   |
[2025-07-01 09:56:20,096] [operations.py:1162]        [INFO]     | Comedy Movies                                                                                      |
[2025-07-01 09:56:20,096] [operations.py:1162]        [INFO]     | Crime Movies                                                                                       |
[2025-07-01 09:56:20,096] [operations.py:1162]        [INFO]     | Documentary Movies                                                                                 |
[2025-07-01 09:56:20,096] [operations.py:1162]        [INFO]     | Drama Movies                                                                                       |
[2025-07-01 09:56:20,096] [operations.py:1162]        [INFO]     | Family Movies                                                                                      |
[2025-07-01 09:56:20,097] [operations.py:1162]        [INFO]     | Fantasy Movies                                                                                     |
[2025-07-01 09:56:20,097] [operations.py:1162]        [INFO]     | History Movies                                                                                     |
[2025-07-01 09:56:20,097] [operations.py:1162]        [INFO]     | Music Movies                                                                                       |
[2025-07-01 09:56:20,097] [operations.py:1162]        [INFO]     | Mystery Movies                                                                                     |
[2025-07-01 09:56:20,097] [operations.py:1162]        [INFO]     | Romance Movies                                                                                     |
[2025-07-01 09:56:20,097] [operations.py:1162]        [INFO]     | Science Fiction Movies                                                                             |
[2025-07-01 09:56:20,097] [operations.py:1162]        [INFO]     | Short Movies                                                                                       |
[2025-07-01 09:56:20,097] [operations.py:1162]        [INFO]     | Thriller Movies                                                                                    |
[2025-07-01 09:56:20,097] [operations.py:1162]        [INFO]     | TV Movie Movies                                                                                    |
[2025-07-01 09:56:20,097] [operations.py:1162]        [INFO]     | Based on... Collections                                                                            |
[2025-07-01 09:56:20,097] [operations.py:1162]        [INFO]     | Based on a Book                                                                                    |
[2025-07-01 09:56:20,097] [operations.py:1162]        [INFO]     | Based on a Comic                                                                                   |
[2025-07-01 09:56:20,097] [operations.py:1162]        [INFO]     | Based on a True Story                                                                              |
[2025-07-01 09:56:20,098] [operations.py:1162]        [INFO]     | Based on a Video Game                                                                              |
[2025-07-01 09:56:20,098] [operations.py:1162]        [INFO]     | 90 Minutes or Less                                                                                 |
[2025-07-01 09:56:20,098] [operations.py:1162]        [INFO]     | Decade Collections                                                                                 |
[2025-07-01 09:56:20,098] [operations.py:1162]        [INFO]     | Best of 1940s                                                                                      |
[2025-07-01 09:56:20,098] [operations.py:1162]        [INFO]     | Best of 1950s                                                                                      |
[2025-07-01 09:56:20,098] [operations.py:1162]        [INFO]     | Best of 1970s                                                                                      |
[2025-07-01 09:56:20,098] [operations.py:1162]        [INFO]     | Best of 1980s                                                                                      |
[2025-07-01 09:56:20,099] [operations.py:1162]        [INFO]     | Best of 1990s                                                                                      |
[2025-07-01 09:56:20,099] [operations.py:1162]        [INFO]     | Best of 2000s                                                                                      |
[2025-07-01 09:56:20,099] [operations.py:1162]        [INFO]     | Best of 2010s                                                                                      |
[2025-07-01 09:56:20,099] [operations.py:1162]        [INFO]     | Best of 2020s                                                                                      |
[2025-07-01 09:56:20,099] [operations.py:1162]        [INFO]     | Chicago Collection                                                                                 |
[2025-07-01 09:56:20,099] [operations.py:1162]        [INFO]     | Detroit Collection                                                                                 |
[2025-07-01 09:56:20,099] [operations.py:1162]        [INFO]     | Las Vegas Collection                                                                               |
[2025-07-01 09:56:20,099] [operations.py:1162]        [INFO]     | Los Angeles Collection                                                                             |
[2025-07-01 09:56:20,099] [operations.py:1162]        [INFO]     | New York Collection                                                                                |
[2025-07-01 09:56:20,100] [operations.py:1162]        [INFO]     | Washington D.C. Collection                                                                         |
[2025-07-01 09:56:20,100] [operations.py:1162]        [INFO]     | Universe Collections                                                                               |
[2025-07-01 09:56:20,100] [operations.py:1162]        [INFO]     | After Collection                                                                                   |
[2025-07-01 09:56:20,100] [operations.py:1162]        [INFO]     | Alien / Predator                                                                                   |
[2025-07-01 09:56:20,100] [operations.py:1162]        [INFO]     | American Pie Collection                                                                            |
[2025-07-01 09:56:20,100] [operations.py:1162]        [INFO]     | Back to the Future Trilogy                                                                         |
[2025-07-01 09:56:20,100] [operations.py:1162]        [INFO]     | Batman Collection                                                                                  |
[2025-07-01 09:56:20,100] [operations.py:1162]        [INFO]     | Beverly Hills Cop Collection                                                                       |
[2025-07-01 09:56:20,101] [operations.py:1162]        [INFO]     | Blade Trilogy                                                                                      |
[2025-07-01 09:56:20,101] [operations.py:1162]        [INFO]     | Cornetto Trilogy                                                                                   |
[2025-07-01 09:56:20,101] [operations.py:1162]        [INFO]     | Dark Knight Trilogy                                                                                |
[2025-07-01 09:56:20,101] [operations.py:1162]        [INFO]     | DC Animated Universe                                                                               |
[2025-07-01 09:56:20,101] [operations.py:1162]        [INFO]     | DC Universe                                                                                        |
[2025-07-01 09:56:20,101] [operations.py:1162]        [INFO]     | Die Hard Collection                                                                                |
[2025-07-01 09:56:20,101] [operations.py:1162]        [INFO]     | The Equalizer Collection                                                                           |
[2025-07-01 09:56:20,101] [operations.py:1162]        [INFO]     | Fast & Furious                                                                                     |
[2025-07-01 09:56:20,102] [operations.py:1162]        [INFO]     | Ghostbusters Collection                                                                            |
[2025-07-01 09:56:20,102] [operations.py:1162]        [INFO]     | The Godfather Trilogy                                                                              |
[2025-07-01 09:56:20,102] [operations.py:1162]        [INFO]     | Hannibal Lecter                                                                                    |
[2025-07-01 09:56:20,102] [operations.py:1162]        [INFO]     | The Hunger Games Collection                                                                        |
[2025-07-01 09:56:20,102] [operations.py:1162]        [INFO]     | Indiana Jones Collection                                                                           |
[2025-07-01 09:56:20,102] [operations.py:1162]        [INFO]     | IP Man                                                                                             |
[2025-07-01 09:56:20,102] [operations.py:1162]        [INFO]     | Jack Ryan Collection                                                                               |
[2025-07-01 09:56:20,102] [operations.py:1162]        [INFO]     | Jackass Collection                                                                                 |
[2025-07-01 09:56:20,102] [operations.py:1162]        [INFO]     | James Bond Collection                                                                              |
[2025-07-01 09:56:20,103] [operations.py:1162]        [INFO]     | Jason Bourne Collection                                                                            |
[2025-07-01 09:56:20,103] [operations.py:1162]        [INFO]     | John Wick Collection                                                                               |
[2025-07-01 09:56:20,103] [operations.py:1162]        [INFO]     | Jurassic Park Collection                                                                           |
[2025-07-01 09:56:20,103] [operations.py:1162]        [INFO]     | Lethal Weapon Collection                                                                           |
[2025-07-01 09:56:20,103] [operations.py:1162]        [INFO]     | Marvel Cinematic Universe                                                                          |
[2025-07-01 09:56:20,103] [operations.py:1162]        [INFO]     | The Matrix Collection                                                                              |
[2025-07-01 09:56:20,103] [operations.py:1162]        [INFO]     | Men in Black Collection                                                                            |
[2025-07-01 09:56:20,103] [operations.py:1162]        [INFO]     | Middle Earth                                                                                       |
[2025-07-01 09:56:20,103] [operations.py:1162]        [INFO]     | Mission: Impossible Collection                                                                     |
[2025-07-01 09:56:20,103] [operations.py:1162]        [INFO]     | Ocean's Collection                                                                                 |
[2025-07-01 09:56:20,103] [operations.py:1162]        [INFO]     | Pirates of the Caribbean                                                                           |
[2025-07-01 09:56:20,103] [operations.py:1162]        [INFO]     | Pokemon                                                                                            |
[2025-07-01 09:56:20,103] [operations.py:1162]        [INFO]     | Rambo Collection                                                                                   |
[2025-07-01 09:56:20,103] [operations.py:1162]        [INFO]     | Resident Evil Collection                                                                           |
[2025-07-01 09:56:20,103] [operations.py:1162]        [INFO]     | RoboCop Collection                                                                                 |
[2025-07-01 09:56:20,104] [operations.py:1162]        [INFO]     | Scooby-Doo!                                                                                        |
[2025-07-01 09:56:20,104] [operations.py:1162]        [INFO]     | Scream Collection                                                                                  |
[2025-07-01 09:56:20,104] [operations.py:1162]        [INFO]     | Shrek                                                                                              |
[2025-07-01 09:56:20,104] [operations.py:1162]        [INFO]     | Star Trek Universe                                                                                 |
[2025-07-01 09:56:20,104] [operations.py:1162]        [INFO]     | Star Wars Saga                                                                                     |
[2025-07-01 09:56:20,104] [operations.py:1162]        [INFO]     | Teenage Mutant Ninja Turtles                                                                       |
[2025-07-01 09:56:20,104] [operations.py:1162]        [INFO]     | The Terminator Collection                                                                          |
[2025-07-01 09:56:20,104] [operations.py:1162]        [INFO]     | The Chronicles of Riddick                                                                          |
[2025-07-01 09:56:20,104] [operations.py:1162]        [INFO]     | The Mummy                                                                                          |
[2025-07-01 09:56:20,104] [operations.py:1162]        [INFO]     | The Purge Collection                                                                               |
[2025-07-01 09:56:20,104] [operations.py:1162]        [INFO]     | Toy Story                                                                                          |
[2025-07-01 09:56:20,104] [operations.py:1162]        [INFO]     | Transformers Collection                                                                            |
[2025-07-01 09:56:20,105] [operations.py:1162]        [INFO]     | The Transporter Trilogy                                                                            |
[2025-07-01 09:56:20,105] [operations.py:1162]        [INFO]     | The Twilight Saga                                                                                  |
[2025-07-01 09:56:20,105] [operations.py:1162]        [INFO]     | Unbreakable                                                                                        |
[2025-07-01 09:56:20,105] [operations.py:1162]        [INFO]     | View Askewniverse                                                                                  |
[2025-07-01 09:56:20,105] [operations.py:1162]        [INFO]     | Wizarding World                                                                                    |
[2025-07-01 09:56:20,105] [operations.py:1162]        [INFO]     | X-Men Collection                                                                                   |
[2025-07-01 09:56:20,105] [operations.py:1162]        [INFO]     | Basketball Collection                                                                              |
[2025-07-01 09:56:20,105] [operations.py:1162]        [INFO]     | Blue Sky Studios                                                                                   |
[2025-07-01 09:56:20,105] [operations.py:1162]        [INFO]     | Disney Channel Original Movies                                                                     |
[2025-07-01 09:56:20,105] [operations.py:1162]        [INFO]     | Disney Collection                                                                                  |
[2025-07-01 09:56:20,105] [operations.py:1162]        [INFO]     | Disney Live-Action Remakes                                                                         |
[2025-07-01 09:56:20,106] [operations.py:1162]        [INFO]     | Dr. Seuss Collection                                                                               |
[2025-07-01 09:56:20,106] [operations.py:1162]        [INFO]     | Dragonball Z                                                                                       |
[2025-07-01 09:56:20,106] [operations.py:1162]        [INFO]     | Dreamworks Animation                                                                               |
[2025-07-01 09:56:20,106] [operations.py:1162]        [INFO]     | Get Blazed                                                                                         |
[2025-07-01 09:56:20,106] [operations.py:1162]        [INFO]     | Illumination Entertainment Collection                                                              |
[2025-07-01 09:56:20,106] [operations.py:1162]        [INFO]     | Illumination Shorts Collection                                                                     |
[2025-07-01 09:56:20,106] [operations.py:1162]        [INFO]     | John Wayne Collection                                                                              |
[2025-07-01 09:56:20,106] [operations.py:1162]        [INFO]     | Kids Movies Collection                                                                             |
[2025-07-01 09:56:20,106] [operations.py:1162]        [INFO]     | Mighty Ducks                                                                                       |
[2025-07-01 09:56:20,106] [operations.py:1162]        [INFO]     | Mind-Bending                                                                                       |
[2025-07-01 09:56:20,106] [operations.py:1162]        [INFO]     | Pixar Collection                                                                                   |
[2025-07-01 09:56:20,106] [operations.py:1162]        [INFO]     | Pixar Shorts Collection                                                                            |
[2025-07-01 09:56:20,106] [operations.py:1162]        [INFO]     | Sony Pictures Animation                                                                            |
[2025-07-01 09:56:20,106] [operations.py:1162]        [INFO]     | Star Wars The Complete Collection                                                                  |
[2025-07-01 09:56:20,106] [operations.py:1162]        [INFO]     | Top 100 Sports Movies                                                                              |
[2025-07-01 09:56:20,107] [operations.py:1162]        [INFO]     | True Crime Documentaries                                                                           |
[2025-07-01 09:56:20,107] [operations.py:1162]        [INFO]     | Walt Disney Animation Studios                                                                      |
[2025-07-01 09:56:20,107] [operations.py:1162]        [INFO]     | Wizarding World of Harry Potter                                                                    |
[2025-07-01 09:56:20,107] [operations.py:1162]        [INFO]     | Resolution Collections                                                                             |
[2025-07-01 09:56:20,107] [operations.py:1162]        [INFO]     | Other Resolution Movies                                                                            |
[2025-07-01 09:56:20,107] [operations.py:1162]        [INFO]     | 4K Movies                                                                                          |
[2025-07-01 09:56:20,107] [operations.py:1162]        [INFO]     | 1080p Movies                                                                                       |
[2025-07-01 09:56:20,107] [operations.py:1162]        [INFO]     | 720p Movies                                                                                        |
[2025-07-01 09:56:20,107] [operations.py:1162]        [INFO]     | 480p Movies                                                                                        |
[2025-07-01 09:56:20,107] [operations.py:1162]        [INFO]     | Adam Sandler                                                                                       |
[2025-07-01 09:56:20,107] [operations.py:1162]        [INFO]     | Al Pacino                                                                                          |
[2025-07-01 09:56:20,107] [operations.py:1162]        [INFO]     | Alfred Hitchcock                                                                                   |
[2025-07-01 09:56:20,107] [operations.py:1162]        [INFO]     | Amy Adams                                                                                          |
[2025-07-01 09:56:20,107] [operations.py:1162]        [INFO]     | Andrew Garfield                                                                                    |
[2025-07-01 09:56:20,107] [operations.py:1162]        [INFO]     | Angelina Jolie                                                                                     |
[2025-07-01 09:56:20,107] [operations.py:1162]        [INFO]     | Anne Hathaway                                                                                      |
[2025-07-01 09:56:20,107] [operations.py:1162]        [INFO]     | Anthony Hopkins                                                                                    |
[2025-07-01 09:56:20,108] [operations.py:1162]        [INFO]     | Antonio Banderas                                                                                   |
[2025-07-01 09:56:20,108] [operations.py:1162]        [INFO]     | Arnold Schwarzenegger                                                                              |
[2025-07-01 09:56:20,108] [operations.py:1162]        [INFO]     | Ben Affleck                                                                                        |
[2025-07-01 09:56:20,108] [operations.py:1162]        [INFO]     | Ben Stiller                                                                                        |
[2025-07-01 09:56:20,108] [operations.py:1162]        [INFO]     | Bill Murray                                                                                        |
[2025-07-01 09:56:20,108] [operations.py:1162]        [INFO]     | Brad Pitt                                                                                          |
[2025-07-01 09:56:20,108] [operations.py:1162]        [INFO]     | Brendan Fraser                                                                                     |
[2025-07-01 09:56:20,108] [operations.py:1162]        [INFO]     | Bruce Lee                                                                                          |
[2025-07-01 09:56:20,108] [operations.py:1162]        [INFO]     | Bruce Willis                                                                                       |
[2025-07-01 09:56:20,108] [operations.py:1162]        [INFO]     | Cameron Diaz                                                                                       |
[2025-07-01 09:56:20,108] [operations.py:1162]        [INFO]     | Carrie Fisher                                                                                      |
[2025-07-01 09:56:20,108] [operations.py:1162]        [INFO]     | Cate Blanchett                                                                                     |
[2025-07-01 09:56:20,109] [operations.py:1162]        [INFO]     | Catherine Zeta-Jones                                                                               |
[2025-07-01 09:56:20,109] [operations.py:1162]        [INFO]     | Channing Tatum                                                                                     |
[2025-07-01 09:56:20,109] [operations.py:1162]        [INFO]     | Charlie Chaplin                                                                                    |
[2025-07-01 09:56:20,109] [operations.py:1162]        [INFO]     | Charlize Theron                                                                                    |
[2025-07-01 09:56:20,109] [operations.py:1162]        [INFO]     | Chris Evans                                                                                        |
[2025-07-01 09:56:20,109] [operations.py:1162]        [INFO]     | Chris Hemsworth                                                                                    |
[2025-07-01 09:56:20,109] [operations.py:1162]        [INFO]     | Chris Pratt                                                                                        |
[2025-07-01 09:56:20,109] [operations.py:1162]        [INFO]     | Chris Rock                                                                                         |
[2025-07-01 09:56:20,109] [operations.py:1162]        [INFO]     | Christian Bale                                                                                     |
[2025-07-01 09:56:20,109] [operations.py:1162]        [INFO]     | Christopher Nolan                                                                                  |
[2025-07-01 09:56:20,109] [operations.py:1162]        [INFO]     | Christopher Walken                                                                                 |
[2025-07-01 09:56:20,109] [operations.py:1162]        [INFO]     | Chuck Norris                                                                                       |
[2025-07-01 09:56:20,109] [operations.py:1162]        [INFO]     | Clint Eastwood                                                                                     |
[2025-07-01 09:56:20,109] [operations.py:1162]        [INFO]     | Coen Brothers                                                                                      |
[2025-07-01 09:56:20,110] [operations.py:1162]        [INFO]     | Daniel Craig                                                                                       |
[2025-07-01 09:56:20,110] [operations.py:1162]        [INFO]     | Dave Bautista                                                                                      |
[2025-07-01 09:56:20,110] [operations.py:1162]        [INFO]     | Dave Chappelle                                                                                     |
[2025-07-01 09:56:20,110] [operations.py:1162]        [INFO]     | Denzel Washington                                                                                  |
[2025-07-01 09:56:20,110] [operations.py:1162]        [INFO]     | Diane Keaton                                                                                       |
[2025-07-01 09:56:20,110] [operations.py:1162]        [INFO]     | Don Cheadle                                                                                        |
[2025-07-01 09:56:20,110] [operations.py:1162]        [INFO]     | Dustin Hoffman                                                                                     |
[2025-07-01 09:56:20,110] [operations.py:1162]        [INFO]     | Dwayne Johnson                                                                                     |
[2025-07-01 09:56:20,110] [operations.py:1162]        [INFO]     | Eddie Murphy                                                                                       |
[2025-07-01 09:56:20,110] [operations.py:1162]        [INFO]     | Edward Norton                                                                                      |
[2025-07-01 09:56:20,110] [operations.py:1162]        [INFO]     | Elliot Page                                                                                        |
[2025-07-01 09:56:20,110] [operations.py:1162]        [INFO]     | Emily Blunt                                                                                        |
[2025-07-01 09:56:20,111] [operations.py:1162]        [INFO]     | Emma Stone                                                                                         |
[2025-07-01 09:56:20,111] [operations.py:1162]        [INFO]     | Emma Watson                                                                                        |
[2025-07-01 09:56:20,111] [operations.py:1162]        [INFO]     | Ewan McGregor                                                                                      |
[2025-07-01 09:56:20,111] [operations.py:1162]        [INFO]     | George Clooney                                                                                     |
[2025-07-01 09:56:20,111] [operations.py:1162]        [INFO]     | Gerard Butler                                                                                      |
[2025-07-01 09:56:20,111] [operations.py:1162]        [INFO]     | Harrison Ford                                                                                      |
[2025-07-01 09:56:20,111] [operations.py:1162]        [INFO]     | Hayao Miyazaki                                                                                     |
[2025-07-01 09:56:20,111] [operations.py:1162]        [INFO]     | Hugh Jackman                                                                                       |
[2025-07-01 09:56:20,111] [operations.py:1162]        [INFO]     | Ian McKellen                                                                                       |
[2025-07-01 09:56:20,111] [operations.py:1162]        [INFO]     | Ice Cube                                                                                           |
[2025-07-01 09:56:20,111] [operations.py:1162]        [INFO]     | J.J. Abrams                                                                                        |
[2025-07-01 09:56:20,111] [operations.py:1162]        [INFO]     | Jack Black                                                                                         |
[2025-07-01 09:56:20,112] [operations.py:1162]        [INFO]     | Jack Nicholson                                                                                     |
[2025-07-01 09:56:20,112] [operations.py:1162]        [INFO]     | Jackie Chan                                                                                        |
[2025-07-01 09:56:20,112] [operations.py:1162]        [INFO]     | James Cameron                                                                                      |
[2025-07-01 09:56:20,112] [operations.py:1162]        [INFO]     | James Franco                                                                                       |
[2025-07-01 09:56:20,112] [operations.py:1162]        [INFO]     | Jamie Foxx                                                                                         |
[2025-07-01 09:56:20,112] [operations.py:1162]        [INFO]     | Jason Bateman                                                                                      |
[2025-07-01 09:56:20,112] [operations.py:1162]        [INFO]     | Jason Statham                                                                                      |
[2025-07-01 09:56:20,112] [operations.py:1162]        [INFO]     | Jeff Bridges                                                                                       |
[2025-07-01 09:56:20,112] [operations.py:1162]        [INFO]     | Jeff Goldblum                                                                                      |
[2025-07-01 09:56:20,112] [operations.py:1162]        [INFO]     | Jennifer Aniston                                                                                   |
[2025-07-01 09:56:20,112] [operations.py:1162]        [INFO]     | Jennifer Lawrence                                                                                  |
[2025-07-01 09:56:20,112] [operations.py:1162]        [INFO]     | Jesse Eisenberg                                                                                    |
[2025-07-01 09:56:20,112] [operations.py:1162]        [INFO]     | Jessica Alba                                                                                       |
[2025-07-01 09:56:20,113] [operations.py:1162]        [INFO]     | Jet Li                                                                                             |
[2025-07-01 09:56:20,113] [operations.py:1162]        [INFO]     | Jim Carrey                                                                                         |
[2025-07-01 09:56:20,113] [operations.py:1162]        [INFO]     | John Candy                                                                                         |
[2025-07-01 09:56:20,113] [operations.py:1162]        [INFO]     | John Travolta                                                                                      |
[2025-07-01 09:56:20,113] [operations.py:1162]        [INFO]     | John Wayne                                                                                         |
[2025-07-01 09:56:20,113] [operations.py:1162]        [INFO]     | Johnny Depp                                                                                        |
[2025-07-01 09:56:20,113] [operations.py:1162]        [INFO]     | Julia Roberts                                                                                      |
[2025-07-01 09:56:20,113] [operations.py:1162]        [INFO]     | Kevin Bacon                                                                                        |
[2025-07-01 09:56:20,113] [operations.py:1162]        [INFO]     | Kevin Costner                                                                                      |
[2025-07-01 09:56:20,113] [operations.py:1162]        [INFO]     | Kevin Hart                                                                                         |
[2025-07-01 09:56:20,113] [operations.py:1162]        [INFO]     | Kevin Smith                                                                                        |
[2025-07-01 09:56:20,113] [operations.py:1162]        [INFO]     | Leonardo DiCaprio                                                                                  |
[2025-07-01 09:56:20,113] [operations.py:1162]        [INFO]     | Liam Neeson                                                                                        |
[2025-07-01 09:56:20,113] [operations.py:1162]        [INFO]     | Lucy Liu                                                                                           |
[2025-07-01 09:56:20,113] [operations.py:1162]        [INFO]     | M. Night Shyamalan                                                                                 |
[2025-07-01 09:56:20,113] [operations.py:1162]        [INFO]     | Mark Wahlberg                                                                                      |
[2025-07-01 09:56:20,114] [operations.py:1162]        [INFO]     | Matt Damon                                                                                         |
[2025-07-01 09:56:20,114] [operations.py:1162]        [INFO]     | Matthew McConaughey                                                                                |
[2025-07-01 09:56:20,114] [operations.py:1162]        [INFO]     | Megan Fox                                                                                          |
[2025-07-01 09:56:20,114] [operations.py:1162]        [INFO]     | Mel Brooks                                                                                         |
[2025-07-01 09:56:20,114] [operations.py:1162]        [INFO]     | Mel Gibson                                                                                         |
[2025-07-01 09:56:20,114] [operations.py:1162]        [INFO]     | Melissa McCarthy                                                                                   |
[2025-07-01 09:56:20,114] [operations.py:1162]        [INFO]     | Meryl Streep                                                                                       |
[2025-07-01 09:56:20,114] [operations.py:1162]        [INFO]     | Michael Bay                                                                                        |
[2025-07-01 09:56:20,114] [operations.py:1162]        [INFO]     | Michael Caine                                                                                      |
[2025-07-01 09:56:20,114] [operations.py:1162]        [INFO]     | Michael Keaton                                                                                     |
[2025-07-01 09:56:20,114] [operations.py:1162]        [INFO]     | Mike Myers                                                                                         |
[2025-07-01 09:56:20,114] [operations.py:1162]        [INFO]     | Mila Kunis                                                                                         |
[2025-07-01 09:56:20,114] [operations.py:1162]        [INFO]     | Milla Jovovich                                                                                     |
[2025-07-01 09:56:20,114] [operations.py:1162]        [INFO]     | Morgan Freeman                                                                                     |
[2025-07-01 09:56:20,114] [operations.py:1162]        [INFO]     | Natalie Portman                                                                                    |
[2025-07-01 09:56:20,114] [operations.py:1162]        [INFO]     | Nicolas Cage                                                                                       |
[2025-07-01 09:56:20,114] [operations.py:1162]        [INFO]     | Nicole Kidman                                                                                      |
[2025-07-01 09:56:20,115] [operations.py:1162]        [INFO]     | Orlando Bloom                                                                                      |
[2025-07-01 09:56:20,115] [operations.py:1162]        [INFO]     | Owen Wilson                                                                                        |
[2025-07-01 09:56:20,115] [operations.py:1162]        [INFO]     | Patrick Stewart                                                                                    |
[2025-07-01 09:56:20,115] [operations.py:1162]        [INFO]     | Quentin Tarantino                                                                                  |
[2025-07-01 09:56:20,115] [operations.py:1162]        [INFO]     | Reese Witherspoon                                                                                  |
[2025-07-01 09:56:20,115] [operations.py:1162]        [INFO]     | Ridley Scott                                                                                       |
[2025-07-01 09:56:20,115] [operations.py:1162]        [INFO]     | Robert De Niro                                                                                     |
[2025-07-01 09:56:20,115] [operations.py:1162]        [INFO]     | Robert Downey Jr.                                                                                  |
[2025-07-01 09:56:20,115] [operations.py:1162]        [INFO]     | Robin Williams                                                                                     |
[2025-07-01 09:56:20,115] [operations.py:1162]        [INFO]     | Rosario Dawson                                                                                     |
[2025-07-01 09:56:20,115] [operations.py:1162]        [INFO]     | Ryan Gosling                                                                                       |
[2025-07-01 09:56:20,115] [operations.py:1162]        [INFO]     | Ryan Reynolds                                                                                      |
[2025-07-01 09:56:20,115] [operations.py:1162]        [INFO]     | Sacha Baron Cohen                                                                                  |
[2025-07-01 09:56:20,115] [operations.py:1162]        [INFO]     | Samuel L. Jackson                                                                                  |
[2025-07-01 09:56:20,115] [operations.py:1162]        [INFO]     | Sandra Bullock                                                                                     |
[2025-07-01 09:56:20,115] [operations.py:1162]        [INFO]     | Scarlett Johansson                                                                                 |
[2025-07-01 09:56:20,116] [operations.py:1162]        [INFO]     | Sean Connery                                                                                       |
[2025-07-01 09:56:20,116] [operations.py:1162]        [INFO]     | Seth Rogen                                                                                         |
[2025-07-01 09:56:20,116] [operations.py:1162]        [INFO]     | Shia LaBeouf                                                                                       |
[2025-07-01 09:56:20,116] [operations.py:1162]        [INFO]     | Steve Buscemi                                                                                      |
[2025-07-01 09:56:20,116] [operations.py:1162]        [INFO]     | Steve Carell                                                                                       |
[2025-07-01 09:56:20,116] [operations.py:1162]        [INFO]     | Steve Martin                                                                                       |
[2025-07-01 09:56:20,116] [operations.py:1162]        [INFO]     | Steve McQueen                                                                                      |
[2025-07-01 09:56:20,116] [operations.py:1162]        [INFO]     | Steven Seagal                                                                                      |
[2025-07-01 09:56:20,116] [operations.py:1162]        [INFO]     | Steven Spielberg                                                                                   |
[2025-07-01 09:56:20,116] [operations.py:1162]        [INFO]     | Sylvester Stallone                                                                                 |
[2025-07-01 09:56:20,116] [operations.py:1162]        [INFO]     | Tim Burton                                                                                         |
[2025-07-01 09:56:20,116] [operations.py:1162]        [INFO]     | Tom Cruise                                                                                         |
[2025-07-01 09:56:20,116] [operations.py:1162]        [INFO]     | Tom Hanks                                                                                          |
[2025-07-01 09:56:20,116] [operations.py:1162]        [INFO]     | Tommy Lee Jones                                                                                    |
[2025-07-01 09:56:20,116] [operations.py:1162]        [INFO]     | Vin Diesel                                                                                         |
[2025-07-01 09:56:20,116] [operations.py:1162]        [INFO]     | Vince Vaughn                                                                                       |
[2025-07-01 09:56:20,116] [operations.py:1162]        [INFO]     | Wesley Snipes                                                                                      |
[2025-07-01 09:56:20,117] [operations.py:1162]        [INFO]     | Will Ferrell                                                                                       |
[2025-07-01 09:56:20,117] [operations.py:1162]        [INFO]     | Will Smith                                                                                         |
[2025-07-01 09:56:20,117] [operations.py:1162]        [INFO]     | Woody Harrelson                                                                                    |
[2025-07-01 09:56:20,117] [operations.py:1162]        [INFO]     | Zack Snyder                                                                                        |
[2025-07-01 09:56:20,117] [operations.py:1163]        [INFO]     |                                                                                                    |
[2025-07-01 09:56:20,117] [operations.py:1164]        [INFO]     | 279 Unconfigured Collections                                                                       |
[2025-07-01 09:56:20,117] [operations.py:1253]        [INFO]     |                                                                                                    |
[2025-07-01 09:56:20,117] [operations.py:1254]        [INFO]     |====================================================================================================|
[2025-07-01 09:56:20,117] [operations.py:1254]        [INFO]     |                                 Finished Movies Library Operations                                 |
[2025-07-01 09:56:20,117] [operations.py:1254]        [INFO]     |                                    Operations Run Time: 0:00:01                                    |
[2025-07-01 09:56:20,117] [operations.py:1254]        [INFO]     |====================================================================================================|
[2025-07-01 09:56:20,117] [kometa.py:737]             [INFO]     |                                                                                                    |
[2025-07-01 09:56:20,117] [kometa.py:738]             [INFO]     |====================================================================================================|
[2025-07-01 09:56:20,117] [kometa.py:738]             [INFO]     |                                    Running year Collection File                                    |
[2025-07-01 09:56:20,117] [kometa.py:738]             [INFO]     |                                                year                                                |
[2025-07-01 09:56:20,117] [kometa.py:738]             [INFO]     |====================================================================================================|
[2025-07-01 09:56:20,118] [kometa.py:745]             [INFO]     |                                                                                                    |
[2025-07-01 09:56:20,118] [kometa.py:746]             [INFO]     |====================================================================================================|
[2025-07-01 09:56:20,118] [kometa.py:746]             [INFO]     |                                            Collections                                             |
[2025-07-01 09:56:20,118] [kometa.py:746]             [INFO]     |====================================================================================================|
[2025-07-01 09:56:20,118] [kometa.py:796]             [INFO]     |                                                                                                    |
[2025-07-01 09:56:20,118] [builder.py:204]            [INFO]     |====================================================================================================|
[2025-07-01 09:56:20,118] [builder.py:204]            [INFO]     |                               Year Collections Collection in Movies                                |
[2025-07-01 09:56:20,118] [builder.py:204]            [INFO]     |====================================================================================================|
[2025-07-01 09:56:20,118] [builder.py:205]            [INFO]     |                                                                                                    |
[2025-07-01 09:56:20,118] [builder.py:216]            [INFO]     |================================ Building Definition From Templates ================================|
[2025-07-01 09:56:20,118] [builder.py:217]            [DEBUG]    |                                                                                                    |
[2025-07-01 09:56:20,118] [builder.py:227]            [DEBUG]    | Templates Called: separator                                                                        |
[2025-07-01 09:56:20,118] [builder.py:228]            [DEBUG]    |                                                                                                    |
[2025-07-01 09:56:20,119] [meta.py:367]               [DEBUG]    |                                                                                                    |
[2025-07-01 09:56:20,119] [meta.py:368]               [DEBUG]    | Conditional: use_blank                                                                             |
[2025-07-01 09:56:20,125] [meta.py:598]               [DEBUG]    |==================================== Final Template Attributes =====================================|
[2025-07-01 09:56:20,125] [meta.py:599]               [DEBUG]    |                                                                                                    |
[2025-07-01 09:56:20,125] [meta.py:600]               [DEBUG]    | {'run_definition': False, 'sort_title': '!010_!<<title>>', 'blank_collection': True, 'url_poster': 'https://raw.githubusercontent.com/Kometa-Team/Default-Images/master/separators/orig/year.jpg', 'translation_key': 'separator', 'key_name': 'Year'} |
[2025-07-01 09:56:20,125] [meta.py:601]               [DEBUG]    |                                                                                                    |
[2025-07-01 09:56:20,125] [builder.py:244]            [INFO]     |============================== Validating Year Collections Attributes ==============================|
[2025-07-01 09:56:20,209] [builder.py:283]            [DEBUG]    |                                                                                                    |
[2025-07-01 09:56:20,209] [builder.py:284]            [DEBUG]    | Validating Method: key_name                                                                        |
[2025-07-01 09:56:20,209] [builder.py:297]            [DEBUG]    | Value: Year                                                                                        |
[2025-07-01 09:56:20,209] [builder.py:309]            [DEBUG]    |                                                                                                    |
[2025-07-01 09:56:20,209] [builder.py:310]            [DEBUG]    | Validating Method: translation_key                                                                 |
[2025-07-01 09:56:20,209] [builder.py:313]            [DEBUG]    | Value: separator                                                                                   |
[2025-07-01 09:56:20,210] [builder.py:393]            [INFO]     | Final Name: Year Collections                                                                       |
[2025-07-01 09:56:20,270] [plex.py:1069]              [DEBUG]    |                                                                                                    |
[2025-07-01 09:56:20,270] [plex.py:1072]              [DEBUG]    | Looking for: Year Collections                                                                      |
[2025-07-01 09:56:20,271] [builder.py:436]            [DEBUG]    |                                                                                                    |
[2025-07-01 09:56:20,271] [builder.py:437]            [DEBUG]    | Validating Method: run_definition                                                                  |
[2025-07-01 09:56:20,271] [builder.py:440]            [DEBUG]    | Value: False                                                                                       |
[2025-07-01 09:56:20,271] [kometa.py:952]             [INFO]     | Skipped because run_definition is false                                                            |
[2025-07-01 09:56:20,271] [kometa.py:977]             [INFO]     |                                                                                                    |
[2025-07-01 09:56:20,271] [kometa.py:978]             [INFO]     |====================================================================================================|
[2025-07-01 09:56:20,271] [kometa.py:978]             [INFO]     |                                Finished Year Collections Collection                                |
[2025-07-01 09:56:20,271] [kometa.py:978]             [INFO]     |                                    Collection Run Time: 0:00:00                                    |
[2025-07-01 09:56:20,271] [kometa.py:978]             [INFO]     |====================================================================================================|
[2025-07-01 09:56:20,271] [builder.py:204]            [INFO]     |====================================================================================================|
[2025-07-01 09:56:20,271] [builder.py:204]            [INFO]     |                                 Best of 2024 Collection in Movies                                  |
[2025-07-01 09:56:20,271] [builder.py:204]            [INFO]     |====================================================================================================|
[2025-07-01 09:56:20,271] [builder.py:205]            [INFO]     |                                                                                                    |
[2025-07-01 09:56:20,271] [builder.py:216]            [INFO]     |================================ Building Definition From Templates ================================|
[2025-07-01 09:56:20,271] [builder.py:217]            [DEBUG]    |                                                                                                    |
[2025-07-01 09:56:20,271] [builder.py:227]            [DEBUG]    | Templates Called: smart_filter, shared                                                             |
[2025-07-01 09:56:20,271] [builder.py:228]            [DEBUG]    |                                                                                                    |
[2025-07-01 09:56:20,273] [meta.py:367]               [DEBUG]    |                                                                                                    |
[2025-07-01 09:56:20,273] [meta.py:368]               [DEBUG]    | Conditional: name_<<key>>                                                                          |
[2025-07-01 09:56:20,273] [meta.py:367]               [DEBUG]    |                                                                                                    |
[2025-07-01 09:56:20,273] [meta.py:368]               [DEBUG]    | Conditional: summary_<<key>>                                                                       |
[2025-07-01 09:56:20,273] [meta.py:367]               [DEBUG]    |                                                                                                    |
[2025-07-01 09:56:20,273] [meta.py:368]               [DEBUG]    | Conditional: url_poster_<<key>>                                                                    |
[2025-07-01 09:56:20,273] [meta.py:367]               [DEBUG]    |                                                                                                    |
[2025-07-01 09:56:20,273] [meta.py:368]               [DEBUG]    | Conditional: final_use                                                                             |
[2025-07-01 09:56:20,280] [meta.py:598]               [DEBUG]    |==================================== Final Template Attributes =====================================|
[2025-07-01 09:56:20,280] [meta.py:599]               [DEBUG]    |                                                                                                    |
[2025-07-01 09:56:20,280] [meta.py:600]               [DEBUG]    | {'smart_filter': {'sort_by': 'critic_rating.desc', 'limit': 25, 'any': {'year': ['2024']}}, 'translation_key': 'year', 'key_name': '2024', 'summary': 'Top 25 movies of 2024. Sorted by critic rating.', 'limit': 25, 'ignore_blank_results': True, 'sort_title': '!010_<<title>>', 'url_poster': 'https://raw.githubusercontent.com/Kometa-Team/Default-Images/master/year/best/2024.jpg', 'schedule': 'range(01/01-02/28)'} |
[2025-07-01 09:56:20,280] [meta.py:601]               [DEBUG]    |                                                                                                    |
[2025-07-01 09:56:20,280] [builder.py:244]            [INFO]     |================================ Validating Best of 2024 Attributes ================================|
[2025-07-01 09:56:20,280] [builder.py:272]            [DEBUG]    |                                                                                                    |
[2025-07-01 09:56:20,280] [builder.py:273]            [DEBUG]    | Validating Method: limit                                                                           |
[2025-07-01 09:56:20,280] [builder.py:283]            [DEBUG]    |                                                                                                    |
[2025-07-01 09:56:20,281] [builder.py:284]            [DEBUG]    | Validating Method: key_name                                                                        |
[2025-07-01 09:56:20,281] [builder.py:297]            [DEBUG]    | Value: 2024                                                                                        |
[2025-07-01 09:56:20,281] [builder.py:309]            [DEBUG]    |                                                                                                    |
[2025-07-01 09:56:20,281] [builder.py:310]            [DEBUG]    | Validating Method: translation_key                                                                 |
[2025-07-01 09:56:20,281] [builder.py:313]            [DEBUG]    | Value: year                                                                                        |
[2025-07-01 09:56:20,281] [builder.py:393]            [INFO]     | Final Name: Best of 2024                                                                           |
[2025-07-01 09:56:20,339] [plex.py:1069]              [DEBUG]    |                                                                                                    |
[2025-07-01 09:56:20,339] [plex.py:1072]              [DEBUG]    | Looking for: Best of 2024                                                                          |
[2025-07-01 09:56:20,339] [builder.py:640]            [DEBUG]    |                                                                                                    |
[2025-07-01 09:56:20,339] [builder.py:641]            [DEBUG]    | Validating Method: ignore_blank_results                                                            |
[2025-07-01 09:56:20,339] [builder.py:642]            [DEBUG]    | Value: True                                                                                        |
[2025-07-01 09:56:20,339] [builder.py:683]            [DEBUG]    |                                                                                                    |
[2025-07-01 09:56:20,339] [builder.py:684]            [DEBUG]    | Validating Method: schedule                                                                        |
[2025-07-01 09:56:20,339] [builder.py:688]            [DEBUG]    | Value: range(01/01-02/28)                                                                          |
[2025-07-01 09:56:20,394] [plex.py:1069]              [DEBUG]    |                                                                                                    |
[2025-07-01 09:56:20,394] [plex.py:1072]              [DEBUG]    | Looking for: Best of 2024                                                                          |
[2025-07-01 09:56:20,394] [kometa.py:952]             [INFO]     |                                                                                                    |
                                                                 | Scheduled January 1st and February 28th                                                            |
                                                                 |                                                                                                    |
                                                                 | Collection Best of 2024 not scheduled to run and could not be found to delete                      |
[2025-07-01 09:56:20,394] [kometa.py:977]             [INFO]     |                                                                                                    |
[2025-07-01 09:56:20,394] [kometa.py:978]             [INFO]     |====================================================================================================|
[2025-07-01 09:56:20,394] [kometa.py:978]             [INFO]     |                                  Finished Best of 2024 Collection                                  |
[2025-07-01 09:56:20,394] [kometa.py:978]             [INFO]     |                                    Collection Run Time: 0:00:00                                    |
[2025-07-01 09:56:20,394] [kometa.py:978]             [INFO]     |====================================================================================================|
[2025-07-01 09:56:20,394] [kometa.py:630]             [INFO]     |                                                                                                    |
[2025-07-01 09:56:20,394] [kometa.py:631]             [INFO]     |====================================================================================================|
[2025-07-01 09:56:20,394] [kometa.py:631]             [INFO]     |                                           Movies Library                                           |
[2025-07-01 09:56:20,395] [kometa.py:631]             [INFO]     |====================================================================================================|
[2025-07-01 09:56:20,395] [kometa.py:633]             [DEBUG]    |                                                                                                    |
[2025-07-01 09:56:20,395] [kometa.py:634]             [DEBUG]    | Library Name: Movies                                                                               |
[2025-07-01 09:56:20,395] [kometa.py:635]             [DEBUG]    | Run Order: operations, metadata, collections, overlays                                             |
[2025-07-01 09:56:20,395] [kometa.py:636]             [DEBUG]    | Folder Name: Movies                                                                                |
[2025-07-01 09:56:20,395] [kometa.py:638]             [DEBUG]    | Asset Directory: config/assets/plex/Movies                                                         |
[2025-07-01 09:56:20,395] [kometa.py:639]             [DEBUG]    | Asset Folders: True                                                                                |
[2025-07-01 09:56:20,395] [kometa.py:640]             [DEBUG]    | Asset Depth: 2                                                                                     |
[2025-07-01 09:56:20,395] [kometa.py:641]             [DEBUG]    | Create Asset Folders: True                                                                         |
[2025-07-01 09:56:20,395] [kometa.py:642]             [DEBUG]    | Prioritize Assets: True                                                                            |
[2025-07-01 09:56:20,395] [kometa.py:643]             [DEBUG]    | Dimensional Asset Rename: False                                                                    |
[2025-07-01 09:56:20,395] [kometa.py:644]             [DEBUG]    | Download URL Assets: True                                                                          |
[2025-07-01 09:56:20,395] [kometa.py:645]             [DEBUG]    | Show Missing Assets: False                                                                         |
[2025-07-01 09:56:20,395] [kometa.py:646]             [DEBUG]    | Show Missing Season Assets: False                                                                  |
[2025-07-01 09:56:20,395] [kometa.py:647]             [DEBUG]    | Show Missing Episode Assets: False                                                                 |
[2025-07-01 09:56:20,395] [kometa.py:648]             [DEBUG]    | Show Assets Not Needed: False                                                                      |
[2025-07-01 09:56:20,395] [kometa.py:649]             [DEBUG]    | Sync Mode: append                                                                                  |
[2025-07-01 09:56:20,395] [kometa.py:650]             [DEBUG]    | Minimum Items: 1                                                                                   |
[2025-07-01 09:56:20,395] [kometa.py:651]             [DEBUG]    | Delete Below Minimum: True                                                                         |
[2025-07-01 09:56:20,395] [kometa.py:652]             [DEBUG]    | Delete Not Scheduled: False                                                                        |
[2025-07-01 09:56:20,395] [kometa.py:653]             [DEBUG]    | Default Collection Order: None                                                                     |
[2025-07-01 09:56:20,395] [kometa.py:654]             [DEBUG]    | Missing Only Released: False                                                                       |
[2025-07-01 09:56:20,395] [kometa.py:655]             [DEBUG]    | Only Filter Missing: False                                                                         |
[2025-07-01 09:56:20,395] [kometa.py:656]             [DEBUG]    | Show Unmanaged: True                                                                               |
[2025-07-01 09:56:20,395] [kometa.py:657]             [DEBUG]    | Show Unconfigured: True                                                                            |
[2025-07-01 09:56:20,395] [kometa.py:658]             [DEBUG]    | Show Filtered: False                                                                               |
[2025-07-01 09:56:20,395] [kometa.py:659]             [DEBUG]    | Show Unfiltered: False                                                                             |
[2025-07-01 09:56:20,395] [kometa.py:660]             [DEBUG]    | Show Options: True                                                                                 |
[2025-07-01 09:56:20,395] [kometa.py:661]             [DEBUG]    | Show Missing: False                                                                                |
[2025-07-01 09:56:20,395] [kometa.py:662]             [DEBUG]    | Save Report: False                                                                                 |
[2025-07-01 09:56:20,395] [kometa.py:663]             [DEBUG]    | Report Path: /Users/zacharygoodnite/Kometa/config/Movies_report.yml                                |
[2025-07-01 09:56:20,395] [kometa.py:664]             [DEBUG]    | Ignore IDs: []                                                                                     |
[2025-07-01 09:56:20,395] [kometa.py:665]             [DEBUG]    | Ignore IMDb IDs: []                                                                                |
[2025-07-01 09:56:20,395] [kometa.py:666]             [DEBUG]    | Item Refresh Delay: 0                                                                              |
[2025-07-01 09:56:20,395] [kometa.py:667]             [DEBUG]    | Clean Bundles: False                                                                               |
[2025-07-01 09:56:20,396] [kometa.py:668]             [DEBUG]    | Empty Trash: True                                                                                  |
[2025-07-01 09:56:20,396] [kometa.py:669]             [DEBUG]    | Optimize: True                                                                                     |
[2025-07-01 09:56:20,396] [kometa.py:670]             [DEBUG]    | Timeout: 60                                                                                        |
[2025-07-01 09:56:20,396] [library.py:389]            [INFO]     |                                                                                                    |
[2025-07-01 09:56:20,396] [library.py:390]            [INFO]     |=================================== Caching Movies Library Items ===================================|
[2025-07-01 09:56:20,396] [library.py:391]            [INFO]     |                                                                                                    |
[2025-07-01 09:56:20,396] [plex.py:606]               [INFO]     | Loading All Movies from Library: Movies                                                            |
[2025-07-01 09:56:29,426] [plex.py:626]               [INFO]     | Loaded 6454 Movies                                                                                 |
[2025-07-01 09:56:29,555] [kometa.py:716]             [INFO]     |                                                                                                    |
[2025-07-01 09:56:29,555] [kometa.py:717]             [INFO]     |====================================== Mapping Movies Library ======================================|
[2025-07-01 09:56:29,555] [kometa.py:718]             [INFO]     |                                                                                                    |
[2025-07-01 09:56:29,798] [convert.py:408]            [INFO]     | Mapping Error | local://7450                                   | No match in Plex for "Dragon Ball Z Resurrection 'F' Super Fan Edit" |
[2025-07-01 09:56:29,869] [kometa.py:791]             [DEBUG]    | Traceback (most recent call last):                                                                 |
                                                                 |   File "/Volumes/MacOS/Servers/Kometa/kometa.py", line 719, in run_libraries                       |
                                                                 |     library.map_guids(temp_items)                                                                  |
                                                                 |     ~~~~~~~~~~~~~~~~~^^^^^^^^^^^^                                                                  |
                                                                 |   File "/Volumes/MacOS/Servers/Kometa/modules/library.py", line 411, in map_guids                  |
                                                                 |     id_type, main_id, imdb_id = self.config.Convert.get_id(item, self)                             |
                                                                 |                                 ~~~~~~~~~~~~~~~~~~~~~~~~~~^^^^^^^^^^^^                             |
                                                                 |   File "/Volumes/MacOS/Servers/Kometa/modules/convert.py", line 290, in get_id                     |
                                                                 |     media_id_type, cache_id, imdb_check, expired = self.ids_from_cache(item.ratingKey, item.guid, item_type, check_id, library) |
                                                                 |                                                    ~~~~~~~~~~~~~~~~~~~^^^^^^^^^^^^^^^^^^^^^^^^^^^^^^^^^^^^^^^^^^^^^^^^^^^^^^^^^ |
                                                                 |   File "/Volumes/MacOS/Servers/Kometa/modules/convert.py", line 269, in ids_from_cache             |
                                                                 |     cache_id, imdb_check, media_type, expired = self.cache.query_guid_map(guid)                    |
                                                                 |                                                 ~~~~~~~~~~~~~~~~~~~~~~~~~^^^^^^                    |
                                                                 |   File "/Volumes/MacOS/Servers/Kometa/modules/cache.py", line 343, in query_guid_map               |
                                                                 |     cursor.execute(f"SELECT * FROM guids_map WHERE plex_guid = ?", (plex_guid,))                   |
                                                                 |     ~~~~~~~~~~~~~~^^^^^^^^^^^^^^^^^^^^^^^^^^^^^^^^^^^^^^^^^^^^^^^^^^^^^^^^^^^^^^                   |
                                                                 | sqlite3.OperationalError: disk I/O error                                                           |
                                                                 |                                                                                                    |
[2025-07-01 09:56:29,869] [kometa.py:792]             [CRITICAL] | disk I/O error                                                                                     |
[2025-07-01 09:56:29,869] [kometa.py:630]             [INFO]     |                                                                                                    |
[2025-07-01 09:56:29,869] [kometa.py:631]             [INFO]     |====================================================================================================|
[2025-07-01 09:56:29,869] [kometa.py:631]             [INFO]     |                                          TV Shows Library                                          |
[2025-07-01 09:56:29,869] [kometa.py:631]             [INFO]     |====================================================================================================|
[2025-07-01 09:56:29,869] [kometa.py:633]             [DEBUG]    |                                                                                                    |
[2025-07-01 09:56:29,869] [kometa.py:634]             [DEBUG]    | Library Name: TV Shows                                                                             |
[2025-07-01 09:56:29,869] [kometa.py:635]             [DEBUG]    | Run Order: operations, metadata, collections, overlays                                             |
[2025-07-01 09:56:29,869] [kometa.py:636]             [DEBUG]    | Folder Name: TV Shows                                                                              |
[2025-07-01 09:56:29,869] [kometa.py:638]             [DEBUG]    | Asset Directory: config/assets/plex/Movies                                                         |
[2025-07-01 09:56:29,869] [kometa.py:639]             [DEBUG]    | Asset Folders: True                                                                                |
[2025-07-01 09:56:29,869] [kometa.py:640]             [DEBUG]    | Asset Depth: 2                                                                                     |
[2025-07-01 09:56:29,869] [kometa.py:641]             [DEBUG]    | Create Asset Folders: True                                                                         |
[2025-07-01 09:56:29,869] [kometa.py:642]             [DEBUG]    | Prioritize Assets: True                                                                            |
[2025-07-01 09:56:29,869] [kometa.py:643]             [DEBUG]    | Dimensional Asset Rename: False                                                                    |
[2025-07-01 09:56:29,869] [kometa.py:644]             [DEBUG]    | Download URL Assets: True                                                                          |
[2025-07-01 09:56:29,869] [kometa.py:645]             [DEBUG]    | Show Missing Assets: False                                                                         |
[2025-07-01 09:56:29,869] [kometa.py:646]             [DEBUG]    | Show Missing Season Assets: False                                                                  |
[2025-07-01 09:56:29,869] [kometa.py:647]             [DEBUG]    | Show Missing Episode Assets: False                                                                 |
[2025-07-01 09:56:29,869] [kometa.py:648]             [DEBUG]    | Show Assets Not Needed: False                                                                      |
[2025-07-01 09:56:29,869] [kometa.py:649]             [DEBUG]    | Sync Mode: append                                                                                  |
[2025-07-01 09:56:29,870] [kometa.py:650]             [DEBUG]    | Minimum Items: 1                                                                                   |
[2025-07-01 09:56:29,870] [kometa.py:651]             [DEBUG]    | Delete Below Minimum: True                                                                         |
[2025-07-01 09:56:29,870] [kometa.py:652]             [DEBUG]    | Delete Not Scheduled: False                                                                        |
[2025-07-01 09:56:29,870] [kometa.py:653]             [DEBUG]    | Default Collection Order: None                                                                     |
[2025-07-01 09:56:29,870] [kometa.py:654]             [DEBUG]    | Missing Only Released: False                                                                       |
[2025-07-01 09:56:29,870] [kometa.py:655]             [DEBUG]    | Only Filter Missing: False                                                                         |
[2025-07-01 09:56:29,870] [kometa.py:656]             [DEBUG]    | Show Unmanaged: True                                                                               |
[2025-07-01 09:56:29,870] [kometa.py:657]             [DEBUG]    | Show Unconfigured: True                                                                            |
[2025-07-01 09:56:29,870] [kometa.py:658]             [DEBUG]    | Show Filtered: False                                                                               |
[2025-07-01 09:56:29,870] [kometa.py:659]             [DEBUG]    | Show Unfiltered: False                                                                             |
[2025-07-01 09:56:29,870] [kometa.py:660]             [DEBUG]    | Show Options: True                                                                                 |
[2025-07-01 09:56:29,870] [kometa.py:661]             [DEBUG]    | Show Missing: False                                                                                |
[2025-07-01 09:56:29,870] [kometa.py:662]             [DEBUG]    | Save Report: False                                                                                 |
[2025-07-01 09:56:29,870] [kometa.py:663]             [DEBUG]    | Report Path: /Users/zacharygoodnite/Kometa/config/TV Shows_report.yml                              |
[2025-07-01 09:56:29,870] [kometa.py:664]             [DEBUG]    | Ignore IDs: []                                                                                     |
[2025-07-01 09:56:29,870] [kometa.py:665]             [DEBUG]    | Ignore IMDb IDs: []                                                                                |
[2025-07-01 09:56:29,870] [kometa.py:666]             [DEBUG]    | Item Refresh Delay: 0                                                                              |
[2025-07-01 09:56:29,870] [kometa.py:667]             [DEBUG]    | Clean Bundles: False                                                                               |
[2025-07-01 09:56:29,870] [kometa.py:668]             [DEBUG]    | Empty Trash: True                                                                                  |
[2025-07-01 09:56:29,870] [kometa.py:669]             [DEBUG]    | Optimize: True                                                                                     |
[2025-07-01 09:56:29,870] [kometa.py:670]             [DEBUG]    | Timeout: 60                                                                                        |
[2025-07-01 09:56:29,870] [library.py:389]            [INFO]     |                                                                                                    |
[2025-07-01 09:56:29,870] [library.py:390]            [INFO]     |================================== Caching TV Shows Library Items ==================================|
[2025-07-01 09:56:29,870] [library.py:391]            [INFO]     |                                                                                                    |
[2025-07-01 09:56:29,870] [plex.py:606]               [INFO]     | Loading All Shows from Library: TV Shows                                                           |
[2025-07-01 09:56:30,636] [plex.py:626]               [INFO]     | Loaded 250 Shows                                                                                   |
[2025-07-01 09:56:30,636] [kometa.py:716]             [INFO]     |                                                                                                    |
[2025-07-01 09:56:30,636] [kometa.py:717]             [INFO]     |===================================== Mapping TV Shows Library =====================================|
[2025-07-01 09:56:30,636] [kometa.py:718]             [INFO]     |                                                                                                    |
[2025-07-01 09:56:30,636] [convert.py:389]            [INFO]     |  Cache  |  +  | plex://show/5d9c08692192ba001f30f7ca           | TVDb ID: 272156  | IMDb ID: tt2345459  | 8 Out of 10 Cats Does Countdown |
[2025-07-01 09:56:30,637] [convert.py:389]            [INFO]     |  Cache  |  +  | plex://show/5d9c08713c3f87001f3505b6           | TVDb ID: 76290   | IMDb ID: tt0285331  | 24 |
[2025-07-01 09:56:30,638] [convert.py:389]            [INFO]     |  Cache  |  +  | plex://show/5d9c086d705e7a001e6dc723           | TVDb ID: 268592  | IMDb ID: tt2661044  | The 100 |
[2025-07-01 09:56:30,638] [convert.py:389]            [INFO]     |  Cache  |  +  | plex://show/5d9c0872705e7a001e6dd573           | TVDb ID: 71492   | IMDb ID: tt0108684  | Aaahh!!! Real Monsters |
[2025-07-01 09:56:30,639] [convert.py:389]            [INFO]     |  Cache  |  +  | plex://show/6280dc2fa229a1b4dfd535e6           | TVDb ID: 402879  | IMDb ID: tt7949212  | Accused (US) |
[2025-07-01 09:56:30,640] [convert.py:389]            [INFO]     |  Cache  |  +  | plex://show/65f48a3d97ad9a728e5208f5           | TVDb ID: 452467  | IMDb ID: tt31806037 | Adolescence |
[2025-07-01 09:56:30,641] [convert.py:389]            [INFO]     |  Cache  |  +  | plex://show/5d9c07f72df347001e3a70b4           | TVDb ID: 152831  | IMDb ID: tt1305826  | Adventure Time |
[2025-07-01 09:56:30,641] [convert.py:389]            [INFO]     |  Cache  |  +  | plex://show/5d9c08737d06d9001ffd317c           | TVDb ID: 77612   | IMDb ID: tt0320808  | The Adventures of Jimmy Neutron: Boy Genius |
[2025-07-01 09:56:30,642] [convert.py:389]            [INFO]     |  Cache  |  +  | plex://show/5d9c08712192ba001f310c99           | TVDb ID: 76081   | IMDb ID: tt0088528  | Adventures of the Gummi Bears |
[2025-07-01 09:56:30,642] [convert.py:389]            [INFO]     |  Cache  |  +  | plex://show/5d9c08002df347001e3a812a           | TVDb ID: 75208   | IMDb ID: tt0111875  | All That |
[2025-07-01 09:56:30,643] [convert.py:389]            [INFO]     |  Cache  |  +  | plex://show/5d9c084de98e47001eb0c1d4           | TVDb ID: 248482  | IMDb ID: tt1942683  | The Amazing World of Gumball |
[2025-07-01 09:56:30,644] [convert.py:389]            [INFO]     |  Cache  |  +  | plex://show/5d9c086c7d06d9001ffd27b2           | TVDb ID: 73141   | IMDb ID: tt0397306  | American Dad! |
[2025-07-01 09:56:30,644] [convert.py:389]            [INFO]     |  Cache  |  +  | plex://show/5d9c086c02391c001f5891c7           | TVDb ID: 250487  | IMDb ID: tt1844624  | American Horror Story |
[2025-07-01 09:56:30,645] [convert.py:389]            [INFO]     |  Cache  |  +  | plex://show/639172717cce3db141c788d5           | TVDb ID: 428066  | IMDb ID: tt24069848 | American Primeval |
[2025-07-01 09:56:30,646] [convert.py:389]            [INFO]     |  Cache  |  +  | plex://show/5d9c09123c3f87001f35b9ca           | TVDb ID: 393189  | IMDb ID: tt9253284  | Andor |
[2025-07-01 09:56:30,646] [convert.py:389]            [INFO]     |  Cache  |  +  | plex://show/5e1612eae68804001e87c4a3           | TVDb ID: 371028  | IMDb ID: tt11126994 | Arcane |
[2025-07-01 09:56:30,647] [convert.py:389]            [INFO]     |  Cache  |  +  | plex://show/5d9c086f2df347001e3b27b0           | TVDb ID: 72173   | IMDb ID: tt0367279  | Arrested Development |
[2025-07-01 09:56:30,647] [convert.py:389]            [INFO]     |  Cache  |  +  | plex://show/5d9c086c02391c001f5891cf           | TVDb ID: 257655  | IMDb ID: tt2193021  | Arrow |
[2025-07-01 09:56:30,648] [convert.py:389]            [INFO]     |  Cache  |  +  | plex://show/5d9c08741cae62001f74cc1e           | TVDb ID: 74678   | IMDb ID: tt0169414  | Arthur |
[2025-07-01 09:56:30,649] [convert.py:389]            [INFO]     |  Cache  |  +  | plex://show/5d9c08714eefaa001f5dda12           | TVDb ID: 81705   | IMDb ID: tt0235911  | As Told By Ginger |
[2025-07-01 09:56:30,649] [convert.py:389]            [INFO]     |  Cache  |  +  | plex://show/5d9c090d7b5c2e001e665fa5           | TVDb ID: 385925  | IMDb ID: tt9018736  | Avatar: The Last Airbender (2024) |
[2025-07-01 09:56:30,650] [convert.py:389]            [INFO]     |  Cache  |  +  | plex://show/6112643cfc96b7002c11dbea           | TVDb ID: 408436  | IMDb ID: tt15203646 | Bad Monkey |
[2025-07-01 09:56:30,650] [convert.py:389]            [INFO]     |  Cache  |  +  | plex://show/5d9c08684eefaa001f5dc6f0           | TVDb ID: 281714  | IMDb ID: tt2891574  | Ballers |
[2025-07-01 09:56:30,651] [convert.py:389]            [INFO]     |  Cache  |  +  | plex://show/5d9c086a46115600200aa0fb           | TVDb ID: 262414  | IMDb ID: tt2188671  | Bates Motel |
[2025-07-01 09:56:30,652] [convert.py:389]            [INFO]     |  Cache  |  +  | plex://show/5e162209a304a6004142a7e8           | TVDb ID: 361315  | IMDb ID: tt8712204  | Batwoman |
[2025-07-01 09:56:30,652] [convert.py:389]            [INFO]     |  Cache  |  +  | plex://show/5d9c08012df347001e3a841b           | TVDb ID: 70622   | IMDb ID: tt0173664  | Bear in the Big Blue House |
[2025-07-01 09:56:30,653] [convert.py:389]            [INFO]     |  Cache  |  +  | plex://show/5d9c08254eefaa001f5d6dcb           | TVDb ID: 273181  | IMDb ID: tt3032476  | Better Call Saul |
[2025-07-01 09:56:30,653] [convert.py:389]            [INFO]     |  Cache  |  +  | plex://show/5d9c086c02391c001f5891b3           | TVDb ID: 80379   | IMDb ID: tt0898266  | The Big Bang Theory |
[2025-07-01 09:56:30,654] [convert.py:389]            [INFO]     |  Cache  |  +  | plex://show/5d9c08f346115600200ae168           | TVDb ID: 342059  | IMDb ID: tt7165904  | Big City Greens |
[2025-07-01 09:56:30,655] [convert.py:389]            [INFO]     |  Cache  |  +  | plex://show/61d58b06d44e62914e7e1fa9           | TVDb ID: 414235  | IMDb ID: tt11947288 | Big Nate |
[2025-07-01 09:56:30,655] [convert.py:389]            [INFO]     |  Cache  |  +  | plex://show/5d9d5acf2e50d5001ed5cf4c           | TVDb ID: 332525  | IMDb ID: tt6045840  | Black Lightning |
[2025-07-01 09:56:30,656] [convert.py:389]            [INFO]     |  Cache  |  +  | plex://show/5d9c0854d4f2a9001f7ffda2           | TVDb ID: 266189  | IMDb ID: tt2741602  | The Blacklist |
[2025-07-01 09:56:30,656] [convert.py:389]            [INFO]     |  Cache  |  +  | plex://show/5d9c080d7d06d9001ffcf415           | TVDb ID: 287036  | IMDb ID: tt4458594  | Blaze and the Monster Machines |
[2025-07-01 09:56:30,657] [convert.py:389]            [INFO]     |  Cache  |  +  | plex://show/61d9800c205e3914e546938a           | TVDb ID: 414373  | IMDb ID: tt19315934 | Blippi Wonders |
[2025-07-01 09:56:30,657] [convert.py:389]            [INFO]     |  Cache  |  +  | plex://show/5d9c090e705e7a001e6e94d8           | TVDb ID: 353546  | IMDb ID: tt7678620  | Bluey (2018) |
[2025-07-01 09:56:30,658] [convert.py:389]            [INFO]     |  Cache  |  +  | plex://show/649f8b552ca5ddf54b6b9b1c           | TVDb ID: 436695  | IMDb ID: tt28256288 | The Bondsman |
[2025-07-01 09:56:30,659] [convert.py:389]            [INFO]     |  Cache  |  +  | plex://show/5d9c08f246115600200ae0f6           | TVDb ID: 355567  | IMDb ID: tt1190634  | The Boys |
[2025-07-01 09:56:30,660] [convert.py:389]            [INFO]     |  Cache  |  +  | plex://show/5d9c083402391c001f583d09           | TVDb ID: 81189   | IMDb ID: tt0903747  | Breaking Bad |
[2025-07-01 09:56:30,660] [convert.py:389]            [INFO]     |  Cache  |  +  | plex://show/5e60003a3aa1c8003ec26eac           | TVDb ID: 366668  | IMDb ID: tt8740790  | Bridgerton |
[2025-07-01 09:56:30,661] [convert.py:389]            [INFO]     |  Cache  |  +  | plex://show/5d9c086e08fddd001f29a991           | TVDb ID: 269586  | IMDb ID: tt2467372  | Brooklyn Nine-Nine |
[2025-07-01 09:56:30,661] [convert.py:389]            [INFO]     |  Cache  |  +  | plex://show/5d9c082602391c001f582552           | TVDb ID: 226391  | IMDb ID: tt0965404  | Bubble Guppies |
[2025-07-01 09:56:30,662] [convert.py:389]            [INFO]     |  Cache  |  +  | plex://show/5d9c07fe4eefaa001f5d2d00           | TVDb ID: 70327   | IMDb ID: tt0118276  | Buffy the Vampire Slayer |
[2025-07-01 09:56:30,663] [convert.py:389]            [INFO]     |  Cache  |  +  | plex://show/5d9c082d3c3f87001f3497cb           | TVDb ID: 78421   | IMDb ID: tt0235916  | ChalkZone |
[2025-07-01 09:56:30,663] [convert.py:389]            [INFO]     |  Cache  |  +  | plex://show/5d9c08713c3f87001f3505a8           | TVDb ID: 70626   | IMDb ID: tt0158552  | Charmed |
[2025-07-01 09:56:30,664] [convert.py:389]            [INFO]     |  Cache  |  +  | plex://show/5d9c08f708fddd001f2a4fa8           | TVDb ID: 360893  | IMDb ID: tt7366338  | Chernobyl |
[2025-07-01 09:56:30,664] [convert.py:389]            [INFO]     |  Cache  |  +  | plex://show/5d9c083be98e47001eb0ad07           | TVDb ID: 273690  | IMDb ID: tt3489184  | Constantine |
[2025-07-01 09:56:30,665] [convert.py:389]            [INFO]     |  Cache  |  +  | plex://show/5d9c08731cae62001f74cb68           | TVDb ID: 77435   | IMDb ID: tt0220880  | Courage the Cowardly Dog |
[2025-07-01 09:56:30,665] [convert.py:389]            [INFO]     |  Cache  |  +  | plex://show/5d9c080446115600200a6bbb           | TVDb ID: 75710   | IMDb ID: tt0452046  | Criminal Minds |
[2025-07-01 09:56:30,666] [convert.py:389]            [INFO]     |  Cache  |  +  | plex://show/5d9c0871170e24001f2aadef           | TVDb ID: 90601   | IMDb ID: tt0229119  | The Crocodile Hunter |
[2025-07-01 09:56:30,667] [convert.py:389]            [INFO]     |  Cache  |  +  | plex://show/5d9c0816e264b7001fc3bb9e           | TVDb ID: 305574  | IMDb ID: tt4786824  | The Crown |
[2025-07-01 09:56:30,667] [convert.py:389]            [INFO]     |  Cache  |  +  | plex://show/5d9c0854705e7a001e6d9248           | TVDb ID: 269589  | IMDb ID: tt2647548  | Dads (2013) |
[2025-07-01 09:56:30,668] [convert.py:389]            [INFO]     |  Cache  |  +  | plex://show/5e5855a82f6b60003d057ce8           | TVDb ID: 377305  | IMDb ID: tt11833388 | Danger Force |
[2025-07-01 09:56:30,668] [convert.py:389]            [INFO]     |  Cache  |  +  | plex://show/628b9a7558130eca919281cb           | TVDb ID: 422712  | IMDb ID: tt18923754 | Daredevil: Born Again |
[2025-07-01 09:56:30,669] [convert.py:389]            [INFO]     |  Cache  |  +  | plex://show/5d9c09113c3f87001f35b8e3           | TVDb ID: 354905  | IMDb ID: tt8531222  | DAVE |
[2025-07-01 09:56:30,669] [convert.py:389]            [INFO]     |  Cache  |  +  | plex://show/5d9c086708fddd001f299698           | TVDb ID: 295760  | IMDb ID: tt4532368  | DC's Legends of Tomorrow |
[2025-07-01 09:56:30,670] [convert.py:389]            [INFO]     |  Cache  |  +  | plex://show/5d9c08032df347001e3a8868           | TVDb ID: 311876  | IMDb ID: tt5296406  | Designated Survivor |
[2025-07-01 09:56:30,671] [convert.py:389]            [INFO]     |  Cache  |  +  | plex://show/5d9c083ce98e47001eb0ae36           | TVDb ID: 320196  | IMDb ID: tt4779762  | Detroiters |
[2025-07-01 09:56:30,671] [convert.py:389]            [INFO]     |  Cache  |  +  | plex://show/5d9c086c46115600200aa2ea           | TVDb ID: 79349   | IMDb ID: tt0773262  | Dexter |
[2025-07-01 09:56:30,672] [convert.py:389]            [INFO]     |  Cache  |  +  | plex://show/5d9c08437d06d9001ffd1218           | TVDb ID: 205891  | IMDb ID: tt1447487  | Dino Dan |
[2025-07-01 09:56:30,672] [convert.py:389]            [INFO]     |  Cache  |  +  | plex://show/5d9c08d04eefaa001f5e3d07           | TVDb ID: 331706  | IMDb ID: tt5200330  | Dino Dana |
[2025-07-01 09:56:30,673] [convert.py:389]            [INFO]     |  Cache  |  +  | plex://show/5d9c08634eefaa001f5dbe18           | TVDb ID: 193131  | IMDb ID: tt1606375  | Downton Abbey |
[2025-07-01 09:56:30,673] [convert.py:389]            [INFO]     |  Cache  |  +  | plex://show/5d9c0808ffd9ef001e98b2cc           | TVDb ID: 76666   | IMDb ID: tt0088509  | Dragon Ball |
[2025-07-01 09:56:30,674] [convert.py:389]            [INFO]     |  Cache  |  +  | plex://show/6528e7fecd6b6b3e22d655a3           | TVDb ID: 440820  | IMDb ID: tt29485149 | Dragon Ball DAIMA |
[2025-07-01 09:56:30,674] [convert.py:389]            [INFO]     |  Cache  |  +  | plex://show/5d9c08683c3f87001f34ebd8           | TVDb ID: 295068  | IMDb ID: tt4644488  | Dragon Ball Super |
[2025-07-01 09:56:30,675] [convert.py:389]            [INFO]     |  Cache  |  +  | plex://show/5d9c080fba6eb9001fb9aa70           | TVDb ID: 81472   | IMDb ID: tt0121220  | Dragon Ball Z |
[2025-07-01 09:56:30,675] [convert.py:389]            [INFO]     |  Cache  |  +  | plex://show/5d9c08376c3e37001ecd57da           | TVDb ID: 88031   | IMDb ID: tt1409055  | Dragon Ball Z Kai |
[2025-07-01 09:56:30,676] [convert.py:389]            [INFO]     |  Cache  |  +  | plex://show/5d9c08723c3f87001f350a5b           | TVDb ID: 79357   | IMDb ID: tt0363328  | Drake & Josh |
[2025-07-01 09:56:30,676] [convert.py:389]            [INFO]     |  Cache  |  +  | plex://show/5d9c07f97b5c2e001e650a1f           | TVDb ID: 82467   | IMDb ID: tt0866442  | Eastbound & Down |
[2025-07-01 09:56:30,677] [convert.py:389]            [INFO]     |  Cache  |  +  | plex://show/5d9c087108fddd001f29b222           | TVDb ID: 73902   | IMDb ID: tt0247091  | Ed |
[2025-07-01 09:56:30,678] [convert.py:389]            [INFO]     |  Cache  |  +  | plex://show/5d9c086c02391c001f5891bf           | TVDb ID: 255316  | IMDb ID: tt2191671  | Elementary |
[2025-07-01 09:56:30,678] [convert.py:389]            [INFO]     |  Cache  |  +  | plex://show/5d9c091b170e24001f2af270           | TVDb ID: 360261  | IMDb ID: tt8772296  | Euphoria (US) |
[2025-07-01 09:56:30,679] [convert.py:389]            [INFO]     |  Cache  |  +  | plex://show/5d9c087346115600200aad2c           | TVDb ID: 73424   | IMDb ID: tt0206511  | Even Stevens |
[2025-07-01 09:56:30,680] [convert.py:389]            [INFO]     |  Cache  |  +  | plex://show/5d9c080602391c001f57f2ce           | TVDb ID: 280619  | IMDb ID: tt3230854  | The Expanse |
[2025-07-01 09:56:30,681] [convert.py:389]            [INFO]     |  Cache  |  +  | plex://show/5d9c084be98e47001eb0bf0c           | TVDb ID: 255277  | IMDb ID: tt2152721  | Extreme Cheapskates |
[2025-07-01 09:56:30,682] [convert.py:389]            [INFO]     |  Cache  |  +  | plex://show/5d9c08057d06d9001ffcef0c           | TVDb ID: 287299  | IMDb ID: tt4326894  | F is for Family |
[2025-07-01 09:56:30,682] [convert.py:389]            [INFO]     |  Cache  |  +  | plex://show/5d9c086fe98e47001eb0ff4c           | TVDb ID: 76372   | IMDb ID: tt0235918  | The Fairly OddParents |
[2025-07-01 09:56:30,683] [convert.py:389]            [INFO]     |  Cache  |  +  | plex://show/5d9c086c7d06d9001ffd279e           | TVDb ID: 75978   | IMDb ID: tt0182576  | Family Guy |
[2025-07-01 09:56:30,684] [convert.py:389]            [INFO]     |  Cache  |  +  | plex://show/5d9c0902705e7a001e6e8321           | TVDb ID: 348820  | IMDb ID: tt2229129  | Fancy Nancy |
[2025-07-01 09:56:30,684] [convert.py:389]            [INFO]     |  Cache  |  +  | plex://show/5d9c083b2df347001e3ae249           | TVDb ID: 279121  | IMDb ID: tt3107288  | The Flash (2014) |
[2025-07-01 09:56:30,689] [convert.py:389]            [INFO]     |  Cache  |  +  | plex://show/5d9c08723c3f87001f3507e4           | TVDb ID: 76171   | IMDb ID: tt0053502  | The Flintstones |
[2025-07-01 09:56:30,690] [convert.py:389]            [INFO]     |  Cache  |  +  | plex://show/5d9c086c705e7a001e6dc073           | TVDb ID: 78150   | IMDb ID: tt0203254  | Franklin |
[2025-07-01 09:56:30,690] [convert.py:389]            [INFO]     |  Cache  |  +  | plex://show/5d9c0871e9d5a1001f4da496           | TVDb ID: 76738   | IMDb ID: tt0098800  | The Fresh Prince of Bel-Air |
[2025-07-01 09:56:30,691] [convert.py:389]            [INFO]     |  Cache  |  +  | plex://show/5d9c086d2192ba001f3101c6           | TVDb ID: 79168   | IMDb ID: tt0108778  | Friends |
[2025-07-01 09:56:30,692] [convert.py:389]            [INFO]     |  Cache  |  +  | plex://show/5d9c0819cb3ffa001f1b207c           | TVDb ID: 73871   | IMDb ID: tt0149460  | Futurama |
[2025-07-01 09:56:30,693] [convert.py:389]            [INFO]     |  Cache  |  +  | plex://show/606ef4be8736e5002c8f5c17           | TVDb ID: 369988  | IMDb ID: tt11011104 | Game Changer |
[2025-07-01 09:56:30,693] [convert.py:389]            [INFO]     |  Cache  |  +  | plex://show/5d9c086c46115600200aa2fe           | TVDb ID: 121361  | IMDb ID: tt0944947  | Game of Thrones |
[2025-07-01 09:56:30,694] [convert.py:389]            [INFO]     |  Cache  |  +  | plex://show/5d9f40af9dd5f4001e851bc6           | TVDb ID: 299779  | IMDb ID: tt4711184  | Game Shakers |
[2025-07-01 09:56:30,695] [convert.py:389]            [INFO]     |  Cache  |  +  | plex://show/66948ced836d6c7c1774fab8           | TVDb ID: 448023  | IMDb ID: tt31589662 | Georgie & Mandy's First Marriage |
[2025-07-01 09:56:30,696] [convert.py:389]            [INFO]     |  Cache  |  +  | plex://show/60a9318a2d6fc0002dfd4542           | TVDb ID: 400267  | IMDb ID: tt11379026 | Ghosts (US) |
[2025-07-01 09:56:30,698] [convert.py:389]            [INFO]     |  Cache  |  +  | plex://show/61448a11b02d8149e28f63d5           | TVDb ID: 410071  | IMDb ID: tt14456590 | Gilly and Keeves |
[2025-07-01 09:56:30,700] [convert.py:389]            [INFO]     |  Cache  |  +  | plex://show/5d9c0806ba6eb9001fb99d8a           | TVDb ID: 315321  | IMDb ID: tt4687880  | Goliath |
[2025-07-01 09:56:30,701] [convert.py:389]            [INFO]     |  Cache  |  +  | plex://show/5d9c08190aaccd001f8ed6c9           | TVDb ID: 311711  | IMDb ID: tt4955642  | The Good Place |
[2025-07-01 09:56:30,702] [convert.py:389]            [INFO]     |  Cache  |  +  | plex://show/5d9c086c7d06d9001ffd27ba           | TVDb ID: 95451   | IMDb ID: tt1442462  | The Good Wife |
[2025-07-01 09:56:30,702] [convert.py:389]            [INFO]     |  Cache  |  +  | plex://show/5d9c08753c3f87001f35143c           | TVDb ID: 78250   | IMDb ID: tt0103428  | Goof Troop |
[2025-07-01 09:56:30,703] [convert.py:389]            [INFO]     |  Cache  |  +  | plex://show/64fb244e9a3c77bf251ccc6c           | TVDb ID: 415840  | IMDb ID: tt17720272 | Goosebumps (2023) |
[2025-07-01 09:56:30,704] [convert.py:389]            [INFO]     |  Cache  |  +  | plex://show/5d9c08eeec357c001f9afc72           | TVDb ID: 338893  | IMDb ID: tt7768166  | Gordon Ramsay's 24 Hours to Hell & Back |
[2025-07-01 09:56:30,705] [convert.py:389]            [INFO]     |  Cache  |  +  | plex://show/5d9c08390aaccd001f8ee512           | TVDb ID: 274431  | IMDb ID: tt3749900  | Gotham |
[2025-07-01 09:56:30,706] [convert.py:389]            [INFO]     |  Cache  |  +  | plex://show/5d9c09026c3e37001ecdb776           | TVDb ID: 348653  | IMDb ID: tt4651448  | Green Eggs and Ham |
[2025-07-01 09:56:30,706] [convert.py:389]            [INFO]     |  Cache  |  +  | plex://show/5d9c086fffd9ef001e994d98           | TVDb ID: 79317   | IMDb ID: tt0493093  | Hannah Montana |
[2025-07-01 09:56:30,707] [convert.py:389]            [INFO]     |  Cache  |  +  | plex://show/5d9c09211cae62001f7512b5           | TVDb ID: 367146  | IMDb ID: tt10160804 | Hawkeye (2021) |
[2025-07-01 09:56:30,707] [convert.py:389]            [INFO]     |  Cache  |  +  | plex://show/5d9c084f7b5c2e001e658de4           | TVDb ID: 284114  | IMDb ID: tt3596174  | Henry Danger |
[2025-07-01 09:56:30,708] [convert.py:389]            [INFO]     |  Cache  |  +  | plex://show/5d9c08e602391c001f591c6c           | TVDb ID: 289541  | IMDb ID: tt4291050  | Hey Duggee |
[2025-07-01 09:56:30,709] [convert.py:389]            [INFO]     |  Cache  |  +  | plex://show/5d9c081f2df347001e3ab651           | TVDb ID: 257609  | IMDb ID: tt2242025  | Hotel Hell |
[2025-07-01 09:56:30,709] [convert.py:389]            [INFO]     |  Cache  |  +  | plex://show/5d9c086c02391c001f5891b7           | TVDb ID: 73255   | IMDb ID: tt0412142  | House |
[2025-07-01 09:56:30,710] [convert.py:389]            [INFO]     |  Cache  |  +  | plex://show/5e160ed3e68804001e87a7b5           | TVDb ID: 371572  | IMDb ID: tt11198330 | House of the Dragon |
[2025-07-01 09:56:30,711] [convert.py:389]            [INFO]     |  Cache  |  +  | plex://show/5d9c086b705e7a001e6dbda3           | TVDb ID: 75760   | IMDb ID: tt0460649  | How I Met Your Mother |
[2025-07-01 09:56:30,711] [convert.py:389]            [INFO]     |  Cache  |  +  | plex://show/5d9c08713c3f87001f3501bc           | TVDb ID: 79485   | IMDb ID: tt0835010  | How It's Made |
[2025-07-01 09:56:30,712] [convert.py:389]            [INFO]     |  Cache  |  +  | plex://show/60f5605267e1a1002c95aa4e           | TVDb ID: 393201  | IMDb ID: tt13623148 | I Am Groot |
[2025-07-01 09:56:30,712] [convert.py:389]            [INFO]     |  Cache  |  +  | plex://show/5d9c0922705e7a001e6eb0a4           | TVDb ID: 362753  | IMDb ID: tt10050772 | I Think You Should Leave with Tim Robinson |
[2025-07-01 09:56:30,713] [convert.py:389]            [INFO]     |  Cache  |  +  | plex://show/5d9c08792192ba001f3125b9           | TVDb ID: 82493   | IMDb ID: tt0972534  | iCarly |
[2025-07-01 09:56:30,714] [convert.py:389]            [INFO]     |  Cache  |  +  | plex://show/5d9c08004eefaa001f5d3145           | TVDb ID: 75545   | IMDb ID: tt0235923  | Invader ZIM |
[2025-07-01 09:56:30,714] [convert.py:389]            [INFO]     |  Cache  |  +  | plex://show/5d9c0875170e24001f2ab27e           | TVDb ID: 75805   | IMDb ID: tt0472954  | It's Always Sunny in Philadelphia |
[2025-07-01 09:56:30,715] [convert.py:389]            [INFO]     |  Cache  |  +  | plex://show/5d9c083cec357c001f9aacd0           | TVDb ID: 281470  | IMDb ID: tt3501584  | iZombie |
[2025-07-01 09:56:30,716] [convert.py:389]            [INFO]     |  Cache  |  +  | plex://show/5d9c0869ba2e21001f1903c2           | TVDb ID: 223831  | IMDb ID: tt1833403  | Jake and the Never Land Pirates |
[2025-07-01 09:56:30,716] [convert.py:389]            [INFO]     |  Cache  |  +  | plex://show/5d9c086c7d06d9001ffd279a           | TVDb ID: 134241  | IMDb ID: tt1489428  | Justified |
[2025-07-01 09:56:30,717] [convert.py:389]            [INFO]     |  Cache  |  +  | plex://show/5e833d0c07b05800429c9c12           | TVDb ID: 367012  | IMDb ID: tt10436284 | Kamp Koral: SpongeBob's Under Years |
[2025-07-01 09:56:30,718] [convert.py:389]            [INFO]     |  Cache  |  +  | plex://show/5eabaa834ea2520042bd6f1f           | TVDb ID: 365700  | IMDb ID: tt8550732  | KAOS |
[2025-07-01 09:56:30,718] [convert.py:389]            [INFO]     |  Cache  |  +  | plex://show/6290fe1e40eb5094ccc28299           | TVDb ID: 420590  | IMDb ID: tt20560404 | Keep Sweet: Pray and Obey |
[2025-07-01 09:56:30,719] [convert.py:389]            [INFO]     |  Cache  |  +  | plex://show/5d9c08712192ba001f310ca9           | TVDb ID: 74392   | IMDb ID: tt0115231  | Kenan & Kel |
[2025-07-01 09:56:30,719] [convert.py:389]            [INFO]     |  Cache  |  +  | plex://show/5d9c081effd9ef001e98d72a           | TVDb ID: 255325  | IMDb ID: tt1981558  | Key & Peele |
[2025-07-01 09:56:30,720] [convert.py:389]            [INFO]     |  Cache  |  +  | plex://show/5d9c0876ffd9ef001e9964c0           | TVDb ID: 78259   | IMDb ID: tt0278866  | Kim Possible |
[2025-07-01 09:56:30,721] [convert.py:389]            [INFO]     |  Cache  |  +  | plex://show/5d9c08732192ba001f311648           | TVDb ID: 73903   | IMDb ID: tt0118375  | King of the Hill |
[2025-07-01 09:56:30,722] [convert.py:389]            [INFO]     |  Cache  |  +  | plex://show/5d9c07ff2192ba001f3045c2           | TVDb ID: 80552   | IMDb ID: tt0983514  | Kitchen Nightmares (US) |
[2025-07-01 09:56:30,722] [convert.py:389]            [INFO]     |  Cache  |  +  | plex://show/621656b48095d95a8fbb4e91           | TVDb ID: 417393  | IMDb ID: tt18291136 | Knuckles |
[2025-07-01 09:56:30,723] [convert.py:389]            [INFO]     |  Cache  |  +  | plex://show/622ac0c4223545ee012ad733           | TVDb ID: 397424  | IMDb ID: tt14186672 | Landman |
[2025-07-01 09:56:30,724] [convert.py:389]            [INFO]     |  Cache  |  +  | plex://show/5e69c6f6874db7003e2dd59b           | TVDb ID: 392256  | IMDb ID: tt3581920  | The Last of Us |
[2025-07-01 09:56:30,724] [convert.py:389]            [INFO]     |  Cache  |  +  | plex://show/5d9c0839e98e47001eb0ab81           | TVDb ID: 278518  | IMDb ID: tt3530232  | Last Week Tonight with John Oliver |
[2025-07-01 09:56:30,725] [convert.py:389]            [INFO]     |  Cache  |  +  | plex://show/5d9c0817ffd9ef001e98c978           | TVDb ID: 302938  | IMDb ID: tt4647692  | Letterkenny |
[2025-07-01 09:56:30,725] [convert.py:389]            [INFO]     |  Cache  |  +  | plex://show/5d9c09234eefaa001f5e8d6b           | TVDb ID: 363194  | IMDb ID: tt8089592  | Little Fires Everywhere |
[2025-07-01 09:56:30,726] [convert.py:389]            [INFO]     |  Cache  |  +  | plex://show/5d9c086eec357c001f9ac8bc           | TVDb ID: 71119   | IMDb ID: tt0273366  | Lizzie McGuire |
[2025-07-01 09:56:30,727] [convert.py:389]            [INFO]     |  Cache  |  +  | plex://show/5d9c090effd9ef001e99ed55           | TVDb ID: 362472  | IMDb ID: tt9140554  | Loki |
[2025-07-01 09:56:30,727] [convert.py:389]            [INFO]     |  Cache  |  +  | plex://show/5d9c080c08fddd001f2910e9           | TVDb ID: 309726  | IMDb ID: tt4859164  | The Loud House |
[2025-07-01 09:56:30,728] [convert.py:389]            [INFO]     |  Cache  |  +  | plex://show/62aa5d485fbec961d27a3114           | TVDb ID: 420544  | IMDb ID: tt21047514 | Make Some Noise |
[2025-07-01 09:56:30,728] [convert.py:389]            [INFO]     |  Cache  |  +  | plex://show/5d9c0872ba6eb9001fba4565           | TVDb ID: 73838   | IMDb ID: tt0212671  | Malcolm in the Middle |
[2025-07-01 09:56:30,729] [convert.py:389]            [INFO]     |  Cache  |  +  | plex://show/5e1621e7b0b6c1003fd4b475           | TVDb ID: 361753  | IMDb ID: tt8111088  | The Mandalorian |
[2025-07-01 09:56:30,730] [convert.py:389]            [INFO]     |  Cache  |  +  | plex://show/5d9c084f02391c001f586760           | TVDb ID: 281662  | IMDb ID: tt3322312  | Marvel's Daredevil |
[2025-07-01 09:56:30,730] [convert.py:389]            [INFO]     |  Cache  |  +  | plex://show/5d9c08517b5c2e001e658fec           | TVDb ID: 317953  | IMDb ID: tt3322310  | Marvel's Iron Fist |
[2025-07-01 09:56:30,731] [convert.py:389]            [INFO]     |  Cache  |  +  | plex://show/5d9c0801ffd9ef001e98a4bc           | TVDb ID: 79854   | IMDb ID: tt0784896  | Mickey Mouse Clubhouse |
[2025-07-01 09:56:30,731] [convert.py:389]            [INFO]     |  Cache  |  +  | plex://show/5d9c086c3c3f87001f34f630           | TVDb ID: 95011   | IMDb ID: tt1442437  | Modern Family |
[2025-07-01 09:56:30,732] [convert.py:389]            [INFO]     |  Cache  |  +  | plex://show/606ef58bff5b43002ce0589a           | TVDb ID: 389492  | IMDb ID: tt13207736 | Monster (2022) |
[2025-07-01 09:56:30,733] [convert.py:389]            [INFO]     |  Cache  |  +  | plex://show/65ab821215498aa6fff62dc3           | TVDb ID: 450314  | IMDb ID: tt13723084 | Motorheads |
[2025-07-01 09:56:30,733] [convert.py:389]            [INFO]     |  Cache  |  +  | plex://show/5d9c08672192ba001f30f19f           | TVDb ID: 289590  | IMDb ID: tt4158110  | Mr. Robot |
[2025-07-01 09:56:30,734] [convert.py:389]            [INFO]     |  Cache  |  +  | plex://show/5eaba106dc7e2d00439da002           | TVDb ID: 368612  | IMDb ID: tt10857164 | Ms. Marvel |
[2025-07-01 09:56:30,735] [convert.py:389]            [INFO]     |  Cache  |  +  | plex://show/657b80fd9fc8d35ffdaaba02           | TVDb ID: 443396  | IMDb ID: tt30444310 | Murderbot |
[2025-07-01 09:56:30,735] [convert.py:389]            [INFO]     |  Cache  |  +  | plex://show/5d9c0874cb3ffa001f1b582c           | TVDb ID: 75397   | IMDb ID: tt0460091  | My Name Is Earl |
[2025-07-01 09:56:30,736] [convert.py:389]            [INFO]     |  Cache  |  +  | plex://show/5d9c07f0ffd9ef001e988e8a           | TVDb ID: 211391  | IMDb ID: tt1809014  | My Strange Addiction |
[2025-07-01 09:56:30,737] [convert.py:389]            [INFO]     |  Cache  |  +  | plex://show/64bdd4ce229edac73deab42e           | TVDb ID: 437495  | IMDb ID: tt28441297 | My Strange Addiction: Still Addicted? |
[2025-07-01 09:56:30,737] [convert.py:389]            [INFO]     |  Cache  |  +  | plex://show/5d9c082ee264b7001fc3e3b6           | TVDb ID: 78857   | IMDb ID: tt0409591  | Naruto |
[2025-07-01 09:56:30,738] [convert.py:389]            [INFO]     |  Cache  |  +  | plex://show/5d9c082a3c3f87001f34934e           | TVDb ID: 79824   | IMDb ID: tt0988824  | Naruto Shippūden |
[2025-07-01 09:56:30,738] [convert.py:389]            [INFO]     |  Cache  |  +  | plex://show/5d9c086c2df347001e3b2274           | TVDb ID: 79821   | IMDb ID: tt0405576  | Ned's Declassified School Survival Guide |
[2025-07-01 09:56:30,739] [convert.py:389]            [INFO]     |  Cache  |  +  | plex://show/5d9c086c3c3f87001f34f624           | TVDb ID: 248682  | IMDb ID: tt1826940  | New Girl |
[2025-07-01 09:56:30,740] [convert.py:389]            [INFO]     |  Cache  |  +  | plex://show/5d9c084f7b5c2e001e658de8           | TVDb ID: 280882  | IMDb ID: tt3596176  | Nicky, Ricky, Dicky & Dawn |
[2025-07-01 09:56:30,740] [convert.py:389]            [INFO]     |  Cache  |  +  | plex://show/660d495735513de615d99203           | TVDb ID: 450093  | IMDb ID: tt26933824 | Nobody Wants This |
[2025-07-01 09:56:30,741] [convert.py:389]            [INFO]     |  Cache  |  +  | plex://show/5e16168fc2a81f001ed39012           | TVDb ID: 393199  | IMDb ID: tt8466564  | Obi-Wan Kenobi |
[2025-07-01 09:56:30,742] [convert.py:389]            [INFO]     |  Cache  |  +  | plex://show/5f670d2994df0600428b2136           | TVDb ID: 392770  | IMDb ID: tt13111040 | The Offer |
[2025-07-01 09:56:30,742] [convert.py:389]            [INFO]     |  Cache  |  +  | plex://show/60bf9f60b94efb002c6c29ca           | TVDb ID: 407512  | IMDb ID: tt5540990  | On the Verge (2021) |
[2025-07-01 09:56:30,743] [convert.py:389]            [INFO]     |  Cache  |  +  | plex://show/5d9c082aba6eb9001fb9d6cc           | TVDb ID: 248835  | IMDb ID: tt1843230  | Once Upon a Time (2011) |
[2025-07-01 09:56:30,743] [convert.py:389]            [INFO]     |  Cache  |  +  | plex://show/5d9c084fec357c001f9ab4d8           | TVDb ID: 81797   | IMDb ID: tt0388629  | One Piece |
[2025-07-01 09:56:30,744] [convert.py:389]            [INFO]     |  Cache  |  +  | plex://show/5f7c9b1c9b958e00415de6bb           | TVDb ID: 392276  | IMDb ID: tt11737520 | ONE PIECE (2023) |
[2025-07-01 09:56:30,745] [convert.py:389]            [INFO]     |  Cache  |  +  | plex://show/5f2e583c684902004303e54a           | TVDb ID: 399959  | IMDb ID: tt11691774 | Only Murders in the Building |
[2025-07-01 09:56:30,745] [convert.py:389]            [INFO]     |  Cache  |  +  | plex://show/5d9c09037b5c2e001e6653e4           | TVDb ID: 348922  | IMDb ID: tt8235236  | Paradise PD |
[2025-07-01 09:56:30,746] [convert.py:389]            [INFO]     |  Cache  |  +  | plex://show/5d9c07f94eefaa001f5d253f           | TVDb ID: 84912   | IMDb ID: tt1266020  | Parks and Recreation |
[2025-07-01 09:56:30,746] [convert.py:389]            [INFO]     |  Cache  |  +  | plex://show/5d9c0831e264b7001fc3e862           | TVDb ID: 272472  | IMDb ID: tt3121722  | Paw Patrol |
[2025-07-01 09:56:30,747] [convert.py:389]            [INFO]     |  Cache  |  +  | plex://show/5f6e1529eef82a0042dbcc9d           | TVDb ID: 391153  | IMDb ID: tt13146488 | Peacemaker |
[2025-07-01 09:56:30,752] [convert.py:389]            [INFO]     |  Cache  |  +  | plex://show/622abc6a491335d694adaf63           | TVDb ID: 417648  | IMDb ID: tt15435876 | The Penguin |
[2025-07-01 09:56:30,752] [convert.py:389]            [INFO]     |  Cache  |  +  | plex://show/5ec75ff2f190410042db1b15           | TVDb ID: 415151  | IMDb ID: tt12324366 | Percy Jackson and the Olympians |
[2025-07-01 09:56:30,753] [convert.py:389]            [INFO]     |  Cache  |  +  | plex://show/5d9c086ce264b7001fc43983           | TVDb ID: 71714   | IMDb ID: tt0340281  | Phil of the Future |
[2025-07-01 09:56:30,754] [convert.py:389]            [INFO]     |  Cache  |  +  | plex://show/5d9c08353c3f87001f34a4c3           | TVDb ID: 81848   | IMDb ID: tt0852863  | Phineas and Ferb |
[2025-07-01 09:56:30,754] [convert.py:389]            [INFO]     |  Cache  |  +  | plex://show/5d9c0873d4f2a9001f8013ab           | TVDb ID: 72880   | IMDb ID: tt0112123  | Pinky and the Brain |
[2025-07-01 09:56:30,755] [convert.py:389]            [INFO]     |  Cache  |  +  | plex://show/66047594f2781fe94954a721           | TVDb ID: 448176  | IMDb ID: tt31938062 | The Pitt |
[2025-07-01 09:56:30,755] [convert.py:389]            [INFO]     |  Cache  |  +  | plex://show/5d9c08164eefaa001f5d5725           | TVDb ID: 300921  | IMDb ID: tt4148744  | PJ Masks |
[2025-07-01 09:56:30,756] [convert.py:389]            [INFO]     |  Cache  |  +  | plex://show/63217ad4258747e40534a196           | TVDb ID: 424774  | IMDb ID: tt30973470 | Play It By Ear |
[2025-07-01 09:56:30,757] [convert.py:389]            [INFO]     |  Cache  |  +  | plex://show/5d9c082ae264b7001fc3dca6           | TVDb ID: 76703   | IMDb ID: tt0168366  | Pokémon |
[2025-07-01 09:56:30,757] [convert.py:389]            [INFO]     |  Cache  |  +  | plex://show/605229962b92cd002c585be9           | TVDb ID: 398822  | IMDb ID: tt14269590 | Poker Face |
[2025-07-01 09:56:30,758] [convert.py:389]            [INFO]     |  Cache  |  +  | plex://show/66210ca80eb282085da05a51           | TVDb ID: 449115  | IMDb ID: tt31975941 | Police 24/7 (US) |
[2025-07-01 09:56:30,759] [convert.py:389]            [INFO]     |  Cache  |  +  | plex://show/661eb34c9688dfd286849834           | TVDb ID: 434779  | IMDb ID: tt26678932 | Poppa’s House |
[2025-07-01 09:56:30,760] [convert.py:389]            [INFO]     |  Cache  |  +  | plex://show/5d9c086ce98e47001eb0f527           | TVDb ID: 79335   | IMDb ID: tt0491738  | Psych |
[2025-07-01 09:56:30,760] [convert.py:389]            [INFO]     |  Cache  |  +  | plex://show/6245d278dc835c9cf14602c4           | TVDb ID: 425204  | IMDb ID: tt14661396 | Queen Charlotte: A Bridgerton Story |
[2025-07-01 09:56:30,761] [convert.py:389]            [INFO]     |  Cache  |  +  | plex://show/5d9c0874705e7a001e6ddb8c           | TVDb ID: 74584   | IMDb ID: tt0409608  | Ramsay's Kitchen Nightmares |
[2025-07-01 09:56:30,762] [convert.py:389]            [INFO]     |  Cache  |  +  | plex://show/5d9c09190aaccd001f8f42f0           | TVDb ID: 366924  | IMDb ID: tt9288030  | Reacher |
[2025-07-01 09:56:30,762] [convert.py:389]            [INFO]     |  Cache  |  +  | plex://show/5d9c08727d06d9001ffd2f9a           | TVDb ID: 72336   | IMDb ID: tt0370194  | Reno 911! |
[2025-07-01 09:56:30,763] [convert.py:389]            [INFO]     |  Cache  |  +  | plex://show/5e165a4361c6140040d9364e           | TVDb ID: 368166  | IMDb ID: tt8690918  | Resident Alien |
[2025-07-01 09:56:30,763] [convert.py:389]            [INFO]     |  Cache  |  +  | plex://show/5d9c08382192ba001f30a9c7           | TVDb ID: 275274  | IMDb ID: tt2861424  | Rick and Morty |
[2025-07-01 09:56:30,764] [convert.py:389]            [INFO]     |  Cache  |  +  | plex://show/5d9c090e170e24001f2aee75           | TVDb ID: 357223  | IMDb ID: tt8634332  | The Righteous Gemstones |
[2025-07-01 09:56:30,765] [convert.py:389]            [INFO]     |  Cache  |  +  | plex://show/5d9c081aba6eb9001fb9bf08           | TVDb ID: 75734   | IMDb ID: tt0437745  | Robot Chicken |
[2025-07-01 09:56:30,765] [convert.py:389]            [INFO]     |  Cache  |  +  | plex://show/5d9c08723c3f87001f3507dc           | TVDb ID: 78282   | IMDb ID: tt0244926  | Rocket Power |
[2025-07-01 09:56:30,766] [convert.py:389]            [INFO]     |  Cache  |  +  | plex://show/5d9c087502391c001f58b292           | TVDb ID: 77038   | IMDb ID: tt0101188  | Rugrats |
[2025-07-01 09:56:30,766] [convert.py:389]            [INFO]     |  Cache  |  +  | plex://show/5d9c0819170e24001f2a7997           | TVDb ID: 76876   | IMDb ID: tt0115341  | Sabrina, The Teenage Witch |
[2025-07-01 09:56:30,767] [convert.py:389]            [INFO]     |  Cache  |  +  | plex://show/5d9c07ec705e7a001e6cc9bd           | TVDb ID: 267564  | IMDb ID: tt2487090  | Sam & Cat |
[2025-07-01 09:56:30,768] [convert.py:389]            [INFO]     |  Cache  |  +  | plex://show/5d9c084e7b5c2e001e658aef           | TVDb ID: 287247  | IMDb ID: tt3526078  | Schitt's Creek |
[2025-07-01 09:56:30,768] [convert.py:389]            [INFO]     |  Cache  |  +  | plex://show/5d9c083c7b5c2e001e657655           | TVDb ID: 281630  | IMDb ID: tt3514324  | Scorpion |
[2025-07-01 09:56:30,769] [convert.py:389]            [INFO]     |  Cache  |  +  | plex://show/61dd97c364b2acfab575e1c3           | TVDb ID: 433113  | IMDb ID: tt16969708 | Scott Pilgrim Takes Off |
[2025-07-01 09:56:30,770] [convert.py:389]            [INFO]     |  Cache  |  +  | plex://show/5d9c08162df347001e3aa6cf           | TVDb ID: 306304  | IMDb ID: tt4834206  | A Series of Unfortunate Events |
[2025-07-01 09:56:30,770] [convert.py:389]            [INFO]     |  Cache  |  +  | plex://show/5e1622d34f2292003e91314a           | TVDb ID: 371980  | IMDb ID: tt11280740 | Severance |
[2025-07-01 09:56:30,771] [convert.py:389]            [INFO]     |  Cache  |  +  | plex://show/5d9c07f80aaccd001f8ebf28           | TVDb ID: 161511  | IMDb ID: tt1586680  | Shameless (US) |
[2025-07-01 09:56:30,772] [convert.py:389]            [INFO]     |  Cache  |  +  | plex://show/5d9c08452df347001e3ae964           | TVDb ID: 176941  | IMDb ID: tt1475582  | Sherlock |
[2025-07-01 09:56:30,773] [convert.py:389]            [INFO]     |  Cache  |  +  | plex://show/6197a2cf4b5158f1241bcdf5           | TVDb ID: 409902  | IMDb ID: tt18249282 | Shoresy |
[2025-07-01 09:56:30,773] [convert.py:389]            [INFO]     |  Cache  |  +  | plex://show/61b180686bfb4feb48515e07           | TVDb ID: 403245  | IMDb ID: tt14688458 | Silo |
[2025-07-01 09:56:30,774] [convert.py:389]            [INFO]     |  Cache  |  +  | plex://show/5d9c086fe9d5a1001f4d9fcf           | TVDb ID: 72218   | IMDb ID: tt0279600  | Smallville |
[2025-07-01 09:56:30,775] [convert.py:389]            [INFO]     |  Cache  |  +  | plex://show/5d9c080de264b7001fc3ada0           | TVDb ID: 300166  | IMDb ID: tt5011816  | Sneaky Pete |
[2025-07-01 09:56:30,775] [convert.py:389]            [INFO]     |  Cache  |  +  | plex://show/5d9c08537d06d9001ffd1a18           | TVDb ID: 264365  | IMDb ID: tt2136138  | Sofia the First |
[2025-07-01 09:56:30,776] [convert.py:389]            [INFO]     |  Cache  |  +  | plex://show/5d9c0851e98e47001eb0cb06           | TVDb ID: 280103  | IMDb ID: tt3232262  | Sonic Boom |
[2025-07-01 09:56:30,776] [convert.py:389]            [INFO]     |  Cache  |  +  | plex://show/5d9c08742192ba001f311a5d           | TVDb ID: 75897   | IMDb ID: tt0121955  | South Park |
[2025-07-01 09:56:30,777] [convert.py:389]            [INFO]     |  Cache  |  +  | plex://show/5d9c08077d06d9001ffcf0b1           | TVDb ID: 75886   | IMDb ID: tt0206512  | SpongeBob SquarePants |
[2025-07-01 09:56:30,778] [convert.py:389]            [INFO]     |  Cache  |  +  | plex://show/62b5d0984a1592801f6a5f01           | TVDb ID: 401967  | IMDb ID: tt14544190 | Sprung |
[2025-07-01 09:56:30,778] [convert.py:389]            [INFO]     |  Cache  |  +  | plex://show/5e1612d6c2a81f001ed363b3           | TVDb ID: 383275  | IMDb ID: tt10919420 | Squid Game |
[2025-07-01 09:56:30,779] [convert.py:389]            [INFO]     |  Cache  |  +  | plex://show/6290fe1c351d937619949f0f           | TVDb ID: 420600  | IMDb ID: tt20600980 | Star Wars: Skeleton Crew |
[2025-07-01 09:56:30,780] [convert.py:389]            [INFO]     |  Cache  |  +  | plex://show/5d9eabc58f0ce9001fc63afe           | TVDb ID: 361868  | IMDb ID: tt8722888  | Stargirl |
[2025-07-01 09:56:30,780] [convert.py:389]            [INFO]     |  Cache  |  +  | plex://show/6716e308bba5f098a17fbd5b           | TVDb ID: 455562  | IMDb ID: tt31710249 | Stick |
[2025-07-01 09:56:30,781] [convert.py:389]            [INFO]     |  Cache  |  +  | plex://show/5d9c07efe9d5a1001f4d5ec1           | TVDb ID: 305288  | IMDb ID: tt4574334  | Stranger Things |
[2025-07-01 09:56:30,782] [convert.py:389]            [INFO]     |  Cache  |  +  | plex://show/65e1ca66944cddc4295cdf68           | TVDb ID: 448147  | IMDb ID: tt23649128 | The Studio (2025) |
[2025-07-01 09:56:30,782] [convert.py:389]            [INFO]     |  Cache  |  +  | plex://show/5d9c086fe9d5a1001f4d9fe2           | TVDb ID: 79316   | IMDb ID: tt0426371  | The Suite Life of Zack & Cody |
[2025-07-01 09:56:30,783] [convert.py:389]            [INFO]     |  Cache  |  +  | plex://show/5d9c08352df347001e3adbab           | TVDb ID: 83207   | IMDb ID: tt1181917  | The Suite Life on Deck |
[2025-07-01 09:56:30,784] [convert.py:389]            [INFO]     |  Cache  |  +  | plex://show/5d9c08ffd4f2a9001f804c2d           | TVDb ID: 347734,448348 | IMDb ID: tt8433216  | Super Dragon Ball Heroes |
[2025-07-01 09:56:30,830] [convert.py:389]            [INFO]     |  Cache  |  +  | plex://show/5d9c08343c3f87001f34a389           | TVDb ID: 81164   | IMDb ID: tt1105469  | Super WHY! |
[2025-07-01 09:56:30,830] [convert.py:389]            [INFO]     |  Cache  |  +  | plex://show/5d9c0868170e24001f2aa36e           | TVDb ID: 295759  | IMDb ID: tt4016454  | Supergirl |
[2025-07-01 09:56:30,831] [convert.py:389]            [INFO]     |  Cache  |  +  | plex://show/5d9c086de9d5a1001f4d9d3f           | TVDb ID: 78901   | IMDb ID: tt0460681  | Supernatural |
[2025-07-01 09:56:30,832] [convert.py:389]            [INFO]     |  Cache  |  +  | plex://show/5d9c08042192ba001f3051e2           | TVDb ID: 298905  | IMDb ID: tt4934214  | Taskmaster |
[2025-07-01 09:56:30,832] [convert.py:389]            [INFO]     |  Cache  |  +  | plex://show/633f9af0659bbc8911aec258           | TVDb ID: 425755  | IMDb ID: tt25523050 | Taskmaster (AU) |
[2025-07-01 09:56:30,833] [convert.py:389]            [INFO]     |  Cache  |  +  | plex://show/5f91ad6be1ee7f002ed44ecb           | TVDb ID: 386002  | IMDb ID: tt13544772 | Taskmaster (NZ) |
[2025-07-01 09:56:30,834] [convert.py:389]            [INFO]     |  Cache  |  +  | plex://show/65d567a0e0e20b8c84f2cca2           | TVDb ID: 446180  | IMDb ID: tt27031263 | Teacup |
[2025-07-01 09:56:30,835] [convert.py:389]            [INFO]     |  Cache  |  +  | plex://show/627e76a87d645e56a1cb3080           | TVDb ID: 404604  | IMDb ID: tt14824792 | ted |
[2025-07-01 09:56:30,835] [convert.py:389]            [INFO]     |  Cache  |  +  | plex://show/5e204251072b9e003ca5c140           | TVDb ID: 383203  | IMDb ID: tt10986410 | Ted Lasso |
[2025-07-01 09:56:30,836] [convert.py:389]            [INFO]     |  Cache  |  +  | plex://show/5d9c084c08fddd001f296ccb           | TVDb ID: 266775  | IMDb ID: tt2771780  | Teen Titans Go! |
[2025-07-01 09:56:30,837] [convert.py:389]            [INFO]     |  Cache  |  +  | plex://show/5d9c086fe9d5a1001f4d9fd7           | TVDb ID: 78258   | IMDb ID: tt0300865  | That's So Raven |
[2025-07-01 09:56:30,837] [convert.py:389]            [INFO]     |  Cache  |  +  | plex://show/5d9c084ae98e47001eb0bd9d           | TVDb ID: 274283  | IMDb ID: tt2712516  | The Thundermans |
[2025-07-01 09:56:30,838] [convert.py:389]            [INFO]     |  Cache  |  +  | plex://show/6647e95c77a779be8112ae77           | TVDb ID: 457962  | IMDb ID: tt32384391 | The Thundermans: Undercover |
[2025-07-01 09:56:30,839] [convert.py:389]            [INFO]     |  Cache  |  +  | plex://show/65df741280e2a6434615dcf0           | TVDb ID: 446718  | IMDb ID: tt31491435 | Tires |
[2025-07-01 09:56:30,840] [convert.py:389]            [INFO]     |  Cache  |  +  | plex://show/5e4d2536090d9d00387c8e19           | TVDb ID: 377185  | IMDb ID: tt11097072 | Tyler Perry's Young Dylan |
[2025-07-01 09:56:30,840] [convert.py:389]            [INFO]     |  Cache  |  +  | plex://show/62b985813ed24ecd7c5fc790           | TVDb ID: 396625  | IMDb ID: tt14153790 | Velma |
[2025-07-01 09:56:30,841] [convert.py:389]            [INFO]     |  Cache  |  +  | plex://show/5d9c08167b5c2e001e653d68           | TVDb ID: 308771  | IMDb ID: tt3766376  | Vice Principals |
[2025-07-01 09:56:30,842] [convert.py:389]            [INFO]     |  Cache  |  +  | plex://show/60a7dafc332877002c68b5d3           | TVDb ID: 422705  | IMDb ID: tt14707222 | Vindicators 2: Last Stand Between Earth and Doom |
[2025-07-01 09:56:30,843] [convert.py:389]            [INFO]     |  Cache  |  +  | plex://show/6248641fe98a62cfd70a3e2c           | TVDb ID: 418489  | IMDb ID: tt19842834 | Waco: The Aftermath |
[2025-07-01 09:56:30,843] [convert.py:389]            [INFO]     |  Cache  |  +  | plex://show/5d9c0918e264b7001fc4eea6           | TVDb ID: 362392  | IMDb ID: tt9140560  | WandaVision |
[2025-07-01 09:56:30,844] [convert.py:389]            [INFO]     |  Cache  |  +  | plex://show/5d9c0900705e7a001e6e81c3           | TVDb ID: 360733  | IMDb ID: tt7049682  | Watchmen |
[2025-07-01 09:56:30,845] [convert.py:389]            [INFO]     |  Cache  |  +  | plex://show/65973a8ee99135385627f237           | TVDb ID: 444195  | IMDb ID: tt22475008 | Watson |
[2025-07-01 09:56:30,845] [convert.py:389]            [INFO]     |  Cache  |  +  | plex://show/5d9c0804ba2e21001f18d361           | TVDb ID: 297271  | IMDb ID: tt4839610  | We Bare Bears |
[2025-07-01 09:56:30,846] [convert.py:389]            [INFO]     |  Cache  |  +  | plex://show/60300ded22d896002c2d4897           | TVDb ID: 397060  | IMDb ID: tt13443470 | Wednesday |
[2025-07-01 09:56:30,847] [convert.py:389]            [INFO]     |  Cache  |  +  | plex://show/5f9075bb583581002d739d91           | TVDb ID: 390430  | IMDb ID: tt13406094 | The White Lotus |
[2025-07-01 09:56:30,847] [convert.py:389]            [INFO]     |  Cache  |  +  | plex://show/5d9c086effd9ef001e994c4e           | TVDb ID: 80728   | IMDb ID: tt0840979  | The Whitest Kids U'Know |
[2025-07-01 09:56:30,848] [convert.py:389]            [INFO]     |  Cache  |  +  | plex://show/5d9c07ebffd9ef001e98897d           | TVDb ID: 216851  | IMDb ID: tt1807859  | Wild Kratts |
[2025-07-01 09:56:30,849] [convert.py:389]            [INFO]     |  Cache  |  +  | plex://show/5d9c086c7d06d9001ffd27ae           | TVDb ID: 79126   | IMDb ID: tt0306414  | The Wire |
[2025-07-01 09:56:30,850] [convert.py:389]            [INFO]     |  Cache  |  +  | plex://show/5d9c07f07b5c2e001e64fe0c           | TVDb ID: 211751  | IMDb ID: tt1610527  | Workaholics |
[2025-07-01 09:56:30,850] [convert.py:389]            [INFO]     |  Cache  |  +  | plex://show/5d9c0879e264b7001fc4568e           | TVDb ID: 82548   | IMDb ID: tt1055238  | Would I Lie to You? |
[2025-07-01 09:56:30,851] [convert.py:389]            [INFO]     |  Cache  |  +  | plex://show/5e165a4061c6140040d935b9           | TVDb ID: 372009  | IMDb ID: tt11183572 | Xavier Riddle and the Secret Museum |
[2025-07-01 09:56:30,852] [convert.py:389]            [INFO]     |  Cache  |  +  | plex://show/5f59a265388a680042616b11           | TVDb ID: 399731  | IMDb ID: tt11041332 | Yellowjackets |
[2025-07-01 09:56:30,853] [convert.py:389]            [INFO]     |  Cache  |  +  | plex://show/5d9c08de08fddd001f2a3040           | TVDb ID: 341164  | IMDb ID: tt4236770  | Yellowstone (2018) |
[2025-07-01 09:56:30,857] [convert.py:389]            [INFO]     |  Cache  |  +  | plex://show/5d9c08d16c3e37001ecda138           | TVDb ID: 328724  | IMDb ID: tt6226232  | Young Sheldon |
[2025-07-01 09:56:30,858] [convert.py:389]            [INFO]     |  Cache  |  +  | plex://show/5d9c0919ba6eb9001fbafdd6           | TVDb ID: 359579  | IMDb ID: tt7440726  | Your Honor |
[2025-07-01 09:56:30,858] [convert.py:389]            [INFO]     |  Cache  |  +  | plex://show/5d9c080ce98e47001eb06309           | TVDb ID: 78794   | IMDb ID: tt0190211  | Zoboomafoo |
[2025-07-01 09:56:30,859] [library.py:446]            [INFO]     |                                                                                                    |
[2025-07-01 09:56:30,859] [library.py:447]            [INFO]     | Processed 250 Shows                                                                                |
[2025-07-01 09:56:30,859] [operations.py:32]          [INFO]     |                                                                                                    |
[2025-07-01 09:56:30,859] [operations.py:33]          [INFO]     |====================================================================================================|
[2025-07-01 09:56:30,859] [operations.py:33]          [INFO]     |                                    TV Shows Library Operations                                     |
[2025-07-01 09:56:30,859] [operations.py:33]          [INFO]     |====================================================================================================|
[2025-07-01 09:56:30,859] [operations.py:34]          [INFO]     |                                                                                                    |
[2025-07-01 09:56:30,859] [operations.py:35]          [DEBUG]    | Assets For All: True                                                                               |
[2025-07-01 09:56:30,859] [operations.py:36]          [DEBUG]    | Delete Collections: None                                                                           |
[2025-07-01 09:56:30,859] [operations.py:37]          [DEBUG]    | Show Unmanaged Collections: True                                                                   |
[2025-07-01 09:56:30,859] [operations.py:38]          [DEBUG]    | Show Unconfigured Collections: True                                                                |
[2025-07-01 09:56:30,859] [operations.py:39]          [DEBUG]    | Mass Genre Update: None                                                                            |
[2025-07-01 09:56:30,859] [operations.py:40]          [DEBUG]    | Mass Audience Rating Update: None                                                                  |
[2025-07-01 09:56:30,859] [operations.py:41]          [DEBUG]    | Mass Critic Rating Update: None                                                                    |
[2025-07-01 09:56:30,859] [operations.py:42]          [DEBUG]    | Mass User Rating Update: None                                                                      |
[2025-07-01 09:56:30,859] [operations.py:43]          [DEBUG]    | Mass Episode Audience Rating Update: None                                                          |
[2025-07-01 09:56:30,859] [operations.py:44]          [DEBUG]    | Mass Episode Critic Rating Update: None                                                            |
[2025-07-01 09:56:30,859] [operations.py:45]          [DEBUG]    | Mass Episode User Rating Update: None                                                              |
[2025-07-01 09:56:30,859] [operations.py:46]          [DEBUG]    | Mass Content Rating Update: None                                                                   |
[2025-07-01 09:56:30,859] [operations.py:47]          [DEBUG]    | Mass Original Title Update: None                                                                   |
[2025-07-01 09:56:30,859] [operations.py:48]          [DEBUG]    | Mass Originally Available Update: None                                                             |
[2025-07-01 09:56:30,859] [operations.py:49]          [DEBUG]    | Mass Added At Update: None                                                                         |
[2025-07-01 09:56:30,859] [operations.py:50]          [DEBUG]    | Mass IMDb Parental Labels: None                                                                    |
[2025-07-01 09:56:30,859] [operations.py:51]          [DEBUG]    | Mass Poster Update: None                                                                           |
[2025-07-01 09:56:30,859] [operations.py:52]          [DEBUG]    | Mass Background Update: None                                                                       |
[2025-07-01 09:56:30,859] [operations.py:53]          [DEBUG]    | Mass Collection Mode Update: None                                                                  |
[2025-07-01 09:56:30,859] [operations.py:54]          [DEBUG]    | Split Duplicates: None                                                                             |
[2025-07-01 09:56:30,859] [operations.py:55]          [DEBUG]    | Radarr Add All Existing: None                                                                      |
[2025-07-01 09:56:30,859] [operations.py:56]          [DEBUG]    | Radarr Remove by Tag: None                                                                         |
[2025-07-01 09:56:30,859] [operations.py:57]          [DEBUG]    | Sonarr Add All Existing: None                                                                      |
[2025-07-01 09:56:30,859] [operations.py:58]          [DEBUG]    | Sonarr Remove by Tag: None                                                                         |
[2025-07-01 09:56:30,859] [operations.py:59]          [DEBUG]    | Update Blank Track Titles: None                                                                    |
[2025-07-01 09:56:30,859] [operations.py:60]          [DEBUG]    | Update Remove Title Parentheses: None                                                              |
[2025-07-01 09:56:30,859] [operations.py:61]          [DEBUG]    | Genre Mapper: None                                                                                 |
[2025-07-01 09:56:30,859] [operations.py:62]          [DEBUG]    | Content Rating Mapper: None                                                                        |
[2025-07-01 09:56:30,859] [operations.py:63]          [DEBUG]    | Metadata Backup: None                                                                              |
[2025-07-01 09:56:30,859] [operations.py:64]          [DEBUG]    | Item Operation: True                                                                               |
[2025-07-01 09:56:30,859] [operations.py:65]          [DEBUG]    |                                                                                                    |
[2025-07-01 09:56:30,859] [plex.py:606]               [INFO]     | Loading All Shows from Library: TV Shows                                                           |
[2025-07-01 09:56:31,582] [plex.py:626]               [INFO]     | Loaded 250 Shows                                                                                   |
[2025-07-01 09:56:31,582] [operations.py:132]         [INFO]     |                                                                                                    |
[2025-07-01 09:56:31,582] [operations.py:133]         [INFO]     | Processing: 1/250 8 Out of 10 Cats Does Countdown                                                  |
[2025-07-01 09:56:46,670] [operations.py:762]         [INFO]     | No Item Edits                                                                                      |
[2025-07-01 09:56:46,670] [operations.py:132]         [INFO]     |                                                                                                    |
[2025-07-01 09:56:46,670] [operations.py:133]         [INFO]     | Processing: 2/250 24                                                                               |
[2025-07-01 09:56:46,914] [operations.py:762]         [INFO]     | No Item Edits                                                                                      |
[2025-07-01 09:56:46,914] [operations.py:132]         [INFO]     |                                                                                                    |
[2025-07-01 09:56:46,914] [operations.py:133]         [INFO]     | Processing: 3/250 The 100                                                                          |
[2025-07-01 09:56:47,064] [operations.py:762]         [INFO]     | No Item Edits                                                                                      |
[2025-07-01 09:56:47,064] [operations.py:132]         [INFO]     |                                                                                                    |
[2025-07-01 09:56:47,064] [operations.py:133]         [INFO]     | Processing: 4/250 Aaahh!!! Real Monsters                                                           |
[2025-07-01 09:56:47,156] [operations.py:762]         [INFO]     | No Item Edits                                                                                      |
[2025-07-01 09:56:47,156] [operations.py:132]         [INFO]     |                                                                                                    |
[2025-07-01 09:56:47,156] [operations.py:133]         [INFO]     | Processing: 5/250 Accused (US)                                                                     |
[2025-07-01 09:56:47,213] [operations.py:762]         [INFO]     | No Item Edits                                                                                      |
[2025-07-01 09:56:47,213] [operations.py:132]         [INFO]     |                                                                                                    |
[2025-07-01 09:56:47,213] [operations.py:133]         [INFO]     | Processing: 6/250 Adolescence                                                                      |
[2025-07-01 09:56:47,233] [operations.py:762]         [INFO]     | No Item Edits                                                                                      |
[2025-07-01 09:56:47,233] [operations.py:132]         [INFO]     |                                                                                                    |
[2025-07-01 09:56:47,233] [operations.py:133]         [INFO]     | Processing: 7/250 Adventure Time                                                                   |
[2025-07-01 09:56:47,557] [operations.py:762]         [INFO]     | No Item Edits                                                                                      |
[2025-07-01 09:56:47,557] [operations.py:132]         [INFO]     |                                                                                                    |
[2025-07-01 09:56:47,557] [operations.py:133]         [INFO]     | Processing: 8/250 The Adventures of Jimmy Neutron: Boy Genius                                      |
[2025-07-01 09:56:47,640] [operations.py:762]         [INFO]     | No Item Edits                                                                                      |
[2025-07-01 09:56:47,640] [operations.py:132]         [INFO]     |                                                                                                    |
[2025-07-01 09:56:47,640] [operations.py:133]         [INFO]     | Processing: 9/250 Adventures of the Gummi Bears                                                    |
[2025-07-01 09:56:47,755] [operations.py:762]         [INFO]     | No Item Edits                                                                                      |
[2025-07-01 09:56:47,755] [operations.py:132]         [INFO]     |                                                                                                    |
[2025-07-01 09:56:47,755] [operations.py:133]         [INFO]     | Processing: 10/250 All That                                                                        |
[2025-07-01 09:56:47,880] [operations.py:762]         [INFO]     | No Item Edits                                                                                      |
[2025-07-01 09:56:47,880] [operations.py:132]         [INFO]     |                                                                                                    |
[2025-07-01 09:56:47,880] [operations.py:133]         [INFO]     | Processing: 11/250 The Amazing World of Gumball                                                    |
[2025-07-01 09:56:48,071] [operations.py:762]         [INFO]     | No Item Edits                                                                                      |
[2025-07-01 09:56:48,071] [operations.py:132]         [INFO]     |                                                                                                    |
[2025-07-01 09:56:48,071] [operations.py:133]         [INFO]     | Processing: 12/250 American Dad!                                                                   |
[2025-07-01 09:56:48,466] [operations.py:762]         [INFO]     | No Item Edits                                                                                      |
[2025-07-01 09:56:48,466] [operations.py:132]         [INFO]     |                                                                                                    |
[2025-07-01 09:56:48,466] [operations.py:133]         [INFO]     | Processing: 13/250 American Horror Story                                                           |
[2025-07-01 09:56:48,622] [library.py:216]            [INFO]     | Metadata: asset_directory updated American Horror Story's poster to [File] /Volumes/MacOS/Servers/Kometa/config/assets/plex/Movies/American Horror Story/poster.png |
[2025-07-01 09:56:48,754] [library.py:216]            [INFO]     | Metadata: asset_directory updated American Horror Story Season 1's poster to [File] /Volumes/MacOS/Servers/Kometa/config/assets/plex/Movies/American Horror Story/Season01.png |
[2025-07-01 09:56:48,904] [library.py:216]            [INFO]     | Metadata: asset_directory updated American Horror Story Season 2's poster to [File] /Volumes/MacOS/Servers/Kometa/config/assets/plex/Movies/American Horror Story/Season02.png |
[2025-07-01 09:56:49,051] [library.py:216]            [INFO]     | Metadata: asset_directory updated American Horror Story Season 3's poster to [File] /Volumes/MacOS/Servers/Kometa/config/assets/plex/Movies/American Horror Story/Season03.png |
[2025-07-01 09:56:49,203] [library.py:216]            [INFO]     | Metadata: asset_directory updated American Horror Story Season 4's poster to [File] /Volumes/MacOS/Servers/Kometa/config/assets/plex/Movies/American Horror Story/Season04.png |
[2025-07-01 09:56:49,354] [library.py:216]            [INFO]     | Metadata: asset_directory updated American Horror Story Season 5's poster to [File] /Volumes/MacOS/Servers/Kometa/config/assets/plex/Movies/American Horror Story/Season05.png |
[2025-07-01 09:56:49,507] [library.py:216]            [INFO]     | Metadata: asset_directory updated American Horror Story Season 6's poster to [File] /Volumes/MacOS/Servers/Kometa/config/assets/plex/Movies/American Horror Story/Season06.png |
[2025-07-01 09:56:49,642] [library.py:216]            [INFO]     | Metadata: asset_directory updated American Horror Story Season 7's poster to [File] /Volumes/MacOS/Servers/Kometa/config/assets/plex/Movies/American Horror Story/Season07.png |
[2025-07-01 09:56:49,780] [library.py:216]            [INFO]     | Metadata: asset_directory updated American Horror Story Season 8's poster to [File] /Volumes/MacOS/Servers/Kometa/config/assets/plex/Movies/American Horror Story/Season08.png |
[2025-07-01 09:56:49,912] [library.py:216]            [INFO]     | Metadata: asset_directory updated American Horror Story Season 9's poster to [File] /Volumes/MacOS/Servers/Kometa/config/assets/plex/Movies/American Horror Story/Season09.png |
[2025-07-01 09:56:50,055] [library.py:216]            [INFO]     | Metadata: asset_directory updated American Horror Story Season 10's poster to [File] /Volumes/MacOS/Servers/Kometa/config/assets/plex/Movies/American Horror Story/Season10.png |
[2025-07-01 09:56:50,187] [library.py:216]            [INFO]     | Metadata: asset_directory updated American Horror Story Season 11's poster to [File] /Volumes/MacOS/Servers/Kometa/config/assets/plex/Movies/American Horror Story/Season11.png |
[2025-07-01 09:56:50,333] [library.py:216]            [INFO]     | Metadata: asset_directory updated American Horror Story Season 12's poster to [File] /Volumes/MacOS/Servers/Kometa/config/assets/plex/Movies/American Horror Story/Season12.png |
[2025-07-01 09:56:50,358] [operations.py:762]         [INFO]     | No Item Edits                                                                                      |
[2025-07-01 09:56:50,358] [operations.py:132]         [INFO]     |                                                                                                    |
[2025-07-01 09:56:50,358] [operations.py:133]         [INFO]     | Processing: 14/250 American Primeval                                                               |
[2025-07-01 09:56:50,478] [operations.py:762]         [INFO]     | No Item Edits                                                                                      |
[2025-07-01 09:56:50,478] [operations.py:132]         [INFO]     |                                                                                                    |
[2025-07-01 09:56:50,478] [operations.py:133]         [INFO]     | Processing: 15/250 Andor                                                                           |
[2025-07-01 09:56:50,532] [operations.py:762]         [INFO]     | No Item Edits                                                                                      |
[2025-07-01 09:56:50,532] [operations.py:132]         [INFO]     |                                                                                                    |
[2025-07-01 09:56:50,532] [operations.py:133]         [INFO]     | Processing: 16/250 Arcane                                                                          |
[2025-07-01 09:56:50,568] [operations.py:762]         [INFO]     | No Item Edits                                                                                      |
[2025-07-01 09:56:50,568] [operations.py:132]         [INFO]     |                                                                                                    |
[2025-07-01 09:56:50,568] [operations.py:133]         [INFO]     | Processing: 17/250 Arrested Development                                                            |
[2025-07-01 09:56:50,687] [operations.py:762]         [INFO]     | No Item Edits                                                                                      |
[2025-07-01 09:56:50,687] [operations.py:132]         [INFO]     |                                                                                                    |
[2025-07-01 09:56:50,687] [operations.py:133]         [INFO]     | Processing: 18/250 Arrow                                                                           |
[2025-07-01 09:56:50,852] [library.py:216]            [INFO]     | Metadata: asset_directory updated Arrow's poster to [File] /Volumes/MacOS/Servers/Kometa/config/assets/plex/Movies/Arrow/poster.png |
[2025-07-01 09:56:50,980] [library.py:216]            [INFO]     | Metadata: asset_directory updated Arrow Season 1's poster to [File] /Volumes/MacOS/Servers/Kometa/config/assets/plex/Movies/Arrow/Season01.png |
[2025-07-01 09:56:51,134] [library.py:216]            [INFO]     | Metadata: asset_directory updated Arrow Season 2's poster to [File] /Volumes/MacOS/Servers/Kometa/config/assets/plex/Movies/Arrow/Season02.png |
[2025-07-01 09:56:51,290] [library.py:216]            [INFO]     | Metadata: asset_directory updated Arrow Season 3's poster to [File] /Volumes/MacOS/Servers/Kometa/config/assets/plex/Movies/Arrow/Season03.png |
[2025-07-01 09:56:51,446] [library.py:216]            [INFO]     | Metadata: asset_directory updated Arrow Season 4's poster to [File] /Volumes/MacOS/Servers/Kometa/config/assets/plex/Movies/Arrow/Season04.png |
[2025-07-01 09:56:51,606] [library.py:216]            [INFO]     | Metadata: asset_directory updated Arrow Season 5's poster to [File] /Volumes/MacOS/Servers/Kometa/config/assets/plex/Movies/Arrow/Season05.png |
[2025-07-01 09:56:51,763] [library.py:216]            [INFO]     | Metadata: asset_directory updated Arrow Season 6's poster to [File] /Volumes/MacOS/Servers/Kometa/config/assets/plex/Movies/Arrow/Season06.png |
[2025-07-01 09:56:51,923] [library.py:216]            [INFO]     | Metadata: asset_directory updated Arrow Season 7's poster to [File] /Volumes/MacOS/Servers/Kometa/config/assets/plex/Movies/Arrow/Season07.png |
[2025-07-01 09:56:52,073] [library.py:216]            [INFO]     | Metadata: asset_directory updated Arrow Season 8's poster to [File] /Volumes/MacOS/Servers/Kometa/config/assets/plex/Movies/Arrow/Season08.png |
[2025-07-01 09:56:52,104] [operations.py:762]         [INFO]     | No Item Edits                                                                                      |
[2025-07-01 09:56:52,104] [operations.py:132]         [INFO]     |                                                                                                    |
[2025-07-01 09:56:52,104] [operations.py:133]         [INFO]     | Processing: 19/250 Arthur                                                                          |
[2025-07-01 09:56:52,554] [operations.py:762]         [INFO]     | No Item Edits                                                                                      |
[2025-07-01 09:56:52,554] [operations.py:132]         [INFO]     |                                                                                                    |
[2025-07-01 09:56:52,554] [operations.py:133]         [INFO]     | Processing: 20/250 As Told By Ginger                                                               |
[2025-07-01 09:56:52,635] [operations.py:762]         [INFO]     | No Item Edits                                                                                      |
[2025-07-01 09:56:52,635] [operations.py:132]         [INFO]     |                                                                                                    |
[2025-07-01 09:56:52,635] [operations.py:133]         [INFO]     | Processing: 21/250 Avatar: The Last Airbender (2024)                                               |
[2025-07-01 09:56:52,665] [operations.py:762]         [INFO]     | No Item Edits                                                                                      |
[2025-07-01 09:56:52,665] [operations.py:132]         [INFO]     |                                                                                                    |
[2025-07-01 09:56:52,665] [operations.py:133]         [INFO]     | Processing: 22/250 Bad Monkey                                                                      |
[2025-07-01 09:56:52,700] [operations.py:762]         [INFO]     | No Item Edits                                                                                      |
[2025-07-01 09:56:52,700] [operations.py:132]         [INFO]     |                                                                                                    |
[2025-07-01 09:56:52,700] [operations.py:133]         [INFO]     | Processing: 23/250 Ballers                                                                         |
[2025-07-01 09:56:52,789] [operations.py:762]         [INFO]     | No Item Edits                                                                                      |
[2025-07-01 09:56:52,790] [operations.py:132]         [INFO]     |                                                                                                    |
[2025-07-01 09:56:52,790] [operations.py:133]         [INFO]     | Processing: 24/250 Bates Motel                                                                     |
[2025-07-01 09:56:52,880] [operations.py:762]         [INFO]     | No Item Edits                                                                                      |
[2025-07-01 09:56:52,880] [operations.py:132]         [INFO]     |                                                                                                    |
[2025-07-01 09:56:52,880] [operations.py:133]         [INFO]     | Processing: 25/250 Batwoman                                                                        |
[2025-07-01 09:56:53,027] [library.py:216]            [INFO]     | Metadata: asset_directory updated Batwoman Season 1's poster to [File] /Volumes/MacOS/Servers/Kometa/config/assets/plex/Movies/Batwoman/Season01.jpg |
[2025-07-01 09:56:53,192] [library.py:216]            [INFO]     | Metadata: asset_directory updated Batwoman Season 2's poster to [File] /Volumes/MacOS/Servers/Kometa/config/assets/plex/Movies/Batwoman/Season02.jpg |
[2025-07-01 09:56:53,333] [library.py:216]            [INFO]     | Metadata: asset_directory updated Batwoman Season 3's poster to [File] /Volumes/MacOS/Servers/Kometa/config/assets/plex/Movies/Batwoman/Season03.jpg |
[2025-07-01 09:56:53,392] [operations.py:762]         [INFO]     | No Item Edits                                                                                      |
[2025-07-01 09:56:53,392] [operations.py:132]         [INFO]     |                                                                                                    |
[2025-07-01 09:56:53,392] [operations.py:133]         [INFO]     | Processing: 26/250 Bear in the Big Blue House                                                      |
[2025-07-01 09:56:53,564] [operations.py:762]         [INFO]     | No Item Edits                                                                                      |
[2025-07-01 09:56:53,564] [operations.py:132]         [INFO]     |                                                                                                    |
[2025-07-01 09:56:53,564] [operations.py:133]         [INFO]     | Processing: 27/250 Better Call Saul                                                                |
[2025-07-01 09:56:53,633] [operations.py:762]         [INFO]     | No Item Edits                                                                                      |
[2025-07-01 09:56:53,633] [operations.py:132]         [INFO]     |                                                                                                    |
[2025-07-01 09:56:53,633] [operations.py:133]         [INFO]     | Processing: 28/250 The Big Bang Theory                                                             |
[2025-07-01 09:56:53,932] [operations.py:762]         [INFO]     | No Item Edits                                                                                      |
[2025-07-01 09:56:53,932] [operations.py:132]         [INFO]     |                                                                                                    |
[2025-07-01 09:56:53,932] [operations.py:133]         [INFO]     | Processing: 29/250 Big City Greens                                                                 |
[2025-07-01 09:56:54,061] [library.py:216]            [INFO]     | Metadata: asset_directory updated Big City Greens's poster to [File] /Volumes/MacOS/Servers/Kometa/config/assets/plex/Movies/Big City Greens/poster.jpg |
[2025-07-01 09:56:54,185] [library.py:216]            [INFO]     | Metadata: asset_directory updated Big City Greens Season 1's poster to [File] /Volumes/MacOS/Servers/Kometa/config/assets/plex/Movies/Big City Greens/Season01.jpg |
[2025-07-01 09:56:54,346] [library.py:216]            [INFO]     | Metadata: asset_directory updated Big City Greens Season 2's poster to [File] /Volumes/MacOS/Servers/Kometa/config/assets/plex/Movies/Big City Greens/Season02.jpg |
[2025-07-01 09:56:54,531] [library.py:216]            [INFO]     | Metadata: asset_directory updated Big City Greens Season 3's poster to [File] /Volumes/MacOS/Servers/Kometa/config/assets/plex/Movies/Big City Greens/Season03.jpg |
[2025-07-01 09:56:54,702] [library.py:216]            [INFO]     | Metadata: asset_directory updated Big City Greens Season 4's poster to [File] /Volumes/MacOS/Servers/Kometa/config/assets/plex/Movies/Big City Greens/Season04.jpg |
[2025-07-01 09:56:54,863] [operations.py:762]         [INFO]     | No Item Edits                                                                                      |
[2025-07-01 09:56:54,863] [operations.py:132]         [INFO]     |                                                                                                    |
[2025-07-01 09:56:54,863] [operations.py:133]         [INFO]     | Processing: 30/250 Big Nate                                                                        |
[2025-07-01 09:56:54,918] [operations.py:762]         [INFO]     | No Item Edits                                                                                      |
[2025-07-01 09:56:54,918] [operations.py:132]         [INFO]     |                                                                                                    |
[2025-07-01 09:56:54,918] [operations.py:133]         [INFO]     | Processing: 31/250 Black Lightning                                                                 |
[2025-07-01 09:56:55,095] [library.py:216]            [INFO]     | Metadata: asset_directory updated Black Lightning's poster to [File] /Volumes/MacOS/Servers/Kometa/config/assets/plex/Movies/Black Lightning/poster.png |
[2025-07-01 09:56:55,157] [library.py:216]            [INFO]     | Metadata: asset_directory updated Black Lightning Season 1's poster to [File] /Volumes/MacOS/Servers/Kometa/config/assets/plex/Movies/Black Lightning/Season01.jpg |
[2025-07-01 09:56:55,198] [library.py:216]            [INFO]     | Metadata: asset_directory updated Black Lightning Season 2's poster to [File] /Volumes/MacOS/Servers/Kometa/config/assets/plex/Movies/Black Lightning/Season02.jpg |
[2025-07-01 09:56:55,234] [library.py:216]            [INFO]     | Metadata: asset_directory updated Black Lightning Season 3's poster to [File] /Volumes/MacOS/Servers/Kometa/config/assets/plex/Movies/Black Lightning/Season03.png |
[2025-07-01 09:56:55,371] [library.py:216]            [INFO]     | Metadata: asset_directory updated Black Lightning Season 4's poster to [File] /Volumes/MacOS/Servers/Kometa/config/assets/plex/Movies/Black Lightning/Season04.jpg |
[2025-07-01 09:56:55,403] [operations.py:762]         [INFO]     | No Item Edits                                                                                      |
[2025-07-01 09:56:55,403] [operations.py:132]         [INFO]     |                                                                                                    |
[2025-07-01 09:56:55,403] [operations.py:133]         [INFO]     | Processing: 32/250 The Blacklist                                                                   |
[2025-07-01 09:56:55,558] [operations.py:762]         [INFO]     | No Item Edits                                                                                      |
[2025-07-01 09:56:55,558] [operations.py:132]         [INFO]     |                                                                                                    |
[2025-07-01 09:56:55,558] [operations.py:133]         [INFO]     | Processing: 33/250 Blaze and the Monster Machines                                                  |
[2025-07-01 09:56:55,670] [library.py:216]            [INFO]     | Metadata: asset_directory updated Blaze and the Monster Machines's poster to [File] /Volumes/MacOS/Servers/Kometa/config/assets/plex/Movies/Blaze and the Monster Machines/poster.jpg |
[2025-07-01 09:56:55,853] [operations.py:762]         [INFO]     | No Item Edits                                                                                      |
[2025-07-01 09:56:55,853] [operations.py:132]         [INFO]     |                                                                                                    |
[2025-07-01 09:56:55,853] [operations.py:133]         [INFO]     | Processing: 34/250 Blippi Wonders                                                                  |
[2025-07-01 09:56:55,870] [operations.py:762]         [INFO]     | No Item Edits                                                                                      |
[2025-07-01 09:56:55,870] [operations.py:132]         [INFO]     |                                                                                                    |
[2025-07-01 09:56:55,870] [operations.py:133]         [INFO]     | Processing: 35/250 Bluey (2018)                                                                    |
[2025-07-01 09:56:55,984] [operations.py:762]         [INFO]     | No Item Edits                                                                                      |
[2025-07-01 09:56:55,984] [operations.py:132]         [INFO]     |                                                                                                    |
[2025-07-01 09:56:55,984] [operations.py:133]         [INFO]     | Processing: 36/250 The Bondsman                                                                    |
[2025-07-01 09:56:56,004] [operations.py:762]         [INFO]     | No Item Edits                                                                                      |
[2025-07-01 09:56:56,004] [operations.py:132]         [INFO]     |                                                                                                    |
[2025-07-01 09:56:56,004] [operations.py:133]         [INFO]     | Processing: 37/250 The Boys                                                                        |
[2025-07-01 09:56:56,110] [operations.py:762]         [INFO]     | No Item Edits                                                                                      |
[2025-07-01 09:56:56,110] [operations.py:132]         [INFO]     |                                                                                                    |
[2025-07-01 09:56:56,110] [operations.py:133]         [INFO]     | Processing: 38/250 Breaking Bad                                                                    |
[2025-07-01 09:56:56,250] [operations.py:762]         [INFO]     | No Item Edits                                                                                      |
[2025-07-01 09:56:56,250] [operations.py:132]         [INFO]     |                                                                                                    |
[2025-07-01 09:56:56,250] [operations.py:133]         [INFO]     | Processing: 39/250 Bridgerton                                                                      |
[2025-07-01 09:56:56,306] [operations.py:762]         [INFO]     | No Item Edits                                                                                      |
[2025-07-01 09:56:56,306] [operations.py:132]         [INFO]     |                                                                                                    |
[2025-07-01 09:56:56,306] [operations.py:133]         [INFO]     | Processing: 40/250 Brooklyn Nine-Nine                                                              |
[2025-07-01 09:56:56,499] [operations.py:762]         [INFO]     | No Item Edits                                                                                      |
[2025-07-01 09:56:56,499] [operations.py:132]         [INFO]     |                                                                                                    |
[2025-07-01 09:56:56,499] [operations.py:133]         [INFO]     | Processing: 41/250 Bubble Guppies                                                                  |
[2025-07-01 09:56:56,641] [operations.py:762]         [INFO]     | No Item Edits                                                                                      |
[2025-07-01 09:56:56,641] [operations.py:132]         [INFO]     |                                                                                                    |
[2025-07-01 09:56:56,641] [operations.py:133]         [INFO]     | Processing: 42/250 Buffy the Vampire Slayer                                                        |
[2025-07-01 09:56:56,775] [library.py:216]            [INFO]     | Metadata: asset_directory updated Buffy the Vampire Slayer's poster to [File] /Volumes/MacOS/Servers/Kometa/config/assets/plex/Movies/Buffy the Vampire Slayer/poster.png |
[2025-07-01 09:56:56,811] [library.py:216]            [INFO]     | Metadata: asset_directory updated Buffy the Vampire Slayer Season 1's poster to [File] /Volumes/MacOS/Servers/Kometa/config/assets/plex/Movies/Buffy the Vampire Slayer/Season01.png |
[2025-07-01 09:56:56,940] [library.py:216]            [INFO]     | Metadata: asset_directory updated Buffy the Vampire Slayer Season 2's poster to [File] /Volumes/MacOS/Servers/Kometa/config/assets/plex/Movies/Buffy the Vampire Slayer/Season02.png |
[2025-07-01 09:56:57,087] [library.py:216]            [INFO]     | Metadata: asset_directory updated Buffy the Vampire Slayer Season 3's poster to [File] /Volumes/MacOS/Servers/Kometa/config/assets/plex/Movies/Buffy the Vampire Slayer/Season03.png |
[2025-07-01 09:56:57,233] [library.py:216]            [INFO]     | Metadata: asset_directory updated Buffy the Vampire Slayer Season 4's poster to [File] /Volumes/MacOS/Servers/Kometa/config/assets/plex/Movies/Buffy the Vampire Slayer/Season04.png |
[2025-07-01 09:56:57,388] [library.py:216]            [INFO]     | Metadata: asset_directory updated Buffy the Vampire Slayer Season 5's poster to [File] /Volumes/MacOS/Servers/Kometa/config/assets/plex/Movies/Buffy the Vampire Slayer/Season05.png |
[2025-07-01 09:56:57,512] [library.py:216]            [INFO]     | Metadata: asset_directory updated Buffy the Vampire Slayer Season 6's poster to [File] /Volumes/MacOS/Servers/Kometa/config/assets/plex/Movies/Buffy the Vampire Slayer/Season06.png |
[2025-07-01 09:56:57,684] [library.py:216]            [INFO]     | Metadata: asset_directory updated Buffy the Vampire Slayer Season 7's poster to [File] /Volumes/MacOS/Servers/Kometa/config/assets/plex/Movies/Buffy the Vampire Slayer/Season07.png |
[2025-07-01 09:56:57,722] [operations.py:762]         [INFO]     | No Item Edits                                                                                      |
[2025-07-01 09:56:57,722] [operations.py:132]         [INFO]     |                                                                                                    |
[2025-07-01 09:56:57,722] [operations.py:133]         [INFO]     | Processing: 43/250 ChalkZone                                                                       |
[2025-07-01 09:56:57,854] [operations.py:762]         [INFO]     | No Item Edits                                                                                      |
[2025-07-01 09:56:57,854] [operations.py:132]         [INFO]     |                                                                                                    |
[2025-07-01 09:56:57,854] [operations.py:133]         [INFO]     | Processing: 44/250 Charmed                                                                         |
[2025-07-01 09:56:58,015] [operations.py:762]         [INFO]     | No Item Edits                                                                                      |
[2025-07-01 09:56:58,015] [operations.py:132]         [INFO]     |                                                                                                    |
[2025-07-01 09:56:58,015] [operations.py:133]         [INFO]     | Processing: 45/250 Chernobyl                                                                       |
[2025-07-01 09:56:58,035] [operations.py:762]         [INFO]     | No Item Edits                                                                                      |
[2025-07-01 09:56:58,036] [operations.py:132]         [INFO]     |                                                                                                    |
[2025-07-01 09:56:58,036] [operations.py:133]         [INFO]     | Processing: 46/250 Constantine                                                                     |
[2025-07-01 09:56:58,174] [library.py:216]            [INFO]     | Metadata: asset_directory updated Constantine's poster to [File] /Volumes/MacOS/Servers/Kometa/config/assets/plex/Movies/Constantine/poster.jpg |
[2025-07-01 09:56:58,242] [library.py:216]            [INFO]     | Metadata: asset_directory updated Constantine Season 1's poster to [File] /Volumes/MacOS/Servers/Kometa/config/assets/plex/Movies/Constantine/Season01.jpg |
[2025-07-01 09:56:58,360] [operations.py:762]         [INFO]     | No Item Edits                                                                                      |
[2025-07-01 09:56:58,360] [operations.py:132]         [INFO]     |                                                                                                    |
[2025-07-01 09:56:58,360] [operations.py:133]         [INFO]     | Processing: 47/250 Courage the Cowardly Dog                                                        |
[2025-07-01 09:56:58,375] [operations.py:762]         [INFO]     | No Item Edits                                                                                      |
[2025-07-01 09:56:58,375] [operations.py:132]         [INFO]     |                                                                                                    |
[2025-07-01 09:56:58,376] [operations.py:133]         [INFO]     | Processing: 48/250 Criminal Minds                                                                  |
[2025-07-01 09:56:58,467] [operations.py:762]         [INFO]     | No Item Edits                                                                                      |
[2025-07-01 09:56:58,468] [operations.py:132]         [INFO]     |                                                                                                    |
[2025-07-01 09:56:58,468] [operations.py:133]         [INFO]     | Processing: 49/250 The Crocodile Hunter                                                            |
[2025-07-01 09:56:58,489] [operations.py:762]         [INFO]     | No Item Edits                                                                                      |
[2025-07-01 09:56:58,489] [operations.py:132]         [INFO]     |                                                                                                    |
[2025-07-01 09:56:58,489] [operations.py:133]         [INFO]     | Processing: 50/250 The Crown                                                                       |
[2025-07-01 09:56:58,566] [operations.py:762]         [INFO]     | No Item Edits                                                                                      |
[2025-07-01 09:56:58,566] [operations.py:132]         [INFO]     |                                                                                                    |
[2025-07-01 09:56:58,566] [operations.py:133]         [INFO]     | Processing: 51/250 Dads (2013)                                                                     |
[2025-07-01 09:56:58,586] [operations.py:762]         [INFO]     | No Item Edits                                                                                      |
[2025-07-01 09:56:58,586] [operations.py:132]         [INFO]     |                                                                                                    |
[2025-07-01 09:56:58,586] [operations.py:133]         [INFO]     | Processing: 52/250 Danger Force                                                                    |
[2025-07-01 09:56:58,641] [operations.py:762]         [INFO]     | No Item Edits                                                                                      |
[2025-07-01 09:56:58,641] [operations.py:132]         [INFO]     |                                                                                                    |
[2025-07-01 09:56:58,642] [operations.py:133]         [INFO]     | Processing: 53/250 Daredevil: Born Again                                                           |
[2025-07-01 09:56:58,666] [operations.py:762]         [INFO]     | No Item Edits                                                                                      |
[2025-07-01 09:56:58,666] [operations.py:132]         [INFO]     |                                                                                                    |
[2025-07-01 09:56:58,666] [operations.py:133]         [INFO]     | Processing: 54/250 DAVE                                                                            |
[2025-07-01 09:56:58,709] [operations.py:762]         [INFO]     | No Item Edits                                                                                      |
[2025-07-01 09:56:58,709] [operations.py:132]         [INFO]     |                                                                                                    |
[2025-07-01 09:56:58,709] [operations.py:133]         [INFO]     | Processing: 55/250 DC's Legends of Tomorrow                                                        |
[2025-07-01 09:56:58,836] [operations.py:762]         [INFO]     | No Item Edits                                                                                      |
[2025-07-01 09:56:58,836] [operations.py:132]         [INFO]     |                                                                                                    |
[2025-07-01 09:56:58,836] [operations.py:133]         [INFO]     | Processing: 56/250 Designated Survivor                                                             |
[2025-07-01 09:56:58,898] [operations.py:762]         [INFO]     | No Item Edits                                                                                      |
[2025-07-01 09:56:58,898] [operations.py:132]         [INFO]     |                                                                                                    |
[2025-07-01 09:56:58,898] [operations.py:133]         [INFO]     | Processing: 57/250 Detroiters                                                                      |
[2025-07-01 09:56:58,929] [operations.py:762]         [INFO]     | No Item Edits                                                                                      |
[2025-07-01 09:56:58,929] [operations.py:132]         [INFO]     |                                                                                                    |
[2025-07-01 09:56:58,929] [operations.py:133]         [INFO]     | Processing: 58/250 Dexter                                                                          |
[2025-07-01 09:56:59,084] [library.py:216]            [INFO]     | Metadata: asset_directory updated Dexter's poster to [File] /Volumes/MacOS/Servers/Kometa/config/assets/plex/Movies/Dexter/poster.png |
[2025-07-01 09:56:59,115] [library.py:216]            [INFO]     | Metadata: asset_directory updated Dexter Season 1's poster to [File] /Volumes/MacOS/Servers/Kometa/config/assets/plex/Movies/Dexter/Season01.jpg |
[2025-07-01 09:56:59,249] [library.py:216]            [INFO]     | Metadata: asset_directory updated Dexter Season 2's poster to [File] /Volumes/MacOS/Servers/Kometa/config/assets/plex/Movies/Dexter/Season02.jpg |
[2025-07-01 09:56:59,400] [library.py:216]            [INFO]     | Metadata: asset_directory updated Dexter Season 3's poster to [File] /Volumes/MacOS/Servers/Kometa/config/assets/plex/Movies/Dexter/Season03.jpg |
[2025-07-01 09:56:59,595] [library.py:216]            [INFO]     | Metadata: asset_directory updated Dexter Season 4's poster to [File] /Volumes/MacOS/Servers/Kometa/config/assets/plex/Movies/Dexter/Season04.jpg |
[2025-07-01 09:56:59,733] [library.py:216]            [INFO]     | Metadata: asset_directory updated Dexter Season 5's poster to [File] /Volumes/MacOS/Servers/Kometa/config/assets/plex/Movies/Dexter/Season05.jpg |
[2025-07-01 09:56:59,867] [library.py:216]            [INFO]     | Metadata: asset_directory updated Dexter Season 6's poster to [File] /Volumes/MacOS/Servers/Kometa/config/assets/plex/Movies/Dexter/Season06.jpg |
[2025-07-01 09:57:00,198] [library.py:216]            [INFO]     | Metadata: asset_directory updated Dexter Season 7's poster to [File] /Volumes/MacOS/Servers/Kometa/config/assets/plex/Movies/Dexter/Season07.jpg |
[2025-07-01 09:57:00,350] [library.py:216]            [INFO]     | Metadata: asset_directory updated Dexter Season 8's poster to [File] /Volumes/MacOS/Servers/Kometa/config/assets/plex/Movies/Dexter/Season08.jpg |
[2025-07-01 09:57:00,375] [operations.py:762]         [INFO]     | No Item Edits                                                                                      |
[2025-07-01 09:57:00,375] [operations.py:132]         [INFO]     |                                                                                                    |
[2025-07-01 09:57:00,375] [operations.py:133]         [INFO]     | Processing: 59/250 Dino Dan                                                                        |
[2025-07-01 09:57:00,459] [operations.py:762]         [INFO]     | No Item Edits                                                                                      |
[2025-07-01 09:57:00,459] [operations.py:132]         [INFO]     |                                                                                                    |
[2025-07-01 09:57:00,459] [operations.py:133]         [INFO]     | Processing: 60/250 Dino Dana                                                                       |
[2025-07-01 09:57:00,523] [operations.py:762]         [INFO]     | No Item Edits                                                                                      |
[2025-07-01 09:57:00,523] [operations.py:132]         [INFO]     |                                                                                                    |
[2025-07-01 09:57:00,523] [operations.py:133]         [INFO]     | Processing: 61/250 Downton Abbey                                                                   |
[2025-07-01 09:57:00,549] [operations.py:762]         [INFO]     | No Item Edits                                                                                      |
[2025-07-01 09:57:00,549] [operations.py:132]         [INFO]     |                                                                                                    |
[2025-07-01 09:57:00,549] [operations.py:133]         [INFO]     | Processing: 62/250 Dragon Ball                                                                     |
[2025-07-01 09:57:00,688] [operations.py:762]         [INFO]     | No Item Edits                                                                                      |
[2025-07-01 09:57:00,688] [operations.py:132]         [INFO]     |                                                                                                    |
[2025-07-01 09:57:00,688] [operations.py:133]         [INFO]     | Processing: 63/250 Dragon Ball DAIMA                                                               |
[2025-07-01 09:57:00,722] [operations.py:762]         [INFO]     | No Item Edits                                                                                      |
[2025-07-01 09:57:00,722] [operations.py:132]         [INFO]     |                                                                                                    |
[2025-07-01 09:57:00,722] [operations.py:133]         [INFO]     | Processing: 64/250 Dragon Ball Super                                                               |
[2025-07-01 09:57:00,831] [operations.py:762]         [INFO]     | No Item Edits                                                                                      |
[2025-07-01 09:57:00,831] [operations.py:132]         [INFO]     |                                                                                                    |
[2025-07-01 09:57:00,831] [operations.py:133]         [INFO]     | Processing: 65/250 Dragon Ball Z                                                                   |
[2025-07-01 09:57:01,119] [operations.py:762]         [INFO]     | No Item Edits                                                                                      |
[2025-07-01 09:57:01,119] [operations.py:132]         [INFO]     |                                                                                                    |
[2025-07-01 09:57:01,119] [operations.py:133]         [INFO]     | Processing: 66/250 Dragon Ball Z Kai                                                               |
[2025-07-01 09:57:01,185] [operations.py:762]         [INFO]     | No Item Edits                                                                                      |
[2025-07-01 09:57:01,185] [operations.py:132]         [INFO]     |                                                                                                    |
[2025-07-01 09:57:01,185] [operations.py:133]         [INFO]     | Processing: 67/250 Drake & Josh                                                                    |
[2025-07-01 09:57:01,272] [operations.py:762]         [INFO]     | No Item Edits                                                                                      |
[2025-07-01 09:57:01,273] [operations.py:132]         [INFO]     |                                                                                                    |
[2025-07-01 09:57:01,273] [operations.py:133]         [INFO]     | Processing: 68/250 Eastbound & Down                                                                |
[2025-07-01 09:57:01,401] [library.py:216]            [INFO]     | Metadata: asset_directory updated Eastbound & Down's poster to [File] /Volumes/MacOS/Servers/Kometa/config/assets/plex/Movies/Eastbound & Down/poster.png |
[2025-07-01 09:57:01,533] [library.py:216]            [INFO]     | Metadata: asset_directory updated Eastbound & Down Season 1's poster to [File] /Volumes/MacOS/Servers/Kometa/config/assets/plex/Movies/Eastbound & Down/Season01.png |
[2025-07-01 09:57:01,658] [library.py:216]            [INFO]     | Metadata: asset_directory updated Eastbound & Down Season 2's poster to [File] /Volumes/MacOS/Servers/Kometa/config/assets/plex/Movies/Eastbound & Down/Season02.png |
[2025-07-01 09:57:01,793] [library.py:216]            [INFO]     | Metadata: asset_directory updated Eastbound & Down Season 3's poster to [File] /Volumes/MacOS/Servers/Kometa/config/assets/plex/Movies/Eastbound & Down/Season03.png |
[2025-07-01 09:57:01,929] [library.py:216]            [INFO]     | Metadata: asset_directory updated Eastbound & Down Season 4's poster to [File] /Volumes/MacOS/Servers/Kometa/config/assets/plex/Movies/Eastbound & Down/Season04.png |
[2025-07-01 09:57:01,948] [operations.py:762]         [INFO]     | No Item Edits                                                                                      |
[2025-07-01 09:57:01,948] [operations.py:132]         [INFO]     |                                                                                                    |
[2025-07-01 09:57:01,948] [operations.py:133]         [INFO]     | Processing: 69/250 Ed                                                                              |
[2025-07-01 09:57:02,154] [operations.py:762]         [INFO]     | No Item Edits                                                                                      |
[2025-07-01 09:57:02,154] [operations.py:132]         [INFO]     |                                                                                                    |
[2025-07-01 09:57:02,154] [operations.py:133]         [INFO]     | Processing: 70/250 Elementary                                                                      |
[2025-07-01 09:57:02,328] [library.py:216]            [INFO]     | Metadata: asset_directory updated Elementary's poster to [File] /Volumes/MacOS/Servers/Kometa/config/assets/plex/Movies/Elementary/poster.jpeg |
[2025-07-01 09:57:02,461] [library.py:216]            [INFO]     | Metadata: asset_directory updated Elementary Season 1's poster to [File] /Volumes/MacOS/Servers/Kometa/config/assets/plex/Movies/Elementary/Season01.jpeg |
[2025-07-01 09:57:02,559] [library.py:216]            [INFO]     | Metadata: asset_directory updated Elementary Season 2's poster to [File] /Volumes/MacOS/Servers/Kometa/config/assets/plex/Movies/Elementary/Season02.jpeg |
[2025-07-01 09:57:02,688] [library.py:216]            [INFO]     | Metadata: asset_directory updated Elementary Season 3's poster to [File] /Volumes/MacOS/Servers/Kometa/config/assets/plex/Movies/Elementary/Season03.jpeg |
[2025-07-01 09:57:02,855] [library.py:216]            [INFO]     | Metadata: asset_directory updated Elementary Season 4's poster to [File] /Volumes/MacOS/Servers/Kometa/config/assets/plex/Movies/Elementary/Season04.jpeg |
[2025-07-01 09:57:03,010] [library.py:216]            [INFO]     | Metadata: asset_directory updated Elementary Season 5's poster to [File] /Volumes/MacOS/Servers/Kometa/config/assets/plex/Movies/Elementary/Season05.jpeg |
[2025-07-01 09:57:03,111] [library.py:216]            [INFO]     | Metadata: asset_directory updated Elementary Season 6's poster to [File] /Volumes/MacOS/Servers/Kometa/config/assets/plex/Movies/Elementary/Season06.jpeg |
[2025-07-01 09:57:03,265] [library.py:216]            [INFO]     | Metadata: asset_directory updated Elementary Season 7's poster to [File] /Volumes/MacOS/Servers/Kometa/config/assets/plex/Movies/Elementary/Season07.jpeg |
[2025-07-01 09:57:03,298] [operations.py:762]         [INFO]     | No Item Edits                                                                                      |
[2025-07-01 09:57:03,298] [operations.py:132]         [INFO]     |                                                                                                    |
[2025-07-01 09:57:03,298] [operations.py:133]         [INFO]     | Processing: 71/250 Euphoria (US)                                                                   |
[2025-07-01 09:57:03,445] [operations.py:762]         [INFO]     | No Item Edits                                                                                      |
[2025-07-01 09:57:03,445] [operations.py:132]         [INFO]     |                                                                                                    |
[2025-07-01 09:57:03,445] [operations.py:133]         [INFO]     | Processing: 72/250 Even Stevens                                                                    |
[2025-07-01 09:57:03,541] [operations.py:762]         [INFO]     | No Item Edits                                                                                      |
[2025-07-01 09:57:03,542] [operations.py:132]         [INFO]     |                                                                                                    |
[2025-07-01 09:57:03,542] [operations.py:133]         [INFO]     | Processing: 73/250 The Expanse                                                                     |
[2025-07-01 09:57:03,649] [operations.py:762]         [INFO]     | No Item Edits                                                                                      |
[2025-07-01 09:57:03,649] [operations.py:132]         [INFO]     |                                                                                                    |
[2025-07-01 09:57:03,649] [operations.py:133]         [INFO]     | Processing: 74/250 Extreme Cheapskates                                                             |
[2025-07-01 09:57:03,699] [operations.py:762]         [INFO]     | No Item Edits                                                                                      |
[2025-07-01 09:57:03,699] [operations.py:132]         [INFO]     |                                                                                                    |
[2025-07-01 09:57:03,699] [operations.py:133]         [INFO]     | Processing: 75/250 F is for Family                                                                 |
[2025-07-01 09:57:03,796] [library.py:216]            [INFO]     | Metadata: asset_directory updated F is for Family Season 1's poster to [File] /Volumes/MacOS/Servers/Kometa/config/assets/plex/Movies/F is for Family/Season01.png |
[2025-07-01 09:57:03,924] [library.py:216]            [INFO]     | Metadata: asset_directory updated F is for Family Season 2's poster to [File] /Volumes/MacOS/Servers/Kometa/config/assets/plex/Movies/F is for Family/Season02.png |
[2025-07-01 09:57:04,082] [library.py:216]            [INFO]     | Metadata: asset_directory updated F is for Family Season 3's poster to [File] /Volumes/MacOS/Servers/Kometa/config/assets/plex/Movies/F is for Family/Season03.png |
[2025-07-01 09:57:04,242] [library.py:216]            [INFO]     | Metadata: asset_directory updated F is for Family Season 4's poster to [File] /Volumes/MacOS/Servers/Kometa/config/assets/plex/Movies/F is for Family/Season04.png |
[2025-07-01 09:57:04,305] [library.py:216]            [INFO]     | Metadata: asset_directory updated F is for Family Season 5's poster to [File] /Volumes/MacOS/Servers/Kometa/config/assets/plex/Movies/F is for Family/Season05.png |
[2025-07-01 09:57:04,325] [operations.py:762]         [INFO]     | No Item Edits                                                                                      |
[2025-07-01 09:57:04,325] [operations.py:132]         [INFO]     |                                                                                                    |
[2025-07-01 09:57:04,325] [operations.py:133]         [INFO]     | Processing: 76/250 The Fairly OddParents                                                           |
[2025-07-01 09:57:04,651] [operations.py:762]         [INFO]     | No Item Edits                                                                                      |
[2025-07-01 09:57:04,651] [operations.py:132]         [INFO]     |                                                                                                    |
[2025-07-01 09:57:04,651] [operations.py:133]         [INFO]     | Processing: 77/250 Family Guy                                                                      |
[2025-07-01 09:57:05,213] [operations.py:762]         [INFO]     | No Item Edits                                                                                      |
[2025-07-01 09:57:05,214] [operations.py:132]         [INFO]     |                                                                                                    |
[2025-07-01 09:57:05,214] [operations.py:133]         [INFO]     | Processing: 78/250 Fancy Nancy                                                                     |
[2025-07-01 09:57:05,256] [operations.py:762]         [INFO]     | No Item Edits                                                                                      |
[2025-07-01 09:57:05,256] [operations.py:132]         [INFO]     |                                                                                                    |
[2025-07-01 09:57:05,256] [operations.py:133]         [INFO]     | Processing: 79/250 The Flash (2014)                                                                |
[2025-07-01 09:57:05,418] [library.py:216]            [INFO]     | Metadata: asset_directory updated The Flash (2014)'s poster to [File] /Volumes/MacOS/Servers/Kometa/config/assets/plex/Movies/The Flash (2014)/poster.png |
[2025-07-01 09:57:05,551] [library.py:216]            [INFO]     | Metadata: asset_directory updated The Flash (2014) Season 1's poster to [File] /Volumes/MacOS/Servers/Kometa/config/assets/plex/Movies/The Flash (2014)/Season01.png |
[2025-07-01 09:57:05,620] [library.py:216]            [INFO]     | Metadata: asset_directory updated The Flash (2014) Season 2's poster to [File] /Volumes/MacOS/Servers/Kometa/config/assets/plex/Movies/The Flash (2014)/Season02.png |
[2025-07-01 09:57:05,699] [library.py:216]            [INFO]     | Metadata: asset_directory updated The Flash (2014) Season 3's poster to [File] /Volumes/MacOS/Servers/Kometa/config/assets/plex/Movies/The Flash (2014)/Season03.png |
[2025-07-01 09:57:05,848] [library.py:216]            [INFO]     | Metadata: asset_directory updated The Flash (2014) Season 4's poster to [File] /Volumes/MacOS/Servers/Kometa/config/assets/plex/Movies/The Flash (2014)/Season04.png |
[2025-07-01 09:57:06,018] [library.py:216]            [INFO]     | Metadata: asset_directory updated The Flash (2014) Season 5's poster to [File] /Volumes/MacOS/Servers/Kometa/config/assets/plex/Movies/The Flash (2014)/Season05.png |
[2025-07-01 09:57:06,171] [library.py:216]            [INFO]     | Metadata: asset_directory updated The Flash (2014) Season 6's poster to [File] /Volumes/MacOS/Servers/Kometa/config/assets/plex/Movies/The Flash (2014)/Season06.png |
[2025-07-01 09:57:06,329] [library.py:216]            [INFO]     | Metadata: asset_directory updated The Flash (2014) Season 7's poster to [File] /Volumes/MacOS/Servers/Kometa/config/assets/plex/Movies/The Flash (2014)/Season07.png |
[2025-07-01 09:57:06,486] [library.py:216]            [INFO]     | Metadata: asset_directory updated The Flash (2014) Season 8's poster to [File] /Volumes/MacOS/Servers/Kometa/config/assets/plex/Movies/The Flash (2014)/Season08.png |
[2025-07-01 09:57:06,640] [library.py:216]            [INFO]     | Metadata: asset_directory updated The Flash (2014) Season 9's poster to [File] /Volumes/MacOS/Servers/Kometa/config/assets/plex/Movies/The Flash (2014)/Season09.png |
[2025-07-01 09:57:06,673] [operations.py:762]         [INFO]     | No Item Edits                                                                                      |
[2025-07-01 09:57:06,673] [operations.py:132]         [INFO]     |                                                                                                    |
[2025-07-01 09:57:06,673] [operations.py:133]         [INFO]     | Processing: 80/250 The Flintstones                                                                 |
[2025-07-01 09:57:06,782] [operations.py:762]         [INFO]     | No Item Edits                                                                                      |
[2025-07-01 09:57:06,782] [operations.py:132]         [INFO]     |                                                                                                    |
[2025-07-01 09:57:06,782] [operations.py:133]         [INFO]     | Processing: 81/250 Franklin                                                                        |
[2025-07-01 09:57:06,810] [operations.py:762]         [INFO]     | No Item Edits                                                                                      |
[2025-07-01 09:57:06,810] [operations.py:132]         [INFO]     |                                                                                                    |
[2025-07-01 09:57:06,810] [operations.py:133]         [INFO]     | Processing: 82/250 The Fresh Prince of Bel-Air                                                     |
[2025-07-01 09:57:07,036] [operations.py:762]         [INFO]     | No Item Edits                                                                                      |
[2025-07-01 09:57:07,037] [operations.py:132]         [INFO]     |                                                                                                    |
[2025-07-01 09:57:07,037] [operations.py:133]         [INFO]     | Processing: 83/250 Friends                                                                         |
[2025-07-01 09:57:07,070] [operations.py:762]         [INFO]     | No Item Edits                                                                                      |
[2025-07-01 09:57:07,070] [operations.py:132]         [INFO]     |                                                                                                    |
[2025-07-01 09:57:07,070] [operations.py:133]         [INFO]     | Processing: 84/250 Futurama                                                                        |
[2025-07-01 09:57:07,247] [operations.py:762]         [INFO]     | No Item Edits                                                                                      |
[2025-07-01 09:57:07,247] [operations.py:132]         [INFO]     |                                                                                                    |
[2025-07-01 09:57:07,247] [operations.py:133]         [INFO]     | Processing: 85/250 Game Changer                                                                    |
[2025-07-01 09:57:07,346] [operations.py:762]         [INFO]     | No Item Edits                                                                                      |
[2025-07-01 09:57:07,346] [operations.py:132]         [INFO]     |                                                                                                    |
[2025-07-01 09:57:07,346] [operations.py:133]         [INFO]     | Processing: 86/250 Game of Thrones                                                                 |
[2025-07-01 09:57:07,510] [library.py:216]            [INFO]     | Metadata: asset_directory updated Game of Thrones's poster to [File] /Volumes/MacOS/Servers/Kometa/config/assets/plex/Movies/Game of Thrones/poster.png |
[2025-07-01 09:57:07,640] [library.py:216]            [INFO]     | Metadata: asset_directory updated Game of Thrones Season 1's poster to [File] /Volumes/MacOS/Servers/Kometa/config/assets/plex/Movies/Game of Thrones/Season01.png |
[2025-07-01 09:57:07,787] [library.py:216]            [INFO]     | Metadata: asset_directory updated Game of Thrones Season 2's poster to [File] /Volumes/MacOS/Servers/Kometa/config/assets/plex/Movies/Game of Thrones/Season02.png |
[2025-07-01 09:57:08,000] [library.py:216]            [INFO]     | Metadata: asset_directory updated Game of Thrones Season 3's poster to [File] /Volumes/MacOS/Servers/Kometa/config/assets/plex/Movies/Game of Thrones/Season03.png |
[2025-07-01 09:57:08,145] [library.py:216]            [INFO]     | Metadata: asset_directory updated Game of Thrones Season 4's poster to [File] /Volumes/MacOS/Servers/Kometa/config/assets/plex/Movies/Game of Thrones/Season04.png |
[2025-07-01 09:57:08,289] [library.py:216]            [INFO]     | Metadata: asset_directory updated Game of Thrones Season 5's poster to [File] /Volumes/MacOS/Servers/Kometa/config/assets/plex/Movies/Game of Thrones/Season05.png |
[2025-07-01 09:57:08,433] [library.py:216]            [INFO]     | Metadata: asset_directory updated Game of Thrones Season 6's poster to [File] /Volumes/MacOS/Servers/Kometa/config/assets/plex/Movies/Game of Thrones/Season06.png |
[2025-07-01 09:57:08,577] [library.py:216]            [INFO]     | Metadata: asset_directory updated Game of Thrones Season 7's poster to [File] /Volumes/MacOS/Servers/Kometa/config/assets/plex/Movies/Game of Thrones/Season07.png |
[2025-07-01 09:57:08,714] [library.py:216]            [INFO]     | Metadata: asset_directory updated Game of Thrones Season 8's poster to [File] /Volumes/MacOS/Servers/Kometa/config/assets/plex/Movies/Game of Thrones/Season08.png |
[2025-07-01 09:57:08,792] [operations.py:762]         [INFO]     | No Item Edits                                                                                      |
[2025-07-01 09:57:08,792] [operations.py:132]         [INFO]     |                                                                                                    |
[2025-07-01 09:57:08,792] [operations.py:133]         [INFO]     | Processing: 87/250 Game Shakers                                                                    |
[2025-07-01 09:57:08,919] [operations.py:762]         [INFO]     | No Item Edits                                                                                      |
[2025-07-01 09:57:08,919] [operations.py:132]         [INFO]     |                                                                                                    |
[2025-07-01 09:57:08,919] [operations.py:133]         [INFO]     | Processing: 88/250 Georgie & Mandy's First Marriage                                                |
[2025-07-01 09:57:08,957] [operations.py:762]         [INFO]     | No Item Edits                                                                                      |
[2025-07-01 09:57:08,957] [operations.py:132]         [INFO]     |                                                                                                    |
[2025-07-01 09:57:08,957] [operations.py:133]         [INFO]     | Processing: 89/250 Ghosts (US)                                                                     |
[2025-07-01 09:57:09,062] [operations.py:762]         [INFO]     | No Item Edits                                                                                      |
[2025-07-01 09:57:09,062] [operations.py:132]         [INFO]     |                                                                                                    |
[2025-07-01 09:57:09,062] [operations.py:133]         [INFO]     | Processing: 90/250 Gilly and Keeves                                                                |
[2025-07-01 09:57:09,094] [operations.py:762]         [INFO]     | No Item Edits                                                                                      |
[2025-07-01 09:57:09,094] [operations.py:132]         [INFO]     |                                                                                                    |
[2025-07-01 09:57:09,094] [operations.py:133]         [INFO]     | Processing: 91/250 Goliath                                                                         |
[2025-07-01 09:57:09,165] [operations.py:762]         [INFO]     | No Item Edits                                                                                      |
[2025-07-01 09:57:09,165] [operations.py:132]         [INFO]     |                                                                                                    |
[2025-07-01 09:57:09,165] [operations.py:133]         [INFO]     | Processing: 92/250 The Good Place                                                                  |
[2025-07-01 09:57:09,221] [operations.py:762]         [INFO]     | No Item Edits                                                                                      |
[2025-07-01 09:57:09,221] [operations.py:132]         [INFO]     |                                                                                                    |
[2025-07-01 09:57:09,221] [operations.py:133]         [INFO]     | Processing: 93/250 The Good Wife                                                                   |
[2025-07-01 09:57:09,412] [operations.py:762]         [INFO]     | No Item Edits                                                                                      |
[2025-07-01 09:57:09,413] [operations.py:132]         [INFO]     |                                                                                                    |
[2025-07-01 09:57:09,413] [operations.py:133]         [INFO]     | Processing: 94/250 Goof Troop                                                                      |
[2025-07-01 09:57:09,468] [operations.py:762]         [INFO]     | No Item Edits                                                                                      |
[2025-07-01 09:57:09,468] [operations.py:132]         [INFO]     |                                                                                                    |
[2025-07-01 09:57:09,468] [operations.py:133]         [INFO]     | Processing: 95/250 Goosebumps (2023)                                                               |
[2025-07-01 09:57:09,621] [library.py:216]            [INFO]     | Metadata: asset_directory updated Goosebumps (2023)'s poster to [File] /Volumes/MacOS/Servers/Kometa/config/assets/plex/Movies/Goosebumps (2023)/poster.png |
[2025-07-01 09:57:09,641] [operations.py:762]         [INFO]     | No Item Edits                                                                                      |
[2025-07-01 09:57:09,641] [operations.py:132]         [INFO]     |                                                                                                    |
[2025-07-01 09:57:09,641] [operations.py:133]         [INFO]     | Processing: 96/250 Gordon Ramsay's 24 Hours to Hell & Back                                         |
[2025-07-01 09:57:09,751] [operations.py:762]         [INFO]     | No Item Edits                                                                                      |
[2025-07-01 09:57:09,751] [operations.py:132]         [INFO]     |                                                                                                    |
[2025-07-01 09:57:09,751] [operations.py:133]         [INFO]     | Processing: 97/250 Gotham                                                                          |
[2025-07-01 09:57:09,938] [library.py:216]            [INFO]     | Metadata: asset_directory updated Gotham's poster to [File] /Volumes/MacOS/Servers/Kometa/config/assets/plex/Movies/Gotham/poster.png |
[2025-07-01 09:57:10,166] [library.py:216]            [INFO]     | Metadata: asset_directory updated Gotham Season 1's poster to [File] /Volumes/MacOS/Servers/Kometa/config/assets/plex/Movies/Gotham/Season01.png |
[2025-07-01 09:57:10,241] [library.py:216]            [INFO]     | Metadata: asset_directory updated Gotham Season 2's poster to [File] /Volumes/MacOS/Servers/Kometa/config/assets/plex/Movies/Gotham/Season02.png |
[2025-07-01 09:57:10,383] [operations.py:762]         [INFO]     | No Item Edits                                                                                      |
[2025-07-01 09:57:10,383] [operations.py:132]         [INFO]     |                                                                                                    |
[2025-07-01 09:57:10,383] [operations.py:133]         [INFO]     | Processing: 98/250 Green Eggs and Ham                                                              |
[2025-07-01 09:57:10,414] [operations.py:762]         [INFO]     | No Item Edits                                                                                      |
[2025-07-01 09:57:10,414] [operations.py:132]         [INFO]     |                                                                                                    |
[2025-07-01 09:57:10,414] [operations.py:133]         [INFO]     | Processing: 99/250 Hannah Montana                                                                  |
[2025-07-01 09:57:10,513] [operations.py:762]         [INFO]     | No Item Edits                                                                                      |
[2025-07-01 09:57:10,513] [operations.py:132]         [INFO]     |                                                                                                    |
[2025-07-01 09:57:10,513] [operations.py:133]         [INFO]     | Processing: 100/250 Hawkeye (2021)                                                                 |
[2025-07-01 09:57:10,659] [operations.py:762]         [INFO]     | No Item Edits                                                                                      |
[2025-07-01 09:57:10,659] [operations.py:132]         [INFO]     |                                                                                                    |
[2025-07-01 09:57:10,659] [operations.py:133]         [INFO]     | Processing: 101/250 Henry Danger                                                                   |
[2025-07-01 09:57:10,835] [operations.py:762]         [INFO]     | No Item Edits                                                                                      |
[2025-07-01 09:57:10,836] [operations.py:132]         [INFO]     |                                                                                                    |
[2025-07-01 09:57:10,836] [operations.py:133]         [INFO]     | Processing: 102/250 Hey Duggee                                                                     |
[2025-07-01 09:57:10,979] [operations.py:762]         [INFO]     | No Item Edits                                                                                      |
[2025-07-01 09:57:10,980] [operations.py:132]         [INFO]     |                                                                                                    |
[2025-07-01 09:57:10,980] [operations.py:133]         [INFO]     | Processing: 103/250 Hotel Hell                                                                     |
[2025-07-01 09:57:11,019] [operations.py:762]         [INFO]     | No Item Edits                                                                                      |
[2025-07-01 09:57:11,020] [operations.py:132]         [INFO]     |                                                                                                    |
[2025-07-01 09:57:11,020] [operations.py:133]         [INFO]     | Processing: 104/250 House                                                                          |
[2025-07-01 09:57:11,234] [operations.py:762]         [INFO]     | No Item Edits                                                                                      |
[2025-07-01 09:57:11,234] [operations.py:132]         [INFO]     |                                                                                                    |
[2025-07-01 09:57:11,234] [operations.py:133]         [INFO]     | Processing: 105/250 House of the Dragon                                                            |
[2025-07-01 09:57:11,280] [operations.py:762]         [INFO]     | No Item Edits                                                                                      |
[2025-07-01 09:57:11,280] [operations.py:132]         [INFO]     |                                                                                                    |
[2025-07-01 09:57:11,280] [operations.py:133]         [INFO]     | Processing: 106/250 How I Met Your Mother                                                          |
[2025-07-01 09:57:11,424] [library.py:216]            [INFO]     | Metadata: asset_directory updated How I Met Your Mother's poster to [File] /Volumes/MacOS/Servers/Kometa/config/assets/plex/Movies/How I Met Your Mother/poster.jpg |
[2025-07-01 09:57:11,552] [library.py:216]            [INFO]     | Metadata: asset_directory updated How I Met Your Mother Season 1's poster to [File] /Volumes/MacOS/Servers/Kometa/config/assets/plex/Movies/How I Met Your Mother/Season01.jpeg |
[2025-07-01 09:57:11,738] [library.py:216]            [INFO]     | Metadata: asset_directory updated How I Met Your Mother Season 2's poster to [File] /Volumes/MacOS/Servers/Kometa/config/assets/plex/Movies/How I Met Your Mother/Season02.jpeg |
[2025-07-01 09:57:11,814] [library.py:216]            [INFO]     | Metadata: asset_directory updated How I Met Your Mother Season 3's poster to [File] /Volumes/MacOS/Servers/Kometa/config/assets/plex/Movies/How I Met Your Mother/Season03.jpeg |
[2025-07-01 09:57:11,909] [library.py:216]            [INFO]     | Metadata: asset_directory updated How I Met Your Mother Season 4's poster to [File] /Volumes/MacOS/Servers/Kometa/config/assets/plex/Movies/How I Met Your Mother/Season04.jpeg |
[2025-07-01 09:57:12,057] [library.py:216]            [INFO]     | Metadata: asset_directory updated How I Met Your Mother Season 5's poster to [File] /Volumes/MacOS/Servers/Kometa/config/assets/plex/Movies/How I Met Your Mother/Season05.jpeg |
[2025-07-01 09:57:12,150] [library.py:216]            [INFO]     | Metadata: asset_directory updated How I Met Your Mother Season 6's poster to [File] /Volumes/MacOS/Servers/Kometa/config/assets/plex/Movies/How I Met Your Mother/Season06.jpeg |
[2025-07-01 09:57:12,312] [library.py:216]            [INFO]     | Metadata: asset_directory updated How I Met Your Mother Season 7's poster to [File] /Volumes/MacOS/Servers/Kometa/config/assets/plex/Movies/How I Met Your Mother/Season07.jpeg |
[2025-07-01 09:57:12,458] [library.py:216]            [INFO]     | Metadata: asset_directory updated How I Met Your Mother Season 8's poster to [File] /Volumes/MacOS/Servers/Kometa/config/assets/plex/Movies/How I Met Your Mother/Season08.jpg |
[2025-07-01 09:57:12,679] [library.py:216]            [INFO]     | Metadata: asset_directory updated How I Met Your Mother Season 9's poster to [File] /Volumes/MacOS/Servers/Kometa/config/assets/plex/Movies/How I Met Your Mother/Season09.jpg |
[2025-07-01 09:57:12,725] [operations.py:762]         [INFO]     | No Item Edits                                                                                      |
[2025-07-01 09:57:12,725] [operations.py:132]         [INFO]     |                                                                                                    |
[2025-07-01 09:57:12,725] [operations.py:133]         [INFO]     | Processing: 107/250 How It's Made                                                                  |
[2025-07-01 09:57:13,121] [operations.py:762]         [INFO]     | No Item Edits                                                                                      |
[2025-07-01 09:57:13,121] [operations.py:132]         [INFO]     |                                                                                                    |
[2025-07-01 09:57:13,121] [operations.py:133]         [INFO]     | Processing: 108/250 I Am Groot                                                                     |
[2025-07-01 09:57:13,249] [library.py:216]            [INFO]     | Metadata: asset_directory updated I Am Groot's poster to [File] /Volumes/MacOS/Servers/Kometa/config/assets/plex/Movies/I Am Groot/poster.png |
[2025-07-01 09:57:13,296] [library.py:216]            [INFO]     | Metadata: asset_directory updated I Am Groot Season 1's poster to [File] /Volumes/MacOS/Servers/Kometa/config/assets/plex/Movies/I Am Groot/Season01.png |
[2025-07-01 09:57:13,362] [library.py:216]            [INFO]     | Metadata: asset_directory updated I Am Groot Season 2's poster to [File] /Volumes/MacOS/Servers/Kometa/config/assets/plex/Movies/I Am Groot/Season02.png |
[2025-07-01 09:57:13,380] [operations.py:762]         [INFO]     | No Item Edits                                                                                      |
[2025-07-01 09:57:13,380] [operations.py:132]         [INFO]     |                                                                                                    |
[2025-07-01 09:57:13,380] [operations.py:133]         [INFO]     | Processing: 109/250 I Think You Should Leave with Tim Robinson                                     |
[2025-07-01 09:57:13,543] [operations.py:762]         [INFO]     | No Item Edits                                                                                      |
[2025-07-01 09:57:13,543] [operations.py:132]         [INFO]     |                                                                                                    |
[2025-07-01 09:57:13,543] [operations.py:133]         [INFO]     | Processing: 110/250 iCarly                                                                         |
[2025-07-01 09:57:13,720] [library.py:216]            [INFO]     | Metadata: asset_directory updated iCarly's poster to [File] /Volumes/MacOS/Servers/Kometa/config/assets/plex/Movies/iCarly/poster.png |
[2025-07-01 09:57:13,846] [operations.py:762]         [INFO]     | No Item Edits                                                                                      |
[2025-07-01 09:57:13,846] [operations.py:132]         [INFO]     |                                                                                                    |
[2025-07-01 09:57:13,846] [operations.py:133]         [INFO]     | Processing: 111/250 Invader ZIM                                                                    |
[2025-07-01 09:57:13,887] [operations.py:762]         [INFO]     | No Item Edits                                                                                      |
[2025-07-01 09:57:13,887] [operations.py:132]         [INFO]     |                                                                                                    |
[2025-07-01 09:57:13,887] [operations.py:133]         [INFO]     | Processing: 112/250 It's Always Sunny in Philadelphia                                              |
[2025-07-01 09:57:13,943] [operations.py:762]         [INFO]     | No Item Edits                                                                                      |
[2025-07-01 09:57:13,944] [operations.py:132]         [INFO]     |                                                                                                    |
[2025-07-01 09:57:13,944] [operations.py:133]         [INFO]     | Processing: 113/250 iZombie                                                                        |
[2025-07-01 09:57:14,113] [library.py:216]            [INFO]     | Metadata: asset_directory updated iZombie's poster to [File] /Volumes/MacOS/Servers/Kometa/config/assets/plex/Movies/iZombie/poster.png |
[2025-07-01 09:57:14,244] [library.py:216]            [INFO]     | Metadata: asset_directory updated iZombie Season 1's poster to [File] /Volumes/MacOS/Servers/Kometa/config/assets/plex/Movies/iZombie/Season01.png |
[2025-07-01 09:57:14,399] [library.py:216]            [INFO]     | Metadata: asset_directory updated iZombie Season 2's poster to [File] /Volumes/MacOS/Servers/Kometa/config/assets/plex/Movies/iZombie/Season02.png |
[2025-07-01 09:57:14,660] [library.py:216]            [INFO]     | Metadata: asset_directory updated iZombie Season 3's poster to [File] /Volumes/MacOS/Servers/Kometa/config/assets/plex/Movies/iZombie/Season03.png |
[2025-07-01 09:57:14,805] [library.py:216]            [INFO]     | Metadata: asset_directory updated iZombie Season 4's poster to [File] /Volumes/MacOS/Servers/Kometa/config/assets/plex/Movies/iZombie/Season04.png |
[2025-07-01 09:57:14,956] [library.py:216]            [INFO]     | Metadata: asset_directory updated iZombie Season 5's poster to [File] /Volumes/MacOS/Servers/Kometa/config/assets/plex/Movies/iZombie/Season05.png |
[2025-07-01 09:57:15,058] [operations.py:762]         [INFO]     | No Item Edits                                                                                      |
[2025-07-01 09:57:15,058] [operations.py:132]         [INFO]     |                                                                                                    |
[2025-07-01 09:57:15,058] [operations.py:133]         [INFO]     | Processing: 114/250 Jake and the Never Land Pirates                                                |
[2025-07-01 09:57:15,204] [operations.py:762]         [INFO]     | No Item Edits                                                                                      |
[2025-07-01 09:57:15,204] [operations.py:132]         [INFO]     |                                                                                                    |
[2025-07-01 09:57:15,204] [operations.py:133]         [INFO]     | Processing: 115/250 Justified                                                                      |
[2025-07-01 09:57:15,325] [operations.py:762]         [INFO]     | No Item Edits                                                                                      |
[2025-07-01 09:57:15,325] [operations.py:132]         [INFO]     |                                                                                                    |
[2025-07-01 09:57:15,325] [operations.py:133]         [INFO]     | Processing: 116/250 Kamp Koral: SpongeBob's Under Years                                            |
[2025-07-01 09:57:15,369] [operations.py:762]         [INFO]     | No Item Edits                                                                                      |
[2025-07-01 09:57:15,369] [operations.py:132]         [INFO]     |                                                                                                    |
[2025-07-01 09:57:15,369] [operations.py:133]         [INFO]     | Processing: 117/250 KAOS                                                                           |
[2025-07-01 09:57:15,396] [operations.py:762]         [INFO]     | No Item Edits                                                                                      |
[2025-07-01 09:57:15,396] [operations.py:132]         [INFO]     |                                                                                                    |
[2025-07-01 09:57:15,396] [operations.py:133]         [INFO]     | Processing: 118/250 Keep Sweet: Pray and Obey                                                      |
[2025-07-01 09:57:15,409] [operations.py:762]         [INFO]     | No Item Edits                                                                                      |
[2025-07-01 09:57:15,409] [operations.py:132]         [INFO]     |                                                                                                    |
[2025-07-01 09:57:15,409] [operations.py:133]         [INFO]     | Processing: 119/250 Kenan & Kel                                                                    |
[2025-07-01 09:57:15,491] [operations.py:762]         [INFO]     | No Item Edits                                                                                      |
[2025-07-01 09:57:15,491] [operations.py:132]         [INFO]     |                                                                                                    |
[2025-07-01 09:57:15,491] [operations.py:133]         [INFO]     | Processing: 120/250 Key & Peele                                                                    |
[2025-07-01 09:57:15,650] [library.py:216]            [INFO]     | Metadata: asset_directory updated Key & Peele's poster to [File] /Volumes/MacOS/Servers/Kometa/config/assets/plex/Movies/Key & Peele/poster.png |
[2025-07-01 09:57:15,777] [library.py:216]            [INFO]     | Metadata: asset_directory updated Key & Peele Season 1's poster to [File] /Volumes/MacOS/Servers/Kometa/config/assets/plex/Movies/Key & Peele/Season01.png |
[2025-07-01 09:57:15,924] [library.py:216]            [INFO]     | Metadata: asset_directory updated Key & Peele Season 2's poster to [File] /Volumes/MacOS/Servers/Kometa/config/assets/plex/Movies/Key & Peele/Season02.png |
[2025-07-01 09:57:16,114] [library.py:216]            [INFO]     | Metadata: asset_directory updated Key & Peele Season 3's poster to [File] /Volumes/MacOS/Servers/Kometa/config/assets/plex/Movies/Key & Peele/Season03.png |
[2025-07-01 09:57:16,272] [library.py:216]            [INFO]     | Metadata: asset_directory updated Key & Peele Season 4's poster to [File] /Volumes/MacOS/Servers/Kometa/config/assets/plex/Movies/Key & Peele/Season04.png |
[2025-07-01 09:57:16,321] [operations.py:762]         [INFO]     | No Item Edits                                                                                      |
[2025-07-01 09:57:16,321] [operations.py:132]         [INFO]     |                                                                                                    |
[2025-07-01 09:57:16,321] [operations.py:133]         [INFO]     | Processing: 121/250 Kim Possible                                                                   |
[2025-07-01 09:57:16,526] [operations.py:762]         [INFO]     | No Item Edits                                                                                      |
[2025-07-01 09:57:16,526] [operations.py:132]         [INFO]     |                                                                                                    |
[2025-07-01 09:57:16,526] [operations.py:133]         [INFO]     | Processing: 122/250 King of the Hill                                                               |
[2025-07-01 09:57:16,847] [operations.py:762]         [INFO]     | No Item Edits                                                                                      |
[2025-07-01 09:57:16,848] [operations.py:132]         [INFO]     |                                                                                                    |
[2025-07-01 09:57:16,848] [operations.py:133]         [INFO]     | Processing: 123/250 Kitchen Nightmares (US)                                                        |
[2025-07-01 09:57:16,978] [operations.py:762]         [INFO]     | No Item Edits                                                                                      |
[2025-07-01 09:57:16,978] [operations.py:132]         [INFO]     |                                                                                                    |
[2025-07-01 09:57:16,978] [operations.py:133]         [INFO]     | Processing: 124/250 Knuckles                                                                       |
[2025-07-01 09:57:16,999] [operations.py:762]         [INFO]     | No Item Edits                                                                                      |
[2025-07-01 09:57:16,999] [operations.py:132]         [INFO]     |                                                                                                    |
[2025-07-01 09:57:16,999] [operations.py:133]         [INFO]     | Processing: 125/250 Landman                                                                        |
[2025-07-01 09:57:17,029] [operations.py:762]         [INFO]     | No Item Edits                                                                                      |
[2025-07-01 09:57:17,029] [operations.py:132]         [INFO]     |                                                                                                    |
[2025-07-01 09:57:17,029] [operations.py:133]         [INFO]     | Processing: 126/250 The Last of Us                                                                 |
[2025-07-01 09:57:17,193] [library.py:216]            [INFO]     | Metadata: asset_directory updated The Last of Us's poster to [File] /Volumes/MacOS/Servers/Kometa/config/assets/plex/Movies/The Last of Us/poster.png |
[2025-07-01 09:57:17,320] [library.py:216]            [INFO]     | Metadata: asset_directory updated The Last of Us Season 1's poster to [File] /Volumes/MacOS/Servers/Kometa/config/assets/plex/Movies/The Last of Us/Season01.png |
[2025-07-01 09:57:17,476] [library.py:216]            [INFO]     | Metadata: asset_directory updated The Last of Us Season 2's poster to [File] /Volumes/MacOS/Servers/Kometa/config/assets/plex/Movies/The Last of Us/Season02.png |
[2025-07-01 09:57:17,509] [operations.py:762]         [INFO]     | No Item Edits                                                                                      |
[2025-07-01 09:57:17,509] [operations.py:132]         [INFO]     |                                                                                                    |
[2025-07-01 09:57:17,509] [operations.py:133]         [INFO]     | Processing: 127/250 Last Week Tonight with John Oliver                                             |
[2025-07-01 09:57:17,655] [operations.py:762]         [INFO]     | No Item Edits                                                                                      |
[2025-07-01 09:57:17,655] [operations.py:132]         [INFO]     |                                                                                                    |
[2025-07-01 09:57:17,655] [operations.py:133]         [INFO]     | Processing: 128/250 Letterkenny                                                                    |
[2025-07-01 09:57:17,788] [library.py:216]            [INFO]     | Metadata: asset_directory updated Letterkenny's poster to [File] /Volumes/MacOS/Servers/Kometa/config/assets/plex/Movies/Letterkenny/poster.jpg |
[2025-07-01 09:57:17,879] [library.py:216]            [INFO]     | Metadata: asset_directory updated Letterkenny Season 1's poster to [File] /Volumes/MacOS/Servers/Kometa/config/assets/plex/Movies/Letterkenny/Season01.jpg |
[2025-07-01 09:57:17,964] [library.py:216]            [INFO]     | Metadata: asset_directory updated Letterkenny Season 2's poster to [File] /Volumes/MacOS/Servers/Kometa/config/assets/plex/Movies/Letterkenny/Season02.jpg |
[2025-07-01 09:57:18,088] [library.py:216]            [INFO]     | Metadata: asset_directory updated Letterkenny Season 3's poster to [File] /Volumes/MacOS/Servers/Kometa/config/assets/plex/Movies/Letterkenny/Season03.jpg |
[2025-07-01 09:57:18,142] [library.py:216]            [INFO]     | Metadata: asset_directory updated Letterkenny Season 7's poster to [File] /Volumes/MacOS/Servers/Kometa/config/assets/plex/Movies/Letterkenny/Season07.jpg |
[2025-07-01 09:57:18,265] [library.py:216]            [INFO]     | Metadata: asset_directory updated Letterkenny Season 8's poster to [File] /Volumes/MacOS/Servers/Kometa/config/assets/plex/Movies/Letterkenny/Season08.jpg |
[2025-07-01 09:57:18,392] [library.py:216]            [INFO]     | Metadata: asset_directory updated Letterkenny Season 9's poster to [File] /Volumes/MacOS/Servers/Kometa/config/assets/plex/Movies/Letterkenny/Season09.jpg |
[2025-07-01 09:57:18,519] [library.py:216]            [INFO]     | Metadata: asset_directory updated Letterkenny Season 10's poster to [File] /Volumes/MacOS/Servers/Kometa/config/assets/plex/Movies/Letterkenny/Season10.jpg |
[2025-07-01 09:57:18,675] [library.py:216]            [INFO]     | Metadata: asset_directory updated Letterkenny Season 11's poster to [File] /Volumes/MacOS/Servers/Kometa/config/assets/plex/Movies/Letterkenny/Season11.jpg |
[2025-07-01 09:57:18,709] [operations.py:762]         [INFO]     | No Item Edits                                                                                      |
[2025-07-01 09:57:18,709] [operations.py:132]         [INFO]     |                                                                                                    |
[2025-07-01 09:57:18,709] [operations.py:133]         [INFO]     | Processing: 129/250 Little Fires Everywhere                                                        |
[2025-07-01 09:57:18,830] [operations.py:762]         [INFO]     | No Item Edits                                                                                      |
[2025-07-01 09:57:18,830] [operations.py:132]         [INFO]     |                                                                                                    |
[2025-07-01 09:57:18,830] [operations.py:133]         [INFO]     | Processing: 130/250 Lizzie McGuire                                                                 |
[2025-07-01 09:57:18,955] [operations.py:762]         [INFO]     | No Item Edits                                                                                      |
[2025-07-01 09:57:18,955] [operations.py:132]         [INFO]     |                                                                                                    |
[2025-07-01 09:57:18,955] [operations.py:133]         [INFO]     | Processing: 131/250 Loki                                                                           |
[2025-07-01 09:57:19,091] [library.py:216]            [INFO]     | Metadata: asset_directory updated Loki Season 1's poster to [File] /Volumes/MacOS/Servers/Kometa/config/assets/plex/Movies/Loki/Season01.png |
[2025-07-01 09:57:19,173] [library.py:216]            [INFO]     | Metadata: asset_directory updated Loki Season 2's poster to [File] /Volumes/MacOS/Servers/Kometa/config/assets/plex/Movies/Loki/Season02.png |
[2025-07-01 09:57:19,192] [operations.py:762]         [INFO]     | No Item Edits                                                                                      |
[2025-07-01 09:57:19,192] [operations.py:132]         [INFO]     |                                                                                                    |
[2025-07-01 09:57:19,192] [operations.py:133]         [INFO]     | Processing: 132/250 The Loud House                                                                 |
[2025-07-01 09:57:19,481] [operations.py:762]         [INFO]     | No Item Edits                                                                                      |
[2025-07-01 09:57:19,481] [operations.py:132]         [INFO]     |                                                                                                    |
[2025-07-01 09:57:19,481] [operations.py:133]         [INFO]     | Processing: 133/250 Make Some Noise                                                                |
[2025-07-01 09:57:19,499] [operations.py:762]         [INFO]     | No Item Edits                                                                                      |
[2025-07-01 09:57:19,499] [operations.py:132]         [INFO]     |                                                                                                    |
[2025-07-01 09:57:19,499] [operations.py:133]         [INFO]     | Processing: 134/250 Malcolm in the Middle                                                          |
[2025-07-01 09:57:19,648] [operations.py:762]         [INFO]     | No Item Edits                                                                                      |
[2025-07-01 09:57:19,648] [operations.py:132]         [INFO]     |                                                                                                    |
[2025-07-01 09:57:19,648] [operations.py:133]         [INFO]     | Processing: 135/250 The Mandalorian                                                                |
[2025-07-01 09:57:19,787] [library.py:216]            [INFO]     | Metadata: asset_directory updated The Mandalorian's poster to [File] /Volumes/MacOS/Servers/Kometa/config/assets/plex/Movies/The Mandalorian/poster.jpeg |
[2025-07-01 09:57:19,814] [library.py:216]            [INFO]     | Metadata: asset_directory updated The Mandalorian Season 1's poster to [File] /Volumes/MacOS/Servers/Kometa/config/assets/plex/Movies/The Mandalorian/Season01.jpeg |
[2025-07-01 09:57:19,832] [library.py:216]            [INFO]     | Metadata: asset_directory updated The Mandalorian Season 2's poster to [File] /Volumes/MacOS/Servers/Kometa/config/assets/plex/Movies/The Mandalorian/Season02.jpeg |
[2025-07-01 09:57:19,847] [operations.py:762]         [INFO]     | No Item Edits                                                                                      |
[2025-07-01 09:57:19,847] [operations.py:132]         [INFO]     |                                                                                                    |
[2025-07-01 09:57:19,847] [operations.py:133]         [INFO]     | Processing: 136/250 Marvel's Daredevil                                                             |
[2025-07-01 09:57:20,050] [operations.py:762]         [INFO]     | No Item Edits                                                                                      |
[2025-07-01 09:57:20,050] [operations.py:132]         [INFO]     |                                                                                                    |
[2025-07-01 09:57:20,050] [operations.py:133]         [INFO]     | Processing: 137/250 Marvel's Iron Fist                                                             |
[2025-07-01 09:57:20,093] [operations.py:762]         [INFO]     | No Item Edits                                                                                      |
[2025-07-01 09:57:20,093] [operations.py:132]         [INFO]     |                                                                                                    |
[2025-07-01 09:57:20,093] [operations.py:133]         [INFO]     | Processing: 138/250 Mickey Mouse Clubhouse                                                         |
[2025-07-01 09:57:20,208] [operations.py:762]         [INFO]     | No Item Edits                                                                                      |
[2025-07-01 09:57:20,209] [operations.py:132]         [INFO]     |                                                                                                    |
[2025-07-01 09:57:20,209] [operations.py:133]         [INFO]     | Processing: 139/250 Modern Family                                                                  |
[2025-07-01 09:57:20,424] [operations.py:762]         [INFO]     | No Item Edits                                                                                      |
[2025-07-01 09:57:20,424] [operations.py:132]         [INFO]     |                                                                                                    |
[2025-07-01 09:57:20,424] [operations.py:133]         [INFO]     | Processing: 140/250 Monster (2022)                                                                 |
[2025-07-01 09:57:20,565] [library.py:216]            [INFO]     | Metadata: asset_directory updated Monster (2022)'s poster to [File] /Volumes/MacOS/Servers/Kometa/config/assets/plex/Movies/Dahmer - Monster The Jeffrey Dahmer Story/poster.png |
[2025-07-01 09:57:20,611] [operations.py:762]         [INFO]     | No Item Edits                                                                                      |
[2025-07-01 09:57:20,611] [operations.py:132]         [INFO]     |                                                                                                    |
[2025-07-01 09:57:20,611] [operations.py:133]         [INFO]     | Processing: 141/250 Motorheads                                                                     |
[2025-07-01 09:57:20,707] [operations.py:762]         [INFO]     | No Item Edits                                                                                      |
[2025-07-01 09:57:20,707] [operations.py:132]         [INFO]     |                                                                                                    |
[2025-07-01 09:57:20,707] [operations.py:133]         [INFO]     | Processing: 142/250 Mr. Robot                                                                      |
[2025-07-01 09:57:20,769] [operations.py:762]         [INFO]     | No Item Edits                                                                                      |
[2025-07-01 09:57:20,769] [operations.py:132]         [INFO]     |                                                                                                    |
[2025-07-01 09:57:20,769] [operations.py:133]         [INFO]     | Processing: 143/250 Ms. Marvel                                                                     |
[2025-07-01 09:57:20,913] [library.py:216]            [INFO]     | Metadata: asset_directory updated Ms. Marvel's poster to [File] /Volumes/MacOS/Servers/Kometa/config/assets/plex/Movies/Ms. Marvel/poster.png |
[2025-07-01 09:57:21,037] [library.py:216]            [INFO]     | Metadata: asset_directory updated Ms. Marvel Season 1's poster to [File] /Volumes/MacOS/Servers/Kometa/config/assets/plex/Movies/Ms. Marvel/Season01.jpg |
[2025-07-01 09:57:21,103] [operations.py:762]         [INFO]     | No Item Edits                                                                                      |
[2025-07-01 09:57:21,103] [operations.py:132]         [INFO]     |                                                                                                    |
[2025-07-01 09:57:21,103] [operations.py:133]         [INFO]     | Processing: 144/250 Murderbot                                                                      |
[2025-07-01 09:57:21,194] [operations.py:762]         [INFO]     | No Item Edits                                                                                      |
[2025-07-01 09:57:21,194] [operations.py:132]         [INFO]     |                                                                                                    |
[2025-07-01 09:57:21,194] [operations.py:133]         [INFO]     | Processing: 145/250 My Name Is Earl                                                                |
[2025-07-01 09:57:21,223] [operations.py:762]         [INFO]     | No Item Edits                                                                                      |
[2025-07-01 09:57:21,223] [operations.py:132]         [INFO]     |                                                                                                    |
[2025-07-01 09:57:21,223] [operations.py:133]         [INFO]     | Processing: 146/250 My Strange Addiction                                                           |
[2025-07-01 09:57:21,265] [operations.py:762]         [INFO]     | No Item Edits                                                                                      |
[2025-07-01 09:57:21,265] [operations.py:132]         [INFO]     |                                                                                                    |
[2025-07-01 09:57:21,265] [operations.py:133]         [INFO]     | Processing: 147/250 My Strange Addiction: Still Addicted?                                          |
[2025-07-01 09:57:21,274] [operations.py:762]         [INFO]     | No Item Edits                                                                                      |
[2025-07-01 09:57:21,274] [operations.py:132]         [INFO]     |                                                                                                    |
[2025-07-01 09:57:21,274] [operations.py:133]         [INFO]     | Processing: 148/250 Naruto                                                                         |
[2025-07-01 09:57:21,418] [operations.py:762]         [INFO]     | No Item Edits                                                                                      |
[2025-07-01 09:57:21,418] [operations.py:132]         [INFO]     |                                                                                                    |
[2025-07-01 09:57:21,418] [operations.py:133]         [INFO]     | Processing: 149/250 Naruto Shippūden                                                               |
[2025-07-01 09:57:21,829] [operations.py:762]         [INFO]     | No Item Edits                                                                                      |
[2025-07-01 09:57:21,830] [operations.py:132]         [INFO]     |                                                                                                    |
[2025-07-01 09:57:21,830] [operations.py:133]         [INFO]     | Processing: 150/250 Ned's Declassified School Survival Guide                                       |
[2025-07-01 09:57:21,906] [operations.py:762]         [INFO]     | No Item Edits                                                                                      |
[2025-07-01 09:57:21,906] [operations.py:132]         [INFO]     |                                                                                                    |
[2025-07-01 09:57:21,906] [operations.py:133]         [INFO]     | Processing: 151/250 New Girl                                                                       |
[2025-07-01 09:57:22,059] [operations.py:762]         [INFO]     | No Item Edits                                                                                      |
[2025-07-01 09:57:22,059] [operations.py:132]         [INFO]     |                                                                                                    |
[2025-07-01 09:57:22,059] [operations.py:133]         [INFO]     | Processing: 152/250 Nicky, Ricky, Dicky & Dawn                                                     |
[2025-07-01 09:57:22,163] [operations.py:762]         [INFO]     | No Item Edits                                                                                      |
[2025-07-01 09:57:22,163] [operations.py:132]         [INFO]     |                                                                                                    |
[2025-07-01 09:57:22,163] [operations.py:133]         [INFO]     | Processing: 153/250 Nobody Wants This                                                              |
[2025-07-01 09:57:22,190] [operations.py:762]         [INFO]     | No Item Edits                                                                                      |
[2025-07-01 09:57:22,190] [operations.py:132]         [INFO]     |                                                                                                    |
[2025-07-01 09:57:22,190] [operations.py:133]         [INFO]     | Processing: 154/250 Obi-Wan Kenobi                                                                 |
[2025-07-01 09:57:22,218] [operations.py:762]         [INFO]     | No Item Edits                                                                                      |
[2025-07-01 09:57:22,219] [operations.py:132]         [INFO]     |                                                                                                    |
[2025-07-01 09:57:22,219] [operations.py:133]         [INFO]     | Processing: 155/250 The Offer                                                                      |
[2025-07-01 09:57:22,250] [operations.py:762]         [INFO]     | No Item Edits                                                                                      |
[2025-07-01 09:57:22,250] [operations.py:132]         [INFO]     |                                                                                                    |
[2025-07-01 09:57:22,250] [operations.py:133]         [INFO]     | Processing: 156/250 On the Verge (2021)                                                            |
[2025-07-01 09:57:22,274] [operations.py:762]         [INFO]     | No Item Edits                                                                                      |
[2025-07-01 09:57:22,274] [operations.py:132]         [INFO]     |                                                                                                    |
[2025-07-01 09:57:22,274] [operations.py:133]         [INFO]     | Processing: 157/250 Once Upon a Time (2011)                                                        |
[2025-07-01 09:57:22,314] [operations.py:762]         [INFO]     | No Item Edits                                                                                      |
[2025-07-01 09:57:22,314] [operations.py:132]         [INFO]     |                                                                                                    |
[2025-07-01 09:57:22,314] [operations.py:133]         [INFO]     | Processing: 158/250 One Piece                                                                      |
[2025-07-01 09:57:22,427] [operations.py:762]         [INFO]     | No Item Edits                                                                                      |
[2025-07-01 09:57:22,427] [operations.py:132]         [INFO]     |                                                                                                    |
[2025-07-01 09:57:22,427] [operations.py:133]         [INFO]     | Processing: 159/250 ONE PIECE (2023)                                                               |
[2025-07-01 09:57:22,568] [library.py:216]            [INFO]     | Metadata: asset_directory updated ONE PIECE (2023)'s poster to [File] /Volumes/MacOS/Servers/Kometa/config/assets/plex/Movies/ONE PIECE (2023)/poster.png |
[2025-07-01 09:57:22,592] [operations.py:762]         [INFO]     | No Item Edits                                                                                      |
[2025-07-01 09:57:22,592] [operations.py:132]         [INFO]     |                                                                                                    |
[2025-07-01 09:57:22,592] [operations.py:133]         [INFO]     | Processing: 160/250 Only Murders in the Building                                                   |
[2025-07-01 09:57:22,834] [library.py:216]            [INFO]     | Metadata: asset_directory updated Only Murders in the Building's poster to [File] /Volumes/MacOS/Servers/Kometa/config/assets/plex/Movies/Only Murders in the Building/poster.png |
[2025-07-01 09:57:22,980] [operations.py:762]         [INFO]     | No Item Edits                                                                                      |
[2025-07-01 09:57:22,980] [operations.py:132]         [INFO]     |                                                                                                    |
[2025-07-01 09:57:22,980] [operations.py:133]         [INFO]     | Processing: 161/250 Paradise PD                                                                    |
[2025-07-01 09:57:23,114] [library.py:216]            [INFO]     | Metadata: asset_directory updated Paradise PD's poster to [File] /Volumes/MacOS/Servers/Kometa/config/assets/plex/Movies/Paradise PD/poster.png |
[2025-07-01 09:57:23,240] [library.py:216]            [INFO]     | Metadata: asset_directory updated Paradise PD Season 1's poster to [File] /Volumes/MacOS/Servers/Kometa/config/assets/plex/Movies/Paradise PD/Season01.png |
[2025-07-01 09:57:23,374] [library.py:216]            [INFO]     | Metadata: asset_directory updated Paradise PD Season 2's poster to [File] /Volumes/MacOS/Servers/Kometa/config/assets/plex/Movies/Paradise PD/Season02.png |
[2025-07-01 09:57:23,515] [library.py:216]            [INFO]     | Metadata: asset_directory updated Paradise PD Season 3's poster to [File] /Volumes/MacOS/Servers/Kometa/config/assets/plex/Movies/Paradise PD/Season03.png |
[2025-07-01 09:57:23,554] [operations.py:762]         [INFO]     | No Item Edits                                                                                      |
[2025-07-01 09:57:23,554] [operations.py:132]         [INFO]     |                                                                                                    |
[2025-07-01 09:57:23,554] [operations.py:133]         [INFO]     | Processing: 162/250 Parks and Recreation                                                           |
[2025-07-01 09:57:23,796] [library.py:216]            [INFO]     | Metadata: asset_directory updated Parks and Recreation's poster to [File] /Volumes/MacOS/Servers/Kometa/config/assets/plex/Movies/Parks And Recreation/poster.jpg |
[2025-07-01 09:57:23,919] [library.py:216]            [INFO]     | Metadata: asset_directory updated Parks and Recreation Season 5's poster to [File] /Volumes/MacOS/Servers/Kometa/config/assets/plex/Movies/Parks And Recreation/Season05.jpg |
[2025-07-01 09:57:23,930] [operations.py:762]         [INFO]     | No Item Edits                                                                                      |
[2025-07-01 09:57:23,930] [operations.py:132]         [INFO]     |                                                                                                    |
[2025-07-01 09:57:23,930] [operations.py:133]         [INFO]     | Processing: 163/250 Paw Patrol                                                                     |
[2025-07-01 09:57:24,278] [operations.py:762]         [INFO]     | No Item Edits                                                                                      |
[2025-07-01 09:57:24,278] [operations.py:132]         [INFO]     |                                                                                                    |
[2025-07-01 09:57:24,278] [operations.py:133]         [INFO]     | Processing: 164/250 Peacemaker                                                                     |
[2025-07-01 09:57:24,296] [operations.py:762]         [INFO]     | No Item Edits                                                                                      |
[2025-07-01 09:57:24,296] [operations.py:132]         [INFO]     |                                                                                                    |
[2025-07-01 09:57:24,296] [operations.py:133]         [INFO]     | Processing: 165/250 The Penguin                                                                    |
[2025-07-01 09:57:24,424] [library.py:216]            [INFO]     | Metadata: asset_directory updated The Penguin's poster to [File] /Volumes/MacOS/Servers/Kometa/config/assets/plex/Movies/The Penguin/poster.png |
[2025-07-01 09:57:24,556] [library.py:216]            [INFO]     | Metadata: asset_directory updated The Penguin Season 1's poster to [File] /Volumes/MacOS/Servers/Kometa/config/assets/plex/Movies/The Penguin/Season01.png |
[2025-07-01 09:57:24,601] [operations.py:762]         [INFO]     | No Item Edits                                                                                      |
[2025-07-01 09:57:24,601] [operations.py:132]         [INFO]     |                                                                                                    |
[2025-07-01 09:57:24,601] [operations.py:133]         [INFO]     | Processing: 166/250 Percy Jackson and the Olympians                                                |
[2025-07-01 09:57:24,710] [operations.py:762]         [INFO]     | No Item Edits                                                                                      |
[2025-07-01 09:57:24,710] [operations.py:132]         [INFO]     |                                                                                                    |
[2025-07-01 09:57:24,710] [operations.py:133]         [INFO]     | Processing: 167/250 Phil of the Future                                                             |
[2025-07-01 09:57:24,759] [operations.py:762]         [INFO]     | No Item Edits                                                                                      |
[2025-07-01 09:57:24,759] [operations.py:132]         [INFO]     |                                                                                                    |
[2025-07-01 09:57:24,759] [operations.py:133]         [INFO]     | Processing: 168/250 Phineas and Ferb                                                               |
[2025-07-01 09:57:24,897] [library.py:216]            [INFO]     | Metadata: asset_directory updated Phineas and Ferb Season 1's poster to [File] /Volumes/MacOS/Servers/Kometa/config/assets/plex/Movies/Phineas and Ferb/Season01.png |
[2025-07-01 09:57:25,069] [library.py:216]            [INFO]     | Metadata: asset_directory updated Phineas and Ferb Season 2's poster to [File] /Volumes/MacOS/Servers/Kometa/config/assets/plex/Movies/Phineas and Ferb/Season02.png |
[2025-07-01 09:57:25,211] [library.py:216]            [INFO]     | Metadata: asset_directory updated Phineas and Ferb Season 3's poster to [File] /Volumes/MacOS/Servers/Kometa/config/assets/plex/Movies/Phineas and Ferb/Season03.png |
[2025-07-01 09:57:25,375] [library.py:216]            [INFO]     | Metadata: asset_directory updated Phineas and Ferb Season 4's poster to [File] /Volumes/MacOS/Servers/Kometa/config/assets/plex/Movies/Phineas and Ferb/Season04.png |
[2025-07-01 09:57:25,561] [library.py:216]            [INFO]     | Metadata: asset_directory updated Phineas and Ferb Season 5's poster to [File] /Volumes/MacOS/Servers/Kometa/config/assets/plex/Movies/Phineas and Ferb/Season05.png |
[2025-07-01 09:57:25,598] [operations.py:762]         [INFO]     | No Item Edits                                                                                      |
[2025-07-01 09:57:25,599] [operations.py:132]         [INFO]     |                                                                                                    |
[2025-07-01 09:57:25,599] [operations.py:133]         [INFO]     | Processing: 169/250 Pinky and the Brain                                                            |
[2025-07-01 09:57:25,786] [operations.py:762]         [INFO]     | No Item Edits                                                                                      |
[2025-07-01 09:57:25,786] [operations.py:132]         [INFO]     |                                                                                                    |
[2025-07-01 09:57:25,786] [operations.py:133]         [INFO]     | Processing: 170/250 The Pitt                                                                       |
[2025-07-01 09:57:25,825] [operations.py:762]         [INFO]     | No Item Edits                                                                                      |
[2025-07-01 09:57:25,825] [operations.py:132]         [INFO]     |                                                                                                    |
[2025-07-01 09:57:25,825] [operations.py:133]         [INFO]     | Processing: 171/250 PJ Masks                                                                       |
[2025-07-01 09:57:25,950] [operations.py:762]         [INFO]     | No Item Edits                                                                                      |
[2025-07-01 09:57:25,950] [operations.py:132]         [INFO]     |                                                                                                    |
[2025-07-01 09:57:25,950] [operations.py:133]         [INFO]     | Processing: 172/250 Play It By Ear                                                                 |
[2025-07-01 09:57:25,978] [operations.py:762]         [INFO]     | No Item Edits                                                                                      |
[2025-07-01 09:57:25,978] [operations.py:132]         [INFO]     |                                                                                                    |
[2025-07-01 09:57:25,978] [operations.py:133]         [INFO]     | Processing: 173/250 Pokémon                                                                        |
[2025-07-01 09:57:26,728] [operations.py:762]         [INFO]     | No Item Edits                                                                                      |
[2025-07-01 09:57:26,728] [operations.py:132]         [INFO]     |                                                                                                    |
[2025-07-01 09:57:26,728] [operations.py:133]         [INFO]     | Processing: 174/250 Poker Face                                                                     |
[2025-07-01 09:57:26,784] [operations.py:762]         [INFO]     | No Item Edits                                                                                      |
[2025-07-01 09:57:26,784] [operations.py:132]         [INFO]     |                                                                                                    |
[2025-07-01 09:57:26,784] [operations.py:133]         [INFO]     | Processing: 175/250 Police 24/7 (US)                                                               |
[2025-07-01 09:57:26,824] [operations.py:762]         [INFO]     | No Item Edits                                                                                      |
[2025-07-01 09:57:26,824] [operations.py:132]         [INFO]     |                                                                                                    |
[2025-07-01 09:57:26,824] [operations.py:133]         [INFO]     | Processing: 176/250 Poppa’s House                                                                  |
[2025-07-01 09:57:26,853] [operations.py:762]         [INFO]     | No Item Edits                                                                                      |
[2025-07-01 09:57:26,853] [operations.py:132]         [INFO]     |                                                                                                    |
[2025-07-01 09:57:26,853] [operations.py:133]         [INFO]     | Processing: 177/250 Psych                                                                          |
[2025-07-01 09:57:27,010] [operations.py:762]         [INFO]     | No Item Edits                                                                                      |
[2025-07-01 09:57:27,010] [operations.py:132]         [INFO]     |                                                                                                    |
[2025-07-01 09:57:27,010] [operations.py:133]         [INFO]     | Processing: 178/250 Queen Charlotte: A Bridgerton Story                                            |
[2025-07-01 09:57:27,030] [operations.py:762]         [INFO]     | No Item Edits                                                                                      |
[2025-07-01 09:57:27,031] [operations.py:132]         [INFO]     |                                                                                                    |
[2025-07-01 09:57:27,031] [operations.py:133]         [INFO]     | Processing: 179/250 Ramsay's Kitchen Nightmares                                                    |
[2025-07-01 09:57:27,082] [operations.py:762]         [INFO]     | No Item Edits                                                                                      |
[2025-07-01 09:57:27,082] [operations.py:132]         [INFO]     |                                                                                                    |
[2025-07-01 09:57:27,082] [operations.py:133]         [INFO]     | Processing: 180/250 Reacher                                                                        |
[2025-07-01 09:57:27,137] [operations.py:762]         [INFO]     | No Item Edits                                                                                      |
[2025-07-01 09:57:27,137] [operations.py:132]         [INFO]     |                                                                                                    |
[2025-07-01 09:57:27,137] [operations.py:133]         [INFO]     | Processing: 181/250 Reno 911!                                                                      |
[2025-07-01 09:57:27,297] [operations.py:762]         [INFO]     | No Item Edits                                                                                      |
[2025-07-01 09:57:27,297] [operations.py:132]         [INFO]     |                                                                                                    |
[2025-07-01 09:57:27,297] [operations.py:133]         [INFO]     | Processing: 182/250 Resident Alien                                                                 |
[2025-07-01 09:57:27,371] [operations.py:762]         [INFO]     | No Item Edits                                                                                      |
[2025-07-01 09:57:27,371] [operations.py:132]         [INFO]     |                                                                                                    |
[2025-07-01 09:57:27,371] [operations.py:133]         [INFO]     | Processing: 183/250 Rick and Morty                                                                 |
[2025-07-01 09:57:27,530] [library.py:216]            [INFO]     | Metadata: asset_directory updated Rick and Morty's poster to [File] /Volumes/MacOS/Servers/Kometa/config/assets/plex/Movies/Rick & Morty/poster.png |
[2025-07-01 09:57:27,630] [library.py:216]            [INFO]     | Metadata: asset_directory updated Rick and Morty Season 1's poster to [File] /Volumes/MacOS/Servers/Kometa/config/assets/plex/Movies/Rick & Morty/Season01.png |
[2025-07-01 09:57:27,726] [library.py:216]            [INFO]     | Metadata: asset_directory updated Rick and Morty Season 2's poster to [File] /Volumes/MacOS/Servers/Kometa/config/assets/plex/Movies/Rick & Morty/Season02.png |
[2025-07-01 09:57:27,819] [library.py:216]            [INFO]     | Metadata: asset_directory updated Rick and Morty Season 3's poster to [File] /Volumes/MacOS/Servers/Kometa/config/assets/plex/Movies/Rick & Morty/Season03.png |
[2025-07-01 09:57:27,980] [library.py:216]            [INFO]     | Metadata: asset_directory updated Rick and Morty Season 4's poster to [File] /Volumes/MacOS/Servers/Kometa/config/assets/plex/Movies/Rick & Morty/Season04.png |
[2025-07-01 09:57:28,130] [library.py:216]            [INFO]     | Metadata: asset_directory updated Rick and Morty Season 5's poster to [File] /Volumes/MacOS/Servers/Kometa/config/assets/plex/Movies/Rick & Morty/Season05.png |
[2025-07-01 09:57:28,367] [library.py:216]            [INFO]     | Metadata: asset_directory updated Rick and Morty Season 6's poster to [File] /Volumes/MacOS/Servers/Kometa/config/assets/plex/Movies/Rick & Morty/Season06.png |
[2025-07-01 09:57:28,545] [library.py:216]            [INFO]     | Metadata: asset_directory updated Rick and Morty Season 7's poster to [File] /Volumes/MacOS/Servers/Kometa/config/assets/plex/Movies/Rick & Morty/Season07.png |
[2025-07-01 09:57:28,695] [library.py:216]            [INFO]     | Metadata: asset_directory updated Rick and Morty Season 8's poster to [File] /Volumes/MacOS/Servers/Kometa/config/assets/plex/Movies/Rick & Morty/Season08.png |
[2025-07-01 09:57:28,774] [operations.py:762]         [INFO]     | No Item Edits                                                                                      |
[2025-07-01 09:57:28,775] [operations.py:132]         [INFO]     |                                                                                                    |
[2025-07-01 09:57:28,775] [operations.py:133]         [INFO]     | Processing: 184/250 The Righteous Gemstones                                                        |
[2025-07-01 09:57:28,887] [operations.py:762]         [INFO]     | No Item Edits                                                                                      |
[2025-07-01 09:57:28,887] [operations.py:132]         [INFO]     |                                                                                                    |
[2025-07-01 09:57:28,887] [operations.py:133]         [INFO]     | Processing: 185/250 Robot Chicken                                                                  |
[2025-07-01 09:57:29,065] [operations.py:762]         [INFO]     | No Item Edits                                                                                      |
[2025-07-01 09:57:29,065] [operations.py:132]         [INFO]     |                                                                                                    |
[2025-07-01 09:57:29,065] [operations.py:133]         [INFO]     | Processing: 186/250 Rocket Power                                                                   |
[2025-07-01 09:57:29,134] [operations.py:762]         [INFO]     | No Item Edits                                                                                      |
[2025-07-01 09:57:29,134] [operations.py:132]         [INFO]     |                                                                                                    |
[2025-07-01 09:57:29,134] [operations.py:133]         [INFO]     | Processing: 187/250 Rugrats                                                                        |
[2025-07-01 09:57:29,155] [operations.py:762]         [INFO]     | No Item Edits                                                                                      |
[2025-07-01 09:57:29,155] [operations.py:132]         [INFO]     |                                                                                                    |
[2025-07-01 09:57:29,155] [operations.py:133]         [INFO]     | Processing: 188/250 Sabrina, The Teenage Witch                                                     |
[2025-07-01 09:57:29,343] [operations.py:762]         [INFO]     | No Item Edits                                                                                      |
[2025-07-01 09:57:29,343] [operations.py:132]         [INFO]     |                                                                                                    |
[2025-07-01 09:57:29,343] [operations.py:133]         [INFO]     | Processing: 189/250 Sam & Cat                                                                      |
[2025-07-01 09:57:29,388] [operations.py:762]         [INFO]     | No Item Edits                                                                                      |
[2025-07-01 09:57:29,388] [operations.py:132]         [INFO]     |                                                                                                    |
[2025-07-01 09:57:29,388] [operations.py:133]         [INFO]     | Processing: 190/250 Schitt's Creek                                                                 |
[2025-07-01 09:57:29,500] [operations.py:762]         [INFO]     | No Item Edits                                                                                      |
[2025-07-01 09:57:29,500] [operations.py:132]         [INFO]     |                                                                                                    |
[2025-07-01 09:57:29,500] [operations.py:133]         [INFO]     | Processing: 191/250 Scorpion                                                                       |
[2025-07-01 09:57:29,624] [operations.py:762]         [INFO]     | No Item Edits                                                                                      |
[2025-07-01 09:57:29,625] [operations.py:132]         [INFO]     |                                                                                                    |
[2025-07-01 09:57:29,625] [operations.py:133]         [INFO]     | Processing: 192/250 Scott Pilgrim Takes Off                                                        |
[2025-07-01 09:57:29,765] [operations.py:762]         [INFO]     | No Item Edits                                                                                      |
[2025-07-01 09:57:29,765] [operations.py:132]         [INFO]     |                                                                                                    |
[2025-07-01 09:57:29,765] [operations.py:133]         [INFO]     | Processing: 193/250 A Series of Unfortunate Events                                                 |
[2025-07-01 09:57:29,822] [operations.py:762]         [INFO]     | No Item Edits                                                                                      |
[2025-07-01 09:57:29,822] [operations.py:132]         [INFO]     |                                                                                                    |
[2025-07-01 09:57:29,822] [operations.py:133]         [INFO]     | Processing: 194/250 Severance                                                                      |
[2025-07-01 09:57:29,964] [library.py:216]            [INFO]     | Metadata: asset_directory updated Severance's poster to [File] /Volumes/MacOS/Servers/Kometa/config/assets/plex/Movies/Severance/poster.png |
[2025-07-01 09:57:30,037] [operations.py:762]         [INFO]     | No Item Edits                                                                                      |
[2025-07-01 09:57:30,037] [operations.py:132]         [INFO]     |                                                                                                    |
[2025-07-01 09:57:30,037] [operations.py:133]         [INFO]     | Processing: 195/250 Shameless (US)                                                                 |
[2025-07-01 09:57:30,227] [operations.py:762]         [INFO]     | No Item Edits                                                                                      |
[2025-07-01 09:57:30,227] [operations.py:132]         [INFO]     |                                                                                                    |
[2025-07-01 09:57:30,227] [operations.py:133]         [INFO]     | Processing: 196/250 Sherlock                                                                       |
[2025-07-01 09:57:30,377] [library.py:216]            [INFO]     | Metadata: asset_directory updated Sherlock's poster to [File] /Volumes/MacOS/Servers/Kometa/config/assets/plex/Movies/Sherlock/poster.png |
[2025-07-01 09:57:30,484] [library.py:216]            [INFO]     | Metadata: asset_directory updated Sherlock Season 1's poster to [File] /Volumes/MacOS/Servers/Kometa/config/assets/plex/Movies/Sherlock/Season01.png |
[2025-07-01 09:57:30,550] [library.py:216]            [INFO]     | Metadata: asset_directory updated Sherlock Season 2's poster to [File] /Volumes/MacOS/Servers/Kometa/config/assets/plex/Movies/Sherlock/Season02.png |
[2025-07-01 09:57:30,633] [library.py:216]            [INFO]     | Metadata: asset_directory updated Sherlock Season 3's poster to [File] /Volumes/MacOS/Servers/Kometa/config/assets/plex/Movies/Sherlock/Season03.png |
[2025-07-01 09:57:30,778] [library.py:216]            [INFO]     | Metadata: asset_directory updated Sherlock Season 4's poster to [File] /Volumes/MacOS/Servers/Kometa/config/assets/plex/Movies/Sherlock/Season04.png |
[2025-07-01 09:57:30,790] [operations.py:762]         [INFO]     | No Item Edits                                                                                      |
[2025-07-01 09:57:30,791] [operations.py:132]         [INFO]     |                                                                                                    |
[2025-07-01 09:57:30,791] [operations.py:133]         [INFO]     | Processing: 197/250 Shoresy                                                                        |
[2025-07-01 09:57:30,944] [operations.py:762]         [INFO]     | No Item Edits                                                                                      |
[2025-07-01 09:57:30,944] [operations.py:132]         [INFO]     |                                                                                                    |
[2025-07-01 09:57:30,944] [operations.py:133]         [INFO]     | Processing: 198/250 Silo                                                                           |
[2025-07-01 09:57:30,977] [operations.py:762]         [INFO]     | No Item Edits                                                                                      |
[2025-07-01 09:57:30,977] [operations.py:132]         [INFO]     |                                                                                                    |
[2025-07-01 09:57:30,977] [operations.py:133]         [INFO]     | Processing: 199/250 Smallville                                                                     |
[2025-07-01 09:57:31,131] [library.py:216]            [INFO]     | Metadata: asset_directory updated Smallville's poster to [File] /Volumes/MacOS/Servers/Kometa/config/assets/plex/Movies/Smallville/poster.png |
[2025-07-01 09:57:31,225] [library.py:216]            [INFO]     | Metadata: asset_directory updated Smallville Season 1's poster to [File] /Volumes/MacOS/Servers/Kometa/config/assets/plex/Movies/Smallville/Season01.png |
[2025-07-01 09:57:31,418] [library.py:216]            [INFO]     | Metadata: asset_directory updated Smallville Season 2's poster to [File] /Volumes/MacOS/Servers/Kometa/config/assets/plex/Movies/Smallville/Season02.png |
[2025-07-01 09:57:31,582] [library.py:216]            [INFO]     | Metadata: asset_directory updated Smallville Season 3's poster to [File] /Volumes/MacOS/Servers/Kometa/config/assets/plex/Movies/Smallville/Season03.png |
[2025-07-01 09:57:31,743] [library.py:216]            [INFO]     | Metadata: asset_directory updated Smallville Season 4's poster to [File] /Volumes/MacOS/Servers/Kometa/config/assets/plex/Movies/Smallville/Season04.png |
[2025-07-01 09:57:31,903] [library.py:216]            [INFO]     | Metadata: asset_directory updated Smallville Season 5's poster to [File] /Volumes/MacOS/Servers/Kometa/config/assets/plex/Movies/Smallville/Season05.png |
[2025-07-01 09:57:32,057] [library.py:216]            [INFO]     | Metadata: asset_directory updated Smallville Season 6's poster to [File] /Volumes/MacOS/Servers/Kometa/config/assets/plex/Movies/Smallville/Season06.png |
[2025-07-01 09:57:32,205] [library.py:216]            [INFO]     | Metadata: asset_directory updated Smallville Season 7's poster to [File] /Volumes/MacOS/Servers/Kometa/config/assets/plex/Movies/Smallville/Season07.png |
[2025-07-01 09:57:32,362] [library.py:216]            [INFO]     | Metadata: asset_directory updated Smallville Season 8's poster to [File] /Volumes/MacOS/Servers/Kometa/config/assets/plex/Movies/Smallville/Season08.png |
[2025-07-01 09:57:32,613] [library.py:216]            [INFO]     | Metadata: asset_directory updated Smallville Season 9's poster to [File] /Volumes/MacOS/Servers/Kometa/config/assets/plex/Movies/Smallville/Season09.png |
[2025-07-01 09:57:32,778] [library.py:216]            [INFO]     | Metadata: asset_directory updated Smallville Season 10's poster to [File] /Volumes/MacOS/Servers/Kometa/config/assets/plex/Movies/Smallville/Season10.png |
[2025-07-01 09:57:32,821] [operations.py:762]         [INFO]     | No Item Edits                                                                                      |
[2025-07-01 09:57:32,821] [operations.py:132]         [INFO]     |                                                                                                    |
[2025-07-01 09:57:32,821] [operations.py:133]         [INFO]     | Processing: 200/250 Sneaky Pete                                                                    |
[2025-07-01 09:57:32,981] [operations.py:762]         [INFO]     | No Item Edits                                                                                      |
[2025-07-01 09:57:32,981] [operations.py:132]         [INFO]     |                                                                                                    |
[2025-07-01 09:57:32,981] [operations.py:133]         [INFO]     | Processing: 201/250 Sofia the First                                                                |
[2025-07-01 09:57:33,108] [operations.py:762]         [INFO]     | No Item Edits                                                                                      |
[2025-07-01 09:57:33,108] [operations.py:132]         [INFO]     |                                                                                                    |
[2025-07-01 09:57:33,108] [operations.py:133]         [INFO]     | Processing: 202/250 Sonic Boom                                                                     |
[2025-07-01 09:57:33,210] [operations.py:762]         [INFO]     | No Item Edits                                                                                      |
[2025-07-01 09:57:33,210] [operations.py:132]         [INFO]     |                                                                                                    |
[2025-07-01 09:57:33,210] [operations.py:133]         [INFO]     | Processing: 203/250 South Park                                                                     |
[2025-07-01 09:57:33,867] [operations.py:762]         [INFO]     | No Item Edits                                                                                      |
[2025-07-01 09:57:33,868] [operations.py:132]         [INFO]     |                                                                                                    |
[2025-07-01 09:57:33,868] [operations.py:133]         [INFO]     | Processing: 204/250 SpongeBob SquarePants                                                          |
[2025-07-01 09:57:34,019] [library.py:216]            [INFO]     | Metadata: asset_directory updated SpongeBob SquarePants's poster to [File] /Volumes/MacOS/Servers/Kometa/config/assets/plex/Movies/SpongeBob SquarePants/poster.png |
[2025-07-01 09:57:34,163] [library.py:216]            [INFO]     | Metadata: asset_directory updated SpongeBob SquarePants Season 1's poster to [File] /Volumes/MacOS/Servers/Kometa/config/assets/plex/Movies/SpongeBob SquarePants/Season01.png |
[2025-07-01 09:57:34,327] [library.py:216]            [INFO]     | Metadata: asset_directory updated SpongeBob SquarePants Season 2's poster to [File] /Volumes/MacOS/Servers/Kometa/config/assets/plex/Movies/SpongeBob SquarePants/Season02.png |
[2025-07-01 09:57:34,464] [library.py:216]            [INFO]     | Metadata: asset_directory updated SpongeBob SquarePants Season 3's poster to [File] /Volumes/MacOS/Servers/Kometa/config/assets/plex/Movies/SpongeBob SquarePants/Season03.png |
[2025-07-01 09:57:34,616] [library.py:216]            [INFO]     | Metadata: asset_directory updated SpongeBob SquarePants Season 4's poster to [File] /Volumes/MacOS/Servers/Kometa/config/assets/plex/Movies/SpongeBob SquarePants/Season04.png |
[2025-07-01 09:57:34,768] [library.py:216]            [INFO]     | Metadata: asset_directory updated SpongeBob SquarePants Season 5's poster to [File] /Volumes/MacOS/Servers/Kometa/config/assets/plex/Movies/SpongeBob SquarePants/Season05.png |
[2025-07-01 09:57:34,921] [library.py:216]            [INFO]     | Metadata: asset_directory updated SpongeBob SquarePants Season 6's poster to [File] /Volumes/MacOS/Servers/Kometa/config/assets/plex/Movies/SpongeBob SquarePants/Season06.png |
[2025-07-01 09:57:35,097] [library.py:216]            [INFO]     | Metadata: asset_directory updated SpongeBob SquarePants Season 7's poster to [File] /Volumes/MacOS/Servers/Kometa/config/assets/plex/Movies/SpongeBob SquarePants/Season07.png |
[2025-07-01 09:57:35,165] [library.py:216]            [INFO]     | Metadata: asset_directory updated SpongeBob SquarePants Season 8's poster to [File] /Volumes/MacOS/Servers/Kometa/config/assets/plex/Movies/SpongeBob SquarePants/Season08.png |
[2025-07-01 09:57:35,277] [library.py:216]            [INFO]     | Metadata: asset_directory updated SpongeBob SquarePants Season 9's poster to [File] /Volumes/MacOS/Servers/Kometa/config/assets/plex/Movies/SpongeBob SquarePants/Season09.png |
[2025-07-01 09:57:35,438] [library.py:216]            [INFO]     | Metadata: asset_directory updated SpongeBob SquarePants Season 10's poster to [File] /Volumes/MacOS/Servers/Kometa/config/assets/plex/Movies/SpongeBob SquarePants/Season10.png |
[2025-07-01 09:57:35,605] [library.py:216]            [INFO]     | Metadata: asset_directory updated SpongeBob SquarePants Season 11's poster to [File] /Volumes/MacOS/Servers/Kometa/config/assets/plex/Movies/SpongeBob SquarePants/Season11.png |
[2025-07-01 09:57:35,673] [library.py:216]            [INFO]     | Metadata: asset_directory updated SpongeBob SquarePants Season 12's poster to [File] /Volumes/MacOS/Servers/Kometa/config/assets/plex/Movies/SpongeBob SquarePants/Season12.png |
[2025-07-01 09:57:35,822] [library.py:216]            [INFO]     | Metadata: asset_directory updated SpongeBob SquarePants Season 13's poster to [File] /Volumes/MacOS/Servers/Kometa/config/assets/plex/Movies/SpongeBob SquarePants/Season13.png |
[2025-07-01 09:57:35,933] [operations.py:762]         [INFO]     | No Item Edits                                                                                      |
[2025-07-01 09:57:35,933] [operations.py:132]         [INFO]     |                                                                                                    |
[2025-07-01 09:57:35,933] [operations.py:133]         [INFO]     | Processing: 205/250 Sprung                                                                         |
[2025-07-01 09:57:35,948] [operations.py:762]         [INFO]     | No Item Edits                                                                                      |
[2025-07-01 09:57:35,948] [operations.py:132]         [INFO]     |                                                                                                    |
[2025-07-01 09:57:35,948] [operations.py:133]         [INFO]     | Processing: 206/250 Squid Game                                                                     |
[2025-07-01 09:57:35,988] [operations.py:762]         [INFO]     | No Item Edits                                                                                      |
[2025-07-01 09:57:35,988] [operations.py:132]         [INFO]     |                                                                                                    |
[2025-07-01 09:57:35,988] [operations.py:133]         [INFO]     | Processing: 207/250 Star Wars: Skeleton Crew                                                       |
[2025-07-01 09:57:36,005] [operations.py:762]         [INFO]     | No Item Edits                                                                                      |
[2025-07-01 09:57:36,005] [operations.py:132]         [INFO]     |                                                                                                    |
[2025-07-01 09:57:36,005] [operations.py:133]         [INFO]     | Processing: 208/250 Stargirl                                                                       |
[2025-07-01 09:57:36,059] [operations.py:762]         [INFO]     | No Item Edits                                                                                      |
[2025-07-01 09:57:36,059] [operations.py:132]         [INFO]     |                                                                                                    |
[2025-07-01 09:57:36,059] [operations.py:133]         [INFO]     | Processing: 209/250 Stick                                                                          |
[2025-07-01 09:57:36,077] [operations.py:762]         [INFO]     | No Item Edits                                                                                      |
[2025-07-01 09:57:36,077] [operations.py:132]         [INFO]     |                                                                                                    |
[2025-07-01 09:57:36,077] [operations.py:133]         [INFO]     | Processing: 210/250 Stranger Things                                                                |
[2025-07-01 09:57:36,342] [operations.py:762]         [INFO]     | No Item Edits                                                                                      |
[2025-07-01 09:57:36,342] [operations.py:132]         [INFO]     |                                                                                                    |
[2025-07-01 09:57:36,342] [operations.py:133]         [INFO]     | Processing: 211/250 The Studio (2025)                                                              |
[2025-07-01 09:57:36,589] [library.py:216]            [INFO]     | Metadata: asset_directory updated The Studio (2025)'s poster to [File] /Volumes/MacOS/Servers/Kometa/config/assets/plex/Movies/The Studio (2025)/poster.png |
[2025-07-01 09:57:36,636] [operations.py:762]         [INFO]     | No Item Edits                                                                                      |
[2025-07-01 09:57:36,636] [operations.py:132]         [INFO]     |                                                                                                    |
[2025-07-01 09:57:36,636] [operations.py:133]         [INFO]     | Processing: 212/250 The Suite Life of Zack & Cody                                                  |
[2025-07-01 09:57:36,814] [operations.py:762]         [INFO]     | No Item Edits                                                                                      |
[2025-07-01 09:57:36,814] [operations.py:132]         [INFO]     |                                                                                                    |
[2025-07-01 09:57:36,814] [operations.py:133]         [INFO]     | Processing: 213/250 The Suite Life on Deck                                                         |
[2025-07-01 09:57:36,866] [operations.py:762]         [INFO]     | No Item Edits                                                                                      |
[2025-07-01 09:57:36,866] [operations.py:132]         [INFO]     |                                                                                                    |
[2025-07-01 09:57:36,866] [operations.py:133]         [INFO]     | Processing: 214/250 Super Dragon Ball Heroes                                                       |
[2025-07-01 09:57:36,884] [operations.py:762]         [INFO]     | No Item Edits                                                                                      |
[2025-07-01 09:57:36,884] [operations.py:132]         [INFO]     |                                                                                                    |
[2025-07-01 09:57:36,884] [operations.py:133]         [INFO]     | Processing: 215/250 Super WHY!                                                                     |
[2025-07-01 09:57:36,957] [operations.py:762]         [INFO]     | No Item Edits                                                                                      |
[2025-07-01 09:57:36,957] [operations.py:132]         [INFO]     |                                                                                                    |
[2025-07-01 09:57:36,957] [operations.py:133]         [INFO]     | Processing: 216/250 Supergirl                                                                      |
[2025-07-01 09:57:37,109] [library.py:216]            [INFO]     | Metadata: asset_directory updated Supergirl's poster to [File] /Volumes/MacOS/Servers/Kometa/config/assets/plex/Movies/Supergirl/poster.png |
[2025-07-01 09:57:37,202] [library.py:216]            [INFO]     | Metadata: asset_directory updated Supergirl Season 1's poster to [File] /Volumes/MacOS/Servers/Kometa/config/assets/plex/Movies/Supergirl/Season01.png |
[2025-07-01 09:57:37,308] [library.py:216]            [INFO]     | Metadata: asset_directory updated Supergirl Season 2's poster to [File] /Volumes/MacOS/Servers/Kometa/config/assets/plex/Movies/Supergirl/Season02.png |
[2025-07-01 09:57:37,532] [library.py:216]            [INFO]     | Metadata: asset_directory updated Supergirl Season 3's poster to [File] /Volumes/MacOS/Servers/Kometa/config/assets/plex/Movies/Supergirl/Season03.png |
[2025-07-01 09:57:37,658] [library.py:216]            [INFO]     | Metadata: asset_directory updated Supergirl Season 4's poster to [File] /Volumes/MacOS/Servers/Kometa/config/assets/plex/Movies/Supergirl/Season04.png |
[2025-07-01 09:57:37,841] [library.py:216]            [INFO]     | Metadata: asset_directory updated Supergirl Season 5's poster to [File] /Volumes/MacOS/Servers/Kometa/config/assets/plex/Movies/Supergirl/Season05.png |
[2025-07-01 09:57:37,900] [library.py:216]            [INFO]     | Metadata: asset_directory updated Supergirl Season 6's poster to [File] /Volumes/MacOS/Servers/Kometa/config/assets/plex/Movies/Supergirl/Season06.png |
[2025-07-01 09:57:37,927] [operations.py:762]         [INFO]     | No Item Edits                                                                                      |
[2025-07-01 09:57:37,927] [operations.py:132]         [INFO]     |                                                                                                    |
[2025-07-01 09:57:37,927] [operations.py:133]         [INFO]     | Processing: 217/250 Supernatural                                                                   |
[2025-07-01 09:57:38,178] [library.py:216]            [INFO]     | Metadata: asset_directory updated Supernatural's poster to [File] /Volumes/MacOS/Servers/Kometa/config/assets/plex/Movies/Supernatural/poster.png |
[2025-07-01 09:57:38,490] [operations.py:762]         [INFO]     | No Item Edits                                                                                      |
[2025-07-01 09:57:38,490] [operations.py:132]         [INFO]     |                                                                                                    |
[2025-07-01 09:57:38,490] [operations.py:133]         [INFO]     | Processing: 218/250 Taskmaster                                                                     |
[2025-07-01 09:57:38,695] [operations.py:762]         [INFO]     | No Item Edits                                                                                      |
[2025-07-01 09:57:38,695] [operations.py:132]         [INFO]     |                                                                                                    |
[2025-07-01 09:57:38,695] [operations.py:133]         [INFO]     | Processing: 219/250 Taskmaster (AU)                                                                |
[2025-07-01 09:57:38,762] [operations.py:762]         [INFO]     | No Item Edits                                                                                      |
[2025-07-01 09:57:38,762] [operations.py:132]         [INFO]     |                                                                                                    |
[2025-07-01 09:57:38,762] [operations.py:133]         [INFO]     | Processing: 220/250 Taskmaster (NZ)                                                                |
[2025-07-01 09:57:38,835] [operations.py:762]         [INFO]     | No Item Edits                                                                                      |
[2025-07-01 09:57:38,835] [operations.py:132]         [INFO]     |                                                                                                    |
[2025-07-01 09:57:38,835] [operations.py:133]         [INFO]     | Processing: 221/250 Teacup                                                                         |
[2025-07-01 09:57:38,856] [operations.py:762]         [INFO]     | No Item Edits                                                                                      |
[2025-07-01 09:57:38,856] [operations.py:132]         [INFO]     |                                                                                                    |
[2025-07-01 09:57:38,856] [operations.py:133]         [INFO]     | Processing: 222/250 ted                                                                            |
[2025-07-01 09:57:38,880] [operations.py:762]         [INFO]     | No Item Edits                                                                                      |
[2025-07-01 09:57:38,880] [operations.py:132]         [INFO]     |                                                                                                    |
[2025-07-01 09:57:38,880] [operations.py:133]         [INFO]     | Processing: 223/250 Ted Lasso                                                                      |
[2025-07-01 09:57:38,941] [operations.py:762]         [INFO]     | No Item Edits                                                                                      |
[2025-07-01 09:57:38,941] [operations.py:132]         [INFO]     |                                                                                                    |
[2025-07-01 09:57:38,941] [operations.py:133]         [INFO]     | Processing: 224/250 Teen Titans Go!                                                                |
[2025-07-01 09:57:39,326] [operations.py:762]         [INFO]     | No Item Edits                                                                                      |
[2025-07-01 09:57:39,327] [operations.py:132]         [INFO]     |                                                                                                    |
[2025-07-01 09:57:39,327] [operations.py:133]         [INFO]     | Processing: 225/250 That's So Raven                                                                |
[2025-07-01 09:57:39,454] [operations.py:762]         [INFO]     | No Item Edits                                                                                      |
[2025-07-01 09:57:39,454] [operations.py:132]         [INFO]     |                                                                                                    |
[2025-07-01 09:57:39,454] [operations.py:133]         [INFO]     | Processing: 226/250 The Thundermans                                                                |
[2025-07-01 09:57:39,571] [operations.py:762]         [INFO]     | No Item Edits                                                                                      |
[2025-07-01 09:57:39,571] [operations.py:132]         [INFO]     |                                                                                                    |
[2025-07-01 09:57:39,571] [operations.py:133]         [INFO]     | Processing: 227/250 The Thundermans: Undercover                                                    |
[2025-07-01 09:57:39,595] [operations.py:762]         [INFO]     | No Item Edits                                                                                      |
[2025-07-01 09:57:39,596] [operations.py:132]         [INFO]     |                                                                                                    |
[2025-07-01 09:57:39,596] [operations.py:133]         [INFO]     | Processing: 228/250 Tires                                                                          |
[2025-07-01 09:57:39,631] [operations.py:762]         [INFO]     | No Item Edits                                                                                      |
[2025-07-01 09:57:39,631] [operations.py:132]         [INFO]     |                                                                                                    |
[2025-07-01 09:57:39,631] [operations.py:133]         [INFO]     | Processing: 229/250 Tyler Perry's Young Dylan                                                      |
[2025-07-01 09:57:39,690] [operations.py:762]         [INFO]     | No Item Edits                                                                                      |
[2025-07-01 09:57:39,690] [operations.py:132]         [INFO]     |                                                                                                    |
[2025-07-01 09:57:39,690] [operations.py:133]         [INFO]     | Processing: 230/250 Velma                                                                          |
[2025-07-01 09:57:39,715] [operations.py:762]         [INFO]     | No Item Edits                                                                                      |
[2025-07-01 09:57:39,716] [operations.py:132]         [INFO]     |                                                                                                    |
[2025-07-01 09:57:39,716] [operations.py:133]         [INFO]     | Processing: 231/250 Vice Principals                                                                |
[2025-07-01 09:57:39,754] [operations.py:762]         [INFO]     | No Item Edits                                                                                      |
[2025-07-01 09:57:39,754] [operations.py:132]         [INFO]     |                                                                                                    |
[2025-07-01 09:57:39,754] [operations.py:133]         [INFO]     | Processing: 232/250 Vindicators 2: Last Stand Between Earth and Doom                               |
[2025-07-01 09:57:39,776] [operations.py:762]         [INFO]     | No Item Edits                                                                                      |
[2025-07-01 09:57:39,776] [operations.py:132]         [INFO]     |                                                                                                    |
[2025-07-01 09:57:39,776] [operations.py:133]         [INFO]     | Processing: 233/250 Waco: The Aftermath                                                            |
[2025-07-01 09:57:39,798] [operations.py:762]         [INFO]     | No Item Edits                                                                                      |
[2025-07-01 09:57:39,798] [operations.py:132]         [INFO]     |                                                                                                    |
[2025-07-01 09:57:39,798] [operations.py:133]         [INFO]     | Processing: 234/250 WandaVision                                                                    |
[2025-07-01 09:57:39,925] [library.py:216]            [INFO]     | Metadata: asset_directory updated WandaVision Season 1's poster to [File] /Volumes/MacOS/Servers/Kometa/config/assets/plex/Movies/WandaVision/Season01.png |
[2025-07-01 09:57:39,951] [operations.py:762]         [INFO]     | No Item Edits                                                                                      |
[2025-07-01 09:57:39,951] [operations.py:132]         [INFO]     |                                                                                                    |
[2025-07-01 09:57:39,951] [operations.py:133]         [INFO]     | Processing: 235/250 Watchmen                                                                       |
[2025-07-01 09:57:40,077] [operations.py:762]         [INFO]     | No Item Edits                                                                                      |
[2025-07-01 09:57:40,077] [operations.py:132]         [INFO]     |                                                                                                    |
[2025-07-01 09:57:40,077] [operations.py:133]         [INFO]     | Processing: 236/250 Watson                                                                         |
[2025-07-01 09:57:40,103] [operations.py:762]         [INFO]     | No Item Edits                                                                                      |
[2025-07-01 09:57:40,103] [operations.py:132]         [INFO]     |                                                                                                    |
[2025-07-01 09:57:40,103] [operations.py:133]         [INFO]     | Processing: 237/250 We Bare Bears                                                                  |
[2025-07-01 09:57:40,239] [operations.py:762]         [INFO]     | No Item Edits                                                                                      |
[2025-07-01 09:57:40,239] [operations.py:132]         [INFO]     |                                                                                                    |
[2025-07-01 09:57:40,239] [operations.py:133]         [INFO]     | Processing: 238/250 Wednesday                                                                      |
[2025-07-01 09:57:40,375] [library.py:216]            [INFO]     | Metadata: asset_directory updated Wednesday's poster to [File] /Volumes/MacOS/Servers/Kometa/config/assets/plex/Movies/Wednesday/poster.png |
[2025-07-01 09:57:40,394] [operations.py:762]         [INFO]     | No Item Edits                                                                                      |
[2025-07-01 09:57:40,394] [operations.py:132]         [INFO]     |                                                                                                    |
[2025-07-01 09:57:40,394] [operations.py:133]         [INFO]     | Processing: 239/250 The White Lotus                                                                |
[2025-07-01 09:57:40,537] [operations.py:762]         [INFO]     | No Item Edits                                                                                      |
[2025-07-01 09:57:40,537] [operations.py:132]         [INFO]     |                                                                                                    |
[2025-07-01 09:57:40,537] [operations.py:133]         [INFO]     | Processing: 240/250 The Whitest Kids U'Know                                                        |
[2025-07-01 09:57:40,599] [operations.py:762]         [INFO]     | No Item Edits                                                                                      |
[2025-07-01 09:57:40,599] [operations.py:132]         [INFO]     |                                                                                                    |
[2025-07-01 09:57:40,600] [operations.py:133]         [INFO]     | Processing: 241/250 Wild Kratts                                                                    |
[2025-07-01 09:57:40,719] [operations.py:762]         [INFO]     | No Item Edits                                                                                      |
[2025-07-01 09:57:40,719] [operations.py:132]         [INFO]     |                                                                                                    |
[2025-07-01 09:57:40,719] [operations.py:133]         [INFO]     | Processing: 242/250 The Wire                                                                       |
[2025-07-01 09:57:40,785] [operations.py:762]         [INFO]     | No Item Edits                                                                                      |
[2025-07-01 09:57:40,785] [operations.py:132]         [INFO]     |                                                                                                    |
[2025-07-01 09:57:40,785] [operations.py:133]         [INFO]     | Processing: 243/250 Workaholics                                                                    |
[2025-07-01 09:57:40,869] [operations.py:762]         [INFO]     | No Item Edits                                                                                      |
[2025-07-01 09:57:40,869] [operations.py:132]         [INFO]     |                                                                                                    |
[2025-07-01 09:57:40,869] [operations.py:133]         [INFO]     | Processing: 244/250 Would I Lie to You?                                                            |
[2025-07-01 09:57:41,067] [operations.py:762]         [INFO]     | No Item Edits                                                                                      |
[2025-07-01 09:57:41,067] [operations.py:132]         [INFO]     |                                                                                                    |
[2025-07-01 09:57:41,067] [operations.py:133]         [INFO]     | Processing: 245/250 Xavier Riddle and the Secret Museum                                            |
[2025-07-01 09:57:41,096] [operations.py:762]         [INFO]     | No Item Edits                                                                                      |
[2025-07-01 09:57:41,096] [operations.py:132]         [INFO]     |                                                                                                    |
[2025-07-01 09:57:41,096] [operations.py:133]         [INFO]     | Processing: 246/250 Yellowjackets                                                                  |
[2025-07-01 09:57:41,255] [library.py:216]            [INFO]     | Metadata: asset_directory updated Yellowjackets's poster to [File] /Volumes/MacOS/Servers/Kometa/config/assets/plex/Movies/Yellowjackets/poster.jpg |
[2025-07-01 09:57:41,376] [library.py:216]            [INFO]     | Metadata: asset_directory updated Yellowjackets Season 1's poster to [File] /Volumes/MacOS/Servers/Kometa/config/assets/plex/Movies/Yellowjackets/Season01.jpg |
[2025-07-01 09:57:41,522] [library.py:216]            [INFO]     | Metadata: asset_directory updated Yellowjackets Season 2's poster to [File] /Volumes/MacOS/Servers/Kometa/config/assets/plex/Movies/Yellowjackets/Season02.jpg |
[2025-07-01 09:57:41,783] [library.py:216]            [INFO]     | Metadata: asset_directory updated Yellowjackets Season 3's poster to [File] /Volumes/MacOS/Servers/Kometa/config/assets/plex/Movies/Yellowjackets/Season03.jpg |
[2025-07-01 09:57:41,844] [operations.py:762]         [INFO]     | No Item Edits                                                                                      |
[2025-07-01 09:57:41,844] [operations.py:132]         [INFO]     |                                                                                                    |
[2025-07-01 09:57:41,844] [operations.py:133]         [INFO]     | Processing: 247/250 Yellowstone (2018)                                                             |
[2025-07-01 09:57:41,977] [operations.py:762]         [INFO]     | No Item Edits                                                                                      |
[2025-07-01 09:57:41,977] [operations.py:132]         [INFO]     |                                                                                                    |
[2025-07-01 09:57:41,977] [operations.py:133]         [INFO]     | Processing: 248/250 Young Sheldon                                                                  |
[2025-07-01 09:57:42,108] [operations.py:762]         [INFO]     | No Item Edits                                                                                      |
[2025-07-01 09:57:42,108] [operations.py:132]         [INFO]     |                                                                                                    |
[2025-07-01 09:57:42,108] [operations.py:133]         [INFO]     | Processing: 249/250 Your Honor                                                                     |
[2025-07-01 09:57:42,151] [operations.py:762]         [INFO]     | No Item Edits                                                                                      |
[2025-07-01 09:57:42,151] [operations.py:132]         [INFO]     |                                                                                                    |
[2025-07-01 09:57:42,151] [operations.py:133]         [INFO]     | Processing: 250/250 Zoboomafoo                                                                     |
[2025-07-01 09:57:42,214] [operations.py:762]         [INFO]     | No Item Edits                                                                                      |
[2025-07-01 09:57:42,214] [operations.py:952]         [INFO]     |                                                                                                    |
[2025-07-01 09:57:42,214] [operations.py:953]         [INFO]     |========================================== Batch Updates ===========================================|
[2025-07-01 09:57:42,214] [operations.py:954]         [INFO]     |                                                                                                    |
[2025-07-01 09:57:42,214] [operations.py:1111]        [INFO]     |                                                                                                    |
[2025-07-01 09:57:42,214] [operations.py:1112]        [INFO]     |====================================== Collection Operations =======================================|
[2025-07-01 09:57:42,214] [operations.py:1113]        [INFO]     |                                                                                                    |
[2025-07-01 09:57:42,674] [operations.py:1153]        [INFO]     |                                                                                                    |
[2025-07-01 09:57:42,674] [operations.py:1154]        [INFO]     |=========================== No Unmanaged Collections in TV Shows Library ===========================|
[2025-07-01 09:57:42,674] [operations.py:1155]        [INFO]     |                                                                                                    |
[2025-07-01 09:57:42,675] [operations.py:1158]        [INFO]     |                                                                                                    |
[2025-07-01 09:57:42,675] [operations.py:1159]        [INFO]     |=========================== Unconfigured Collections in TV Shows Library ===========================|
[2025-07-01 09:57:42,675] [operations.py:1160]        [INFO]     |                                                                                                    |
[2025-07-01 09:57:42,675] [operations.py:1162]        [INFO]     | New Episodes                                                                                       |
[2025-07-01 09:57:42,675] [operations.py:1162]        [INFO]     | Newly Released                                                                                     |
[2025-07-01 09:57:42,675] [operations.py:1162]        [INFO]     | IMDb Popular                                                                                       |
[2025-07-01 09:57:42,675] [operations.py:1162]        [INFO]     | IMDb Top 250                                                                                       |
[2025-07-01 09:57:42,676] [operations.py:1162]        [INFO]     | Arrowverse                                                                                         |
[2025-07-01 09:57:42,676] [operations.py:1163]        [INFO]     |                                                                                                    |
[2025-07-01 09:57:42,676] [operations.py:1164]        [INFO]     | 5 Unconfigured Collections                                                                         |
[2025-07-01 09:57:42,676] [operations.py:1253]        [INFO]     |                                                                                                    |
[2025-07-01 09:57:42,676] [operations.py:1254]        [INFO]     |====================================================================================================|
[2025-07-01 09:57:42,676] [operations.py:1254]        [INFO]     |                                Finished TV Shows Library Operations                                |
[2025-07-01 09:57:42,676] [operations.py:1254]        [INFO]     |                                    Operations Run Time: 0:01:11                                    |
[2025-07-01 09:57:42,677] [operations.py:1254]        [INFO]     |====================================================================================================|
[2025-07-01 09:57:42,679] [kometa.py:737]             [INFO]     |                                                                                                    |
[2025-07-01 09:57:42,679] [kometa.py:738]             [INFO]     |====================================================================================================|
[2025-07-01 09:57:42,679] [kometa.py:738]             [INFO]     |                                   Running basic Collection File                                    |
[2025-07-01 09:57:42,680] [kometa.py:738]             [INFO]     |                                               basic                                                |
[2025-07-01 09:57:42,680] [kometa.py:738]             [INFO]     |====================================================================================================|
[2025-07-01 09:57:42,680] [kometa.py:745]             [INFO]     |                                                                                                    |
[2025-07-01 09:57:42,680] [kometa.py:746]             [INFO]     |====================================================================================================|
[2025-07-01 09:57:42,680] [kometa.py:746]             [INFO]     |                                            Collections                                             |
[2025-07-01 09:57:42,680] [kometa.py:746]             [INFO]     |====================================================================================================|
[2025-07-01 09:57:42,680] [kometa.py:796]             [INFO]     |                                                                                                    |
[2025-07-01 09:57:42,680] [builder.py:204]            [INFO]     |====================================================================================================|
[2025-07-01 09:57:42,680] [builder.py:204]            [INFO]     |                               Newly Released Collection in TV Shows                                |
[2025-07-01 09:57:42,680] [builder.py:204]            [INFO]     |====================================================================================================|
[2025-07-01 09:57:42,680] [builder.py:205]            [INFO]     |                                                                                                    |
[2025-07-01 09:57:42,680] [builder.py:216]            [INFO]     |================================ Building Definition From Templates ================================|
[2025-07-01 09:57:42,680] [builder.py:217]            [DEBUG]    |                                                                                                    |
[2025-07-01 09:57:42,681] [builder.py:227]            [DEBUG]    | Templates Called: smart_filter, shared                                                             |
[2025-07-01 09:57:42,681] [builder.py:228]            [DEBUG]    |                                                                                                    |
[2025-07-01 09:57:42,681] [builder.py:231]            [DEBUG]    |                                                                                                    |
[2025-07-01 09:57:42,681] [builder.py:232]            [DEBUG]    | Validating Method: variables                                                                       |
[2025-07-01 09:57:42,685] [meta.py:367]               [DEBUG]    |                                                                                                    |
[2025-07-01 09:57:42,685] [meta.py:368]               [DEBUG]    | Conditional: name_<<key>>                                                                          |
[2025-07-01 09:57:42,686] [meta.py:367]               [DEBUG]    |                                                                                                    |
[2025-07-01 09:57:42,686] [meta.py:368]               [DEBUG]    | Conditional: summary_<<key>>                                                                       |
[2025-07-01 09:57:42,686] [meta.py:367]               [DEBUG]    |                                                                                                    |
[2025-07-01 09:57:42,686] [meta.py:368]               [DEBUG]    | Conditional: url_poster_<<key>>                                                                    |
[2025-07-01 09:57:42,686] [meta.py:367]               [DEBUG]    |                                                                                                    |
[2025-07-01 09:57:42,686] [meta.py:368]               [DEBUG]    | Conditional: final_use                                                                             |
[2025-07-01 09:57:42,699] [meta.py:598]               [DEBUG]    |==================================== Final Template Attributes =====================================|
[2025-07-01 09:57:42,699] [meta.py:599]               [DEBUG]    |                                                                                                    |
[2025-07-01 09:57:42,699] [meta.py:600]               [DEBUG]    | {'smart_filter': {'sort_by': 'release.desc', 'any': {'release': 90}}, 'translation_key': 'basic_released', 'ignore_blank_results': True, 'sort_title': '!010_<<title>>', 'url_poster': 'https://raw.githubusercontent.com/Kometa-Team/Default-Images/master/chart/color/Newly%20Released.jpg'} |
[2025-07-01 09:57:42,699] [meta.py:601]               [DEBUG]    |                                                                                                    |
[2025-07-01 09:57:42,699] [builder.py:244]            [INFO]     |=============================== Validating Newly Released Attributes ===============================|
[2025-07-01 09:57:42,699] [builder.py:309]            [DEBUG]    |                                                                                                    |
[2025-07-01 09:57:42,699] [builder.py:310]            [DEBUG]    | Validating Method: translation_key                                                                 |
[2025-07-01 09:57:42,699] [builder.py:313]            [DEBUG]    | Value: basic_released                                                                              |
[2025-07-01 09:57:42,699] [builder.py:393]            [INFO]     | Final Name: Newly Released                                                                         |
[2025-07-01 09:57:42,791] [builder.py:640]            [DEBUG]    |                                                                                                    |
[2025-07-01 09:57:42,791] [builder.py:641]            [DEBUG]    | Validating Method: ignore_blank_results                                                            |
[2025-07-01 09:57:42,791] [builder.py:642]            [DEBUG]    | Value: True                                                                                        |
[2025-07-01 09:57:42,791] [builder.py:2511]           [INFO]     |                                                                                                    |
[2025-07-01 09:57:42,791] [builder.py:2512]           [INFO]     | Validating Method: smart_filter                                                                    |
[2025-07-01 09:57:42,791] [builder.py:2518]           [DEBUG]    | Value: {'sort_by': 'release.desc', 'any': {'release': 90}}                                         |
[2025-07-01 09:57:42,791] [builder.py:2705]           [DEBUG]    | Smart URL: ?type=2&sort=originallyAvailableAt%3Adesc&push=1&show.originallyAvailableAt%3E%3E=-90d&pop=1 |
[2025-07-01 09:57:42,791] [builder.py:999]            [DEBUG]    |                                                                                                    |
[2025-07-01 09:57:42,791] [builder.py:1003]           [DEBUG]    | Validating Method: sort_title                                                                      |
[2025-07-01 09:57:42,791] [builder.py:1004]           [DEBUG]    | Value: !010_<<title>>                                                                              |
[2025-07-01 09:57:42,792] [builder.py:999]            [DEBUG]    |                                                                                                    |
[2025-07-01 09:57:42,792] [builder.py:1003]           [DEBUG]    | Validating Method: url_poster                                                                      |
[2025-07-01 09:57:42,792] [builder.py:1004]           [DEBUG]    | Value: https://raw.githubusercontent.com/Kometa-Team/Default-Images/master/chart/color/Newly%20Released.jpg |
[2025-07-01 09:57:42,838] [builder.py:1184]           [INFO]     |                                                                                                    |
[2025-07-01 09:57:42,838] [builder.py:1185]           [INFO]     | Validation Successful                                                                              |
[2025-07-01 09:57:42,838] [kometa.py:833]             [INFO]     |                                                                                                    |
[2025-07-01 09:57:42,838] [kometa.py:835]             [INFO]     |================================ Running Newly Released Collection =================================|
[2025-07-01 09:57:42,838] [kometa.py:841]             [INFO]     |                                                                                                    |
[2025-07-01 09:57:42,838] [kometa.py:842]             [INFO]     | Smart Show Filter                                                                                  |
                                                                 | Sort By: ['release.desc']                                                                          |
                                                                 | Filter:                                                                                            |
                                                                 |   Match any of the following:                                                                      |
                                                                 |     Release Date is in the last 90d Days                                                           |
[2025-07-01 09:57:42,839] [kometa.py:843]             [INFO]     |                                                                                                    |
[2025-07-01 09:57:42,839] [kometa.py:844]             [INFO]     | Items Found: 4                                                                                     |
[2025-07-01 09:57:42,905] [builder.py:3355]           [INFO]     |                                                                                                    |
[2025-07-01 09:57:42,905] [builder.py:3356]           [INFO]     |========================== Updating Metadata of Newly Released Collection ==========================|
[2025-07-01 09:57:42,905] [builder.py:3357]           [INFO]     |                                                                                                    |
[2025-07-01 09:57:42,910] [builder.py:3431]           [INFO]     | Collection Metadata Edits                                                                          |
[2025-07-01 09:57:42,911] [library.py:283]            [DEBUG]    | 2 posters found:                                                                                   |
[2025-07-01 09:57:42,911] [library.py:285]            [DEBUG]    | Method: url_poster Poster: https://raw.githubusercontent.com/Kometa-Team/Default-Images/master/chart/color/Newly%20Released.jpg |
[2025-07-01 09:57:42,911] [library.py:285]            [DEBUG]    | Method: asset_directory Poster: {'attribute': 'asset_directory', 'location': '/Volumes/MacOS/Servers/Kometa/config/assets/plex/Movies/Newly Released/poster.jpg', 'prefix': "Newly Released's ", 'is_poster': True, 'is_url': False, 'compare': 659200, 'message': "Newly Released's poster to [File] /Volumes/MacOS/Servers/Kometa/config/assets/plex/Movies/Newly Released/poster.jpg"} |
[2025-07-01 09:57:43,034] [library.py:216]            [INFO]     | Metadata: asset_directory updated Newly Released's poster to [File] /Volumes/MacOS/Servers/Kometa/config/assets/plex/Movies/Newly Released/poster.jpg |
[2025-07-01 09:57:43,044] [kometa.py:977]             [INFO]     |                                                                                                    |
[2025-07-01 09:57:43,045] [kometa.py:978]             [INFO]     |====================================================================================================|
[2025-07-01 09:57:43,045] [kometa.py:978]             [INFO]     |                                 Finished Newly Released Collection                                 |
[2025-07-01 09:57:43,045] [kometa.py:978]             [INFO]     |                                    Collection Run Time: 0:00:00                                    |
[2025-07-01 09:57:43,045] [kometa.py:978]             [INFO]     |====================================================================================================|
[2025-07-01 09:57:43,045] [builder.py:204]            [INFO]     |====================================================================================================|
[2025-07-01 09:57:43,045] [builder.py:204]            [INFO]     |                                New Episodes Collection in TV Shows                                 |
[2025-07-01 09:57:43,045] [builder.py:204]            [INFO]     |====================================================================================================|
[2025-07-01 09:57:43,045] [builder.py:205]            [INFO]     |                                                                                                    |
[2025-07-01 09:57:43,045] [builder.py:216]            [INFO]     |================================ Building Definition From Templates ================================|
[2025-07-01 09:57:43,045] [builder.py:217]            [DEBUG]    |                                                                                                    |
[2025-07-01 09:57:43,045] [builder.py:227]            [DEBUG]    | Templates Called: smart_filter, shared                                                             |
[2025-07-01 09:57:43,045] [builder.py:228]            [DEBUG]    |                                                                                                    |
[2025-07-01 09:57:43,045] [builder.py:231]            [DEBUG]    |                                                                                                    |
[2025-07-01 09:57:43,045] [builder.py:232]            [DEBUG]    | Validating Method: variables                                                                       |
[2025-07-01 09:57:43,048] [meta.py:367]               [DEBUG]    |                                                                                                    |
[2025-07-01 09:57:43,049] [meta.py:368]               [DEBUG]    | Conditional: name_<<key>>                                                                          |
[2025-07-01 09:57:43,049] [meta.py:367]               [DEBUG]    |                                                                                                    |
[2025-07-01 09:57:43,049] [meta.py:368]               [DEBUG]    | Conditional: summary_<<key>>                                                                       |
[2025-07-01 09:57:43,049] [meta.py:367]               [DEBUG]    |                                                                                                    |
[2025-07-01 09:57:43,049] [meta.py:368]               [DEBUG]    | Conditional: url_poster_<<key>>                                                                    |
[2025-07-01 09:57:43,049] [meta.py:367]               [DEBUG]    |                                                                                                    |
[2025-07-01 09:57:43,049] [meta.py:368]               [DEBUG]    | Conditional: final_use                                                                             |
[2025-07-01 09:57:43,062] [meta.py:598]               [DEBUG]    |==================================== Final Template Attributes =====================================|
[2025-07-01 09:57:43,063] [meta.py:599]               [DEBUG]    |                                                                                                    |
[2025-07-01 09:57:43,063] [meta.py:600]               [DEBUG]    | {'smart_filter': {'sort_by': 'release.desc', 'type': 'episodes', 'any': {'episode_air_date': 7}}, 'run_definition': ['show'], 'translation_key': 'basic_episodes', 'ignore_blank_results': True, 'sort_title': '!010_<<title>>', 'url_poster': 'https://raw.githubusercontent.com/Kometa-Team/Default-Images/master/chart/color/New%20Episodes.jpg'} |
[2025-07-01 09:57:43,063] [meta.py:601]               [DEBUG]    |                                                                                                    |
[2025-07-01 09:57:43,063] [builder.py:244]            [INFO]     |================================ Validating New Episodes Attributes ================================|
[2025-07-01 09:57:43,063] [builder.py:309]            [DEBUG]    |                                                                                                    |
[2025-07-01 09:57:43,063] [builder.py:310]            [DEBUG]    | Validating Method: translation_key                                                                 |
[2025-07-01 09:57:43,063] [builder.py:313]            [DEBUG]    | Value: basic_episodes                                                                              |
[2025-07-01 09:57:43,063] [builder.py:393]            [INFO]     | Final Name: New Episodes                                                                           |
[2025-07-01 09:57:43,172] [builder.py:436]            [DEBUG]    |                                                                                                    |
[2025-07-01 09:57:43,172] [builder.py:437]            [DEBUG]    | Validating Method: run_definition                                                                  |
[2025-07-01 09:57:43,172] [builder.py:440]            [DEBUG]    | Value: ['show']                                                                                    |
[2025-07-01 09:57:43,172] [builder.py:640]            [DEBUG]    |                                                                                                    |
[2025-07-01 09:57:43,172] [builder.py:641]            [DEBUG]    | Validating Method: ignore_blank_results                                                            |
[2025-07-01 09:57:43,172] [builder.py:642]            [DEBUG]    | Value: True                                                                                        |
[2025-07-01 09:57:43,172] [builder.py:2511]           [INFO]     |                                                                                                    |
[2025-07-01 09:57:43,172] [builder.py:2512]           [INFO]     | Validating Method: smart_filter                                                                    |
[2025-07-01 09:57:43,172] [builder.py:2518]           [DEBUG]    | Value: {'sort_by': 'release.desc', 'type': 'episodes', 'any': {'episode_air_date': 7}}             |
[2025-07-01 09:57:43,172] [builder.py:2705]           [DEBUG]    | Smart URL: ?type=2&sort=originallyAvailableAt%3Adesc&push=1&episode.originallyAvailableAt%3E%3E=-7d&pop=1 |
[2025-07-01 09:57:43,172] [builder.py:999]            [DEBUG]    |                                                                                                    |
[2025-07-01 09:57:43,172] [builder.py:1003]           [DEBUG]    | Validating Method: sort_title                                                                      |
[2025-07-01 09:57:43,172] [builder.py:1004]           [DEBUG]    | Value: !010_<<title>>                                                                              |
[2025-07-01 09:57:43,172] [builder.py:999]            [DEBUG]    |                                                                                                    |
[2025-07-01 09:57:43,173] [builder.py:1003]           [DEBUG]    | Validating Method: url_poster                                                                      |
[2025-07-01 09:57:43,173] [builder.py:1004]           [DEBUG]    | Value: https://raw.githubusercontent.com/Kometa-Team/Default-Images/master/chart/color/New%20Episodes.jpg |
[2025-07-01 09:57:43,208] [builder.py:1184]           [INFO]     |                                                                                                    |
[2025-07-01 09:57:43,208] [builder.py:1185]           [INFO]     | Validation Successful                                                                              |
[2025-07-01 09:57:43,208] [kometa.py:833]             [INFO]     |                                                                                                    |
[2025-07-01 09:57:43,209] [kometa.py:835]             [INFO]     |================================= Running New Episodes Collection ==================================|
[2025-07-01 09:57:43,209] [kometa.py:841]             [INFO]     |                                                                                                    |
[2025-07-01 09:57:43,209] [kometa.py:842]             [INFO]     | Smart Show Filter                                                                                  |
                                                                 | Sort By: ['release.desc']                                                                          |
                                                                 | Filter:                                                                                            |
                                                                 |   Match any of the following:                                                                      |
                                                                 |     Episode Air Date is in the last 7d Days                                                        |
[2025-07-01 09:57:43,209] [kometa.py:843]             [INFO]     |                                                                                                    |
[2025-07-01 09:57:43,209] [kometa.py:844]             [INFO]     | Items Found: 12                                                                                    |
[2025-07-01 09:57:43,269] [builder.py:3355]           [INFO]     |                                                                                                    |
[2025-07-01 09:57:43,270] [builder.py:3356]           [INFO]     |=========================== Updating Metadata of New Episodes Collection ===========================|
[2025-07-01 09:57:43,270] [builder.py:3357]           [INFO]     |                                                                                                    |
[2025-07-01 09:57:43,274] [builder.py:3431]           [INFO]     | Collection Metadata Edits                                                                          |
[2025-07-01 09:57:43,275] [library.py:283]            [DEBUG]    | 2 posters found:                                                                                   |
[2025-07-01 09:57:43,275] [library.py:285]            [DEBUG]    | Method: url_poster Poster: https://raw.githubusercontent.com/Kometa-Team/Default-Images/master/chart/color/New%20Episodes.jpg |
[2025-07-01 09:57:43,275] [library.py:285]            [DEBUG]    | Method: asset_directory Poster: {'attribute': 'asset_directory', 'location': '/Volumes/MacOS/Servers/Kometa/config/assets/plex/Movies/New Episodes/poster.jpg', 'prefix': "New Episodes's ", 'is_poster': True, 'is_url': False, 'compare': 647561, 'message': "New Episodes's poster to [File] /Volumes/MacOS/Servers/Kometa/config/assets/plex/Movies/New Episodes/poster.jpg"} |
[2025-07-01 09:57:43,394] [library.py:216]            [INFO]     | Metadata: asset_directory updated New Episodes's poster to [File] /Volumes/MacOS/Servers/Kometa/config/assets/plex/Movies/New Episodes/poster.jpg |
[2025-07-01 09:57:43,422] [kometa.py:977]             [INFO]     |                                                                                                    |
[2025-07-01 09:57:43,422] [kometa.py:978]             [INFO]     |====================================================================================================|
[2025-07-01 09:57:43,422] [kometa.py:978]             [INFO]     |                                  Finished New Episodes Collection                                  |
[2025-07-01 09:57:43,422] [kometa.py:978]             [INFO]     |                                    Collection Run Time: 0:00:00                                    |
[2025-07-01 09:57:43,422] [kometa.py:978]             [INFO]     |====================================================================================================|
[2025-07-01 09:57:43,422] [kometa.py:737]             [INFO]     |                                                                                                    |
[2025-07-01 09:57:43,422] [kometa.py:738]             [INFO]     |====================================================================================================|
[2025-07-01 09:57:43,422] [kometa.py:738]             [INFO]     |                                    Running imdb Collection File                                    |
[2025-07-01 09:57:43,422] [kometa.py:738]             [INFO]     |                                                imdb                                                |
[2025-07-01 09:57:43,422] [kometa.py:738]             [INFO]     |====================================================================================================|
[2025-07-01 09:57:43,422] [kometa.py:745]             [INFO]     |                                                                                                    |
[2025-07-01 09:57:43,422] [kometa.py:746]             [INFO]     |====================================================================================================|
[2025-07-01 09:57:43,422] [kometa.py:746]             [INFO]     |                                            Collections                                             |
[2025-07-01 09:57:43,422] [kometa.py:746]             [INFO]     |====================================================================================================|
[2025-07-01 09:57:43,422] [kometa.py:796]             [INFO]     |                                                                                                    |
[2025-07-01 09:57:43,422] [builder.py:204]            [INFO]     |====================================================================================================|
[2025-07-01 09:57:43,422] [builder.py:204]            [INFO]     |                                IMDb Popular Collection in TV Shows                                 |
[2025-07-01 09:57:43,422] [builder.py:204]            [INFO]     |====================================================================================================|
[2025-07-01 09:57:43,423] [builder.py:205]            [INFO]     |                                                                                                    |
[2025-07-01 09:57:43,423] [builder.py:216]            [INFO]     |================================ Building Definition From Templates ================================|
[2025-07-01 09:57:43,423] [builder.py:217]            [DEBUG]    |                                                                                                    |
[2025-07-01 09:57:43,423] [builder.py:227]            [DEBUG]    | Templates Called: imdb_chart, shared, arr, custom                                                  |
[2025-07-01 09:57:43,423] [builder.py:228]            [DEBUG]    |                                                                                                    |
[2025-07-01 09:57:43,423] [builder.py:231]            [DEBUG]    |                                                                                                    |
[2025-07-01 09:57:43,423] [builder.py:232]            [DEBUG]    | Validating Method: variables                                                                       |
[2025-07-01 09:57:43,424] [meta.py:367]               [DEBUG]    |                                                                                                    |
[2025-07-01 09:57:43,424] [meta.py:368]               [DEBUG]    | Conditional: name_<<key>>                                                                          |
[2025-07-01 09:57:43,424] [meta.py:367]               [DEBUG]    |                                                                                                    |
[2025-07-01 09:57:43,424] [meta.py:368]               [DEBUG]    | Conditional: summary_<<key>>                                                                       |
[2025-07-01 09:57:43,424] [meta.py:367]               [DEBUG]    |                                                                                                    |
[2025-07-01 09:57:43,424] [meta.py:368]               [DEBUG]    | Conditional: url_poster_<<key>>                                                                    |
[2025-07-01 09:57:43,424] [meta.py:367]               [DEBUG]    |                                                                                                    |
[2025-07-01 09:57:43,424] [meta.py:368]               [DEBUG]    | Conditional: final_use                                                                             |
[2025-07-01 09:57:43,433] [meta.py:598]               [DEBUG]    |==================================== Final Template Attributes =====================================|
[2025-07-01 09:57:43,433] [meta.py:599]               [DEBUG]    |                                                                                                    |
[2025-07-01 09:57:43,433] [meta.py:600]               [DEBUG]    | {'imdb_chart': 'popular_shows', 'translation_key': 'imdb_popular', 'ignore_blank_results': True, 'sort_title': '!020_<<title>>', 'url_poster': 'https://raw.githubusercontent.com/Kometa-Team/Default-Images/master/chart/color/IMDb%20Popular.jpg', 'collection_order': 'custom', 'sync_mode': 'sync', 'cache_builders': 1} |
[2025-07-01 09:57:43,433] [meta.py:601]               [DEBUG]    |                                                                                                    |
[2025-07-01 09:57:43,433] [builder.py:244]            [INFO]     |================================ Validating IMDb Popular Attributes ================================|
[2025-07-01 09:57:43,433] [builder.py:309]            [DEBUG]    |                                                                                                    |
[2025-07-01 09:57:43,433] [builder.py:310]            [DEBUG]    | Validating Method: translation_key                                                                 |
[2025-07-01 09:57:43,433] [builder.py:313]            [DEBUG]    | Value: imdb_popular                                                                                |
[2025-07-01 09:57:43,433] [builder.py:393]            [INFO]     | Final Name: IMDb Popular                                                                           |
[2025-07-01 09:57:43,595] [builder.py:640]            [DEBUG]    |                                                                                                    |
[2025-07-01 09:57:43,595] [builder.py:641]            [DEBUG]    | Validating Method: ignore_blank_results                                                            |
[2025-07-01 09:57:43,595] [builder.py:642]            [DEBUG]    | Value: True                                                                                        |
[2025-07-01 09:57:43,595] [builder.py:756]            [DEBUG]    |                                                                                                    |
[2025-07-01 09:57:43,595] [builder.py:757]            [DEBUG]    | Validating Method: sync_mode                                                                       |
[2025-07-01 09:57:43,595] [builder.py:761]            [DEBUG]    | Value: sync                                                                                        |
[2025-07-01 09:57:43,595] [builder.py:966]            [DEBUG]    |                                                                                                    |
[2025-07-01 09:57:43,595] [builder.py:967]            [DEBUG]    | Validating Method: collection_order                                                                |
[2025-07-01 09:57:43,595] [builder.py:968]            [DEBUG]    | Value: custom                                                                                      |
[2025-07-01 09:57:43,595] [builder.py:999]            [DEBUG]    |                                                                                                    |
[2025-07-01 09:57:43,595] [builder.py:1003]           [DEBUG]    | Validating Method: imdb_chart                                                                      |
[2025-07-01 09:57:43,595] [builder.py:1004]           [DEBUG]    | Value: popular_shows                                                                               |
[2025-07-01 09:57:43,595] [builder.py:999]            [DEBUG]    |                                                                                                    |
[2025-07-01 09:57:43,595] [builder.py:1003]           [DEBUG]    | Validating Method: sort_title                                                                      |
[2025-07-01 09:57:43,595] [builder.py:1004]           [DEBUG]    | Value: !020_<<title>>                                                                              |
[2025-07-01 09:57:43,595] [builder.py:999]            [DEBUG]    |                                                                                                    |
[2025-07-01 09:57:43,595] [builder.py:1003]           [DEBUG]    | Validating Method: url_poster                                                                      |
[2025-07-01 09:57:43,595] [builder.py:1004]           [DEBUG]    | Value: https://raw.githubusercontent.com/Kometa-Team/Default-Images/master/chart/color/IMDb%20Popular.jpg |
[2025-07-01 09:57:43,609] [builder.py:999]            [DEBUG]    |                                                                                                    |
[2025-07-01 09:57:43,609] [builder.py:1003]           [DEBUG]    | Validating Method: cache_builders                                                                  |
[2025-07-01 09:57:43,609] [builder.py:1004]           [DEBUG]    | Value: 1                                                                                           |
[2025-07-01 09:57:43,609] [builder.py:1184]           [INFO]     |                                                                                                    |
[2025-07-01 09:57:43,609] [builder.py:1185]           [INFO]     | Validation Successful                                                                              |
[2025-07-01 09:57:43,609] [kometa.py:833]             [INFO]     |                                                                                                    |
[2025-07-01 09:57:43,609] [kometa.py:835]             [INFO]     |================================= Running IMDb Popular Collection ==================================|
[2025-07-01 09:57:43,609] [kometa.py:849]             [INFO]     |                                                                                                    |
[2025-07-01 09:57:43,609] [kometa.py:850]             [INFO]     | Sync Mode: sync                                                                                    |
[2025-07-01 09:57:43,609] [kometa.py:853]             [DEBUG]    |                                                                                                    |
[2025-07-01 09:57:43,609] [kometa.py:854]             [DEBUG]    | Builder: imdb_chart: popular_shows                                                                 |
[2025-07-01 09:57:43,609] [kometa.py:855]             [INFO]     |                                                                                                    |
[2025-07-01 09:57:43,609] [imdb.py:771]               [INFO]     | Processing IMDb Chart: Most Popular TV Shows                                                       |
[2025-07-01 09:57:44,037] [builder.py:2292]           [DEBUG]    |                                                                                                    |
[2025-07-01 09:57:44,037] [builder.py:2293]           [DEBUG]    | 100 IDs Found                                                                                      |
[2025-07-01 09:57:44,037] [builder.py:2295]           [DEBUG]    |                                                                                                    |
[2025-07-01 09:57:51,844] [builder.py:2880]           [INFO]     |                                                                                                    |
[2025-07-01 09:57:51,844] [builder.py:2881]           [INFO]     |================================ Adding to IMDb Popular Collection =================================|
[2025-07-01 09:57:51,844] [builder.py:2882]           [INFO]     |                                                                                                    |
[2025-07-01 09:57:51,844] [builder.py:2896]           [INFO]     |  1/38 | IMDb Popular Collection | = | Squid Game                                                   |
[2025-07-01 09:57:51,844] [builder.py:2896]           [INFO]     |  2/38 | IMDb Popular Collection | = | Game of Thrones                                              |
[2025-07-01 09:57:51,844] [builder.py:2896]           [INFO]     |  3/38 | IMDb Popular Collection | = | Andor                                                        |
[2025-07-01 09:57:51,844] [builder.py:2896]           [INFO]     |  4/38 | IMDb Popular Collection | = | The Last of Us                                               |
[2025-07-01 09:57:51,844] [builder.py:2896]           [INFO]     |  5/38 | IMDb Popular Collection | = | Stick                                                        |
[2025-07-01 09:57:51,845] [builder.py:2896]           [INFO]     |  6/38 | IMDb Popular Collection | = | Poker Face                                                   |
[2025-07-01 09:57:51,845] [builder.py:2896]           [INFO]     |  7/38 | IMDb Popular Collection | = | The White Lotus                                              |
[2025-07-01 09:57:51,845] [builder.py:2896]           [INFO]     |  8/38 | IMDb Popular Collection | = | Breaking Bad                                                 |
[2025-07-01 09:57:51,845] [builder.py:2896]           [INFO]     |  9/38 | IMDb Popular Collection | = | Murderbot                                                    |
[2025-07-01 09:57:51,845] [builder.py:2896]           [INFO]     | 10/38 | IMDb Popular Collection | = | Stranger Things                                              |
[2025-07-01 09:57:51,845] [builder.py:2896]           [INFO]     | 11/38 | IMDb Popular Collection | = | Rick and Morty                                               |
[2025-07-01 09:57:51,845] [builder.py:2896]           [INFO]     | 12/38 | IMDb Popular Collection | = | Criminal Minds                                               |
[2025-07-01 09:57:51,845] [builder.py:2896]           [INFO]     | 13/38 | IMDb Popular Collection | = | Tires                                                        |
[2025-07-01 09:57:51,845] [builder.py:2896]           [INFO]     | 14/38 | IMDb Popular Collection | = | Resident Alien                                               |
[2025-07-01 09:57:51,845] [builder.py:2896]           [INFO]     | 15/38 | IMDb Popular Collection | = | Yellowstone (2018)                                           |
[2025-07-01 09:57:51,846] [builder.py:2896]           [INFO]     | 16/38 | IMDb Popular Collection | = | Severance                                                    |
[2025-07-01 09:57:51,846] [builder.py:2896]           [INFO]     | 17/38 | IMDb Popular Collection | = | The Pitt                                                     |
[2025-07-01 09:57:51,846] [builder.py:2896]           [INFO]     | 18/38 | IMDb Popular Collection | = | Dexter                                                       |
[2025-07-01 09:57:51,846] [builder.py:2896]           [INFO]     | 19/38 | IMDb Popular Collection | = | Supernatural                                                 |
[2025-07-01 09:57:51,846] [builder.py:2896]           [INFO]     | 20/38 | IMDb Popular Collection | = | Better Call Saul                                             |
[2025-07-01 09:57:51,846] [builder.py:2896]           [INFO]     | 21/38 | IMDb Popular Collection | = | The Boys                                                     |
[2025-07-01 09:57:51,846] [builder.py:2896]           [INFO]     | 22/38 | IMDb Popular Collection | = | House                                                        |
[2025-07-01 09:57:51,846] [builder.py:2896]           [INFO]     | 23/38 | IMDb Popular Collection | = | Landman                                                      |
[2025-07-01 09:57:51,846] [builder.py:2896]           [INFO]     | 24/38 | IMDb Popular Collection | = | Reacher                                                      |
[2025-07-01 09:57:51,847] [builder.py:2896]           [INFO]     | 25/38 | IMDb Popular Collection | = | The Wire                                                     |
[2025-07-01 09:57:51,847] [builder.py:2896]           [INFO]     | 26/38 | IMDb Popular Collection | = | Ted Lasso                                                    |
[2025-07-01 09:57:51,847] [builder.py:2896]           [INFO]     | 27/38 | IMDb Popular Collection | = | Shameless (US)                                               |
[2025-07-01 09:57:51,847] [builder.py:2896]           [INFO]     | 28/38 | IMDb Popular Collection | = | It's Always Sunny in Philadelphia                            |
[2025-07-01 09:57:51,847] [builder.py:2896]           [INFO]     | 29/38 | IMDb Popular Collection | = | Friends                                                      |
[2025-07-01 09:57:51,847] [builder.py:2896]           [INFO]     | 30/38 | IMDb Popular Collection | = | The Righteous Gemstones                                      |
[2025-07-01 09:57:51,848] [builder.py:2896]           [INFO]     | 31/38 | IMDb Popular Collection | = | The Studio (2025)                                            |
[2025-07-01 09:57:51,848] [builder.py:2896]           [INFO]     | 32/38 | IMDb Popular Collection | = | The Big Bang Theory                                          |
[2025-07-01 09:57:51,848] [builder.py:2896]           [INFO]     | 33/38 | IMDb Popular Collection | = | House of the Dragon                                          |
[2025-07-01 09:57:51,848] [builder.py:2896]           [INFO]     | 34/38 | IMDb Popular Collection | = | Adolescence                                                  |
[2025-07-01 09:57:51,848] [builder.py:2896]           [INFO]     | 35/38 | IMDb Popular Collection | = | Silo                                                         |
[2025-07-01 09:57:51,848] [builder.py:2896]           [INFO]     | 36/38 | IMDb Popular Collection | = | Modern Family                                                |
[2025-07-01 09:57:51,849] [builder.py:2896]           [INFO]     | 37/38 | IMDb Popular Collection | = | One Piece                                                    |
[2025-07-01 09:57:51,849] [builder.py:2896]           [INFO]     | 38/38 | IMDb Popular Collection | = | Wednesday                                                    |
[2025-07-01 09:57:51,849] [builder.py:2916]           [INFO]     |                                                                                                    |
[2025-07-01 09:57:51,849] [builder.py:2918]           [INFO]     | 38 Shows Processed 0 Shows Added                                                                   |
[2025-07-01 09:59:00,959] [builder.py:3168]           [INFO]     |                                                                                                    |
[2025-07-01 09:59:00,959] [builder.py:3169]           [INFO]     | 60 Shows Missing                                                                                   |
[2025-07-01 09:59:01,540] [builder.py:3355]           [INFO]     |                                                                                                    |
[2025-07-01 09:59:01,541] [builder.py:3356]           [INFO]     |=========================== Updating Metadata of IMDb Popular Collection ===========================|
[2025-07-01 09:59:01,541] [builder.py:3357]           [INFO]     |                                                                                                    |
[2025-07-01 09:59:01,547] [builder.py:3431]           [INFO]     | Collection Metadata Edits                                                                          |
[2025-07-01 09:59:01,547] [library.py:283]            [DEBUG]    | 2 posters found:                                                                                   |
[2025-07-01 09:59:01,548] [library.py:285]            [DEBUG]    | Method: url_poster Poster: https://raw.githubusercontent.com/Kometa-Team/Default-Images/master/chart/color/IMDb%20Popular.jpg |
[2025-07-01 09:59:01,548] [library.py:285]            [DEBUG]    | Method: asset_directory Poster: {'attribute': 'asset_directory', 'location': '/Volumes/MacOS/Servers/Kometa/config/assets/plex/Movies/IMDb Popular/poster.jpg', 'prefix': "IMDb Popular's ", 'is_poster': True, 'is_url': False, 'compare': 591262, 'message': "IMDb Popular's poster to [File] /Volumes/MacOS/Servers/Kometa/config/assets/plex/Movies/IMDb Popular/poster.jpg"} |
[2025-07-01 09:59:01,672] [library.py:216]            [INFO]     | Metadata: asset_directory updated IMDb Popular's poster to [File] /Volumes/MacOS/Servers/Kometa/config/assets/plex/Movies/IMDb Popular/poster.jpg |
[2025-07-01 09:59:01,877] [builder.py:3545]           [INFO]     |                                                                                                    |
[2025-07-01 09:59:01,877] [builder.py:3546]           [INFO]     |================================= Sorting IMDb Popular Collection ==================================|
[2025-07-01 09:59:01,877] [builder.py:3547]           [INFO]     |                                                                                                    |
[2025-07-01 09:59:01,891] [builder.py:3574]           [INFO]     | Moving The Studio (2025) after The Righteous Gemstones                                             |
[2025-07-01 09:59:01,901] [builder.py:3574]           [INFO]     | Moving The Big Bang Theory after The Studio (2025)                                                 |
[2025-07-01 09:59:01,901] [kometa.py:977]             [INFO]     |                                                                                                    |
[2025-07-01 09:59:01,901] [kometa.py:978]             [INFO]     |====================================================================================================|
[2025-07-01 09:59:01,901] [kometa.py:978]             [INFO]     |                                  Finished IMDb Popular Collection                                  |
[2025-07-01 09:59:01,901] [kometa.py:978]             [INFO]     |                                    Collection Run Time: 0:01:18                                    |
[2025-07-01 09:59:01,901] [kometa.py:978]             [INFO]     |====================================================================================================|
[2025-07-01 09:59:01,901] [builder.py:204]            [INFO]     |====================================================================================================|
[2025-07-01 09:59:01,901] [builder.py:204]            [INFO]     |                                IMDb Top 250 Collection in TV Shows                                 |
[2025-07-01 09:59:01,901] [builder.py:204]            [INFO]     |====================================================================================================|
[2025-07-01 09:59:01,901] [builder.py:205]            [INFO]     |                                                                                                    |
[2025-07-01 09:59:01,901] [builder.py:216]            [INFO]     |================================ Building Definition From Templates ================================|
[2025-07-01 09:59:01,901] [builder.py:217]            [DEBUG]    |                                                                                                    |
[2025-07-01 09:59:01,901] [builder.py:227]            [DEBUG]    | Templates Called: imdb_chart, shared, arr, custom                                                  |
[2025-07-01 09:59:01,901] [builder.py:228]            [DEBUG]    |                                                                                                    |
[2025-07-01 09:59:01,901] [builder.py:231]            [DEBUG]    |                                                                                                    |
[2025-07-01 09:59:01,901] [builder.py:232]            [DEBUG]    | Validating Method: variables                                                                       |
[2025-07-01 09:59:01,901] [meta.py:367]               [DEBUG]    |                                                                                                    |
[2025-07-01 09:59:01,901] [meta.py:368]               [DEBUG]    | Conditional: name_<<key>>                                                                          |
[2025-07-01 09:59:01,901] [meta.py:367]               [DEBUG]    |                                                                                                    |
[2025-07-01 09:59:01,901] [meta.py:368]               [DEBUG]    | Conditional: summary_<<key>>                                                                       |
[2025-07-01 09:59:01,902] [meta.py:367]               [DEBUG]    |                                                                                                    |
[2025-07-01 09:59:01,902] [meta.py:368]               [DEBUG]    | Conditional: url_poster_<<key>>                                                                    |
[2025-07-01 09:59:01,902] [meta.py:367]               [DEBUG]    |                                                                                                    |
[2025-07-01 09:59:01,902] [meta.py:368]               [DEBUG]    | Conditional: final_use                                                                             |
[2025-07-01 09:59:01,908] [meta.py:598]               [DEBUG]    |==================================== Final Template Attributes =====================================|
[2025-07-01 09:59:01,909] [meta.py:599]               [DEBUG]    |                                                                                                    |
[2025-07-01 09:59:01,909] [meta.py:600]               [DEBUG]    | {'imdb_chart': 'top_shows', 'translation_key': 'imdb_top', 'ignore_blank_results': True, 'sort_title': '!020_<<title>>', 'url_poster': 'https://raw.githubusercontent.com/Kometa-Team/Default-Images/master/chart/color/IMDb%20Top%20250.jpg', 'collection_order': 'custom', 'sync_mode': 'sync', 'cache_builders': 1} |
[2025-07-01 09:59:01,909] [meta.py:601]               [DEBUG]    |                                                                                                    |
[2025-07-01 09:59:01,909] [builder.py:244]            [INFO]     |================================ Validating IMDb Top 250 Attributes ================================|
[2025-07-01 09:59:01,909] [builder.py:309]            [DEBUG]    |                                                                                                    |
[2025-07-01 09:59:01,909] [builder.py:310]            [DEBUG]    | Validating Method: translation_key                                                                 |
[2025-07-01 09:59:01,909] [builder.py:313]            [DEBUG]    | Value: imdb_top                                                                                    |
[2025-07-01 09:59:01,909] [builder.py:393]            [INFO]     | Final Name: IMDb Top 250                                                                           |
[2025-07-01 09:59:02,029] [builder.py:640]            [DEBUG]    |                                                                                                    |
[2025-07-01 09:59:02,029] [builder.py:641]            [DEBUG]    | Validating Method: ignore_blank_results                                                            |
[2025-07-01 09:59:02,029] [builder.py:642]            [DEBUG]    | Value: True                                                                                        |
[2025-07-01 09:59:02,029] [builder.py:756]            [DEBUG]    |                                                                                                    |
[2025-07-01 09:59:02,029] [builder.py:757]            [DEBUG]    | Validating Method: sync_mode                                                                       |
[2025-07-01 09:59:02,029] [builder.py:761]            [DEBUG]    | Value: sync                                                                                        |
[2025-07-01 09:59:02,029] [builder.py:966]            [DEBUG]    |                                                                                                    |
[2025-07-01 09:59:02,029] [builder.py:967]            [DEBUG]    | Validating Method: collection_order                                                                |
[2025-07-01 09:59:02,029] [builder.py:968]            [DEBUG]    | Value: custom                                                                                      |
[2025-07-01 09:59:02,029] [builder.py:999]            [DEBUG]    |                                                                                                    |
[2025-07-01 09:59:02,029] [builder.py:1003]           [DEBUG]    | Validating Method: imdb_chart                                                                      |
[2025-07-01 09:59:02,029] [builder.py:1004]           [DEBUG]    | Value: top_shows                                                                                   |
[2025-07-01 09:59:02,029] [builder.py:999]            [DEBUG]    |                                                                                                    |
[2025-07-01 09:59:02,029] [builder.py:1003]           [DEBUG]    | Validating Method: sort_title                                                                      |
[2025-07-01 09:59:02,029] [builder.py:1004]           [DEBUG]    | Value: !020_<<title>>                                                                              |
[2025-07-01 09:59:02,029] [builder.py:999]            [DEBUG]    |                                                                                                    |
[2025-07-01 09:59:02,029] [builder.py:1003]           [DEBUG]    | Validating Method: url_poster                                                                      |
[2025-07-01 09:59:02,029] [builder.py:1004]           [DEBUG]    | Value: https://raw.githubusercontent.com/Kometa-Team/Default-Images/master/chart/color/IMDb%20Top%20250.jpg |
[2025-07-01 09:59:02,046] [builder.py:999]            [DEBUG]    |                                                                                                    |
[2025-07-01 09:59:02,046] [builder.py:1003]           [DEBUG]    | Validating Method: cache_builders                                                                  |
[2025-07-01 09:59:02,046] [builder.py:1004]           [DEBUG]    | Value: 1                                                                                           |
[2025-07-01 09:59:02,046] [builder.py:1184]           [INFO]     |                                                                                                    |
[2025-07-01 09:59:02,046] [builder.py:1185]           [INFO]     | Validation Successful                                                                              |
[2025-07-01 09:59:02,046] [kometa.py:833]             [INFO]     |                                                                                                    |
[2025-07-01 09:59:02,046] [kometa.py:835]             [INFO]     |================================= Running IMDb Top 250 Collection ==================================|
[2025-07-01 09:59:02,046] [kometa.py:849]             [INFO]     |                                                                                                    |
[2025-07-01 09:59:02,046] [kometa.py:850]             [INFO]     | Sync Mode: sync                                                                                    |
[2025-07-01 09:59:02,046] [kometa.py:853]             [DEBUG]    |                                                                                                    |
[2025-07-01 09:59:02,046] [kometa.py:854]             [DEBUG]    | Builder: imdb_chart: top_shows                                                                     |
[2025-07-01 09:59:02,046] [kometa.py:855]             [INFO]     |                                                                                                    |
[2025-07-01 09:59:02,046] [imdb.py:771]               [INFO]     | Processing IMDb Chart: Top 250 TV Shows                                                            |
[2025-07-01 09:59:03,174] [builder.py:2292]           [DEBUG]    |                                                                                                    |
[2025-07-01 09:59:03,174] [builder.py:2293]           [DEBUG]    | 250 IDs Found                                                                                      |
[2025-07-01 09:59:03,174] [builder.py:2295]           [DEBUG]    |                                                                                                    |
[2025-07-01 09:59:08,972] [builder.py:2356]           [WARNING]  | Convert Warning: No TVDb ID Found for TMDb ID: 156249                                              |
[2025-07-01 09:59:09,150] [builder.py:2356]           [WARNING]  | Convert Warning: No TMDb ID Found for IMDb ID: tt14986406                                          |
[2025-07-01 09:59:09,163] [builder.py:2356]           [WARNING]  | Convert Warning: No TMDb ID Found for IMDb ID: tt0214341                                           |
[2025-07-01 09:59:09,177] [builder.py:2356]           [WARNING]  | Convert Warning: No TMDb ID Found for IMDb ID: tt0096548                                           |
[2025-07-01 09:59:14,154] [builder.py:2356]           [WARNING]  | Convert Warning: No TVDb ID Found for TMDb ID: 84200                                               |
[2025-07-01 09:59:18,224] [builder.py:2356]           [WARNING]  | Convert Warning: No TMDb ID Found for IMDb ID: tt0088484                                           |
[2025-07-01 09:59:18,980] [builder.py:2356]           [WARNING]  | Convert Warning: No TVDb ID Found for TMDb ID: 273687                                              |
[2025-07-01 09:59:19,604] [builder.py:2356]           [WARNING]  | Convert Warning: No TMDb ID Found for IMDb ID: tt0092324                                           |
[2025-07-01 09:59:23,352] [builder.py:2356]           [WARNING]  | Convert Warning: No TVDb ID Found for TMDb ID: 71365                                               |
[2025-07-01 09:59:23,541] [builder.py:2356]           [WARNING]  | Convert Warning: No TVDb ID Found for TMDb ID: 72844                                               |
[2025-07-01 09:59:23,733] [builder.py:2356]           [WARNING]  | Convert Warning: No TMDb ID Found for IMDb ID: tt0280249                                           |
[2025-07-01 09:59:27,801] [builder.py:2356]           [WARNING]  | Convert Warning: No TMDb ID Found for IMDb ID: tt4093826                                           |
[2025-07-01 09:59:29,197] [builder.py:2356]           [WARNING]  | Convert Warning: No TMDb ID Found for IMDb ID: tt1758429                                           |
[2025-07-01 09:59:30,206] [builder.py:2356]           [WARNING]  | Convert Warning: No TVDb ID Found for TMDb ID: 294961                                              |
[2025-07-01 09:59:31,868] [builder.py:2880]           [INFO]     |                                                                                                    |
[2025-07-01 09:59:31,868] [builder.py:2881]           [INFO]     |================================ Adding to IMDb Top 250 Collection =================================|
[2025-07-01 09:59:31,868] [builder.py:2882]           [INFO]     |                                                                                                    |
[2025-07-01 09:59:31,868] [builder.py:2896]           [INFO]     |  1/43 | IMDb Top 250 Collection | = | Breaking Bad                                                 |
[2025-07-01 09:59:31,868] [builder.py:2896]           [INFO]     |  2/43 | IMDb Top 250 Collection | = | Chernobyl                                                    |
[2025-07-01 09:59:31,868] [builder.py:2896]           [INFO]     |  3/43 | IMDb Top 250 Collection | = | The Wire                                                     |
[2025-07-01 09:59:31,869] [builder.py:2896]           [INFO]     |  4/43 | IMDb Top 250 Collection | = | Game of Thrones                                              |
[2025-07-01 09:59:31,869] [builder.py:2896]           [INFO]     |  5/43 | IMDb Top 250 Collection | = | Bluey (2018)                                                 |
[2025-07-01 09:59:31,869] [builder.py:2896]           [INFO]     |  6/43 | IMDb Top 250 Collection | = | Rick and Morty                                               |
[2025-07-01 09:59:31,869] [builder.py:2896]           [INFO]     |  7/43 | IMDb Top 250 Collection | = | Sherlock                                                     |
[2025-07-01 09:59:31,869] [builder.py:2896]           [INFO]     |  8/43 | IMDb Top 250 Collection | = | Better Call Saul                                             |
[2025-07-01 09:59:31,869] [builder.py:2896]           [INFO]     |  9/43 | IMDb Top 250 Collection | = | Arcane                                                       |
[2025-07-01 09:59:31,869] [builder.py:2896]           [INFO]     | 10/43 | IMDb Top 250 Collection | = | The Pitt                                                     |
[2025-07-01 09:59:31,869] [builder.py:2896]           [INFO]     | 11/43 | IMDb Top 250 Collection | = | Taskmaster                                                   |
[2025-07-01 09:59:31,869] [builder.py:2896]           [INFO]     | 12/43 | IMDb Top 250 Collection | = | Friends                                                      |
[2025-07-01 09:59:31,869] [builder.py:2896]           [INFO]     | 13/43 | IMDb Top 250 Collection | = | It's Always Sunny in Philadelphia                            |
[2025-07-01 09:59:31,869] [builder.py:2896]           [INFO]     | 14/43 | IMDb Top 250 Collection | = | Last Week Tonight with John Oliver                           |
[2025-07-01 09:59:31,869] [builder.py:2896]           [INFO]     | 15/43 | IMDb Top 250 Collection | = | One Piece                                                    |
[2025-07-01 09:59:31,869] [builder.py:2896]           [INFO]     | 16/43 | IMDb Top 250 Collection | = | Dragon Ball Z                                                |
[2025-07-01 09:59:31,869] [builder.py:2896]           [INFO]     | 17/43 | IMDb Top 250 Collection | = | South Park                                                   |
[2025-07-01 09:59:31,870] [builder.py:2896]           [INFO]     | 18/43 | IMDb Top 250 Collection | = | Ted Lasso                                                    |
[2025-07-01 09:59:31,870] [builder.py:2896]           [INFO]     | 19/43 | IMDb Top 250 Collection | = | Downton Abbey                                                |
[2025-07-01 09:59:31,870] [builder.py:2896]           [INFO]     | 20/43 | IMDb Top 250 Collection | = | Severance                                                    |
[2025-07-01 09:59:31,870] [builder.py:2896]           [INFO]     | 21/43 | IMDb Top 250 Collection | = | Naruto Shippūden                                             |
[2025-07-01 09:59:31,870] [builder.py:2896]           [INFO]     | 22/43 | IMDb Top 250 Collection | = | House                                                        |
[2025-07-01 09:59:31,870] [builder.py:2896]           [INFO]     | 23/43 | IMDb Top 250 Collection | = | Arrested Development                                         |
[2025-07-01 09:59:31,870] [builder.py:2896]           [INFO]     | 24/43 | IMDb Top 250 Collection | = | The Boys                                                     |
[2025-07-01 09:59:31,870] [builder.py:2896]           [INFO]     | 25/43 | IMDb Top 250 Collection | = | Stranger Things                                              |
[2025-07-01 09:59:31,870] [builder.py:2896]           [INFO]     | 26/43 | IMDb Top 250 Collection | = | Parks and Recreation                                         |
[2025-07-01 09:59:31,870] [builder.py:2896]           [INFO]     | 27/43 | IMDb Top 250 Collection | = | Adventure Time                                               |
[2025-07-01 09:59:31,871] [builder.py:2896]           [INFO]     | 28/43 | IMDb Top 250 Collection | = | Dexter                                                       |
[2025-07-01 09:59:31,871] [builder.py:2896]           [INFO]     | 29/43 | IMDb Top 250 Collection | = | The Mandalorian                                              |
[2025-07-01 09:59:31,871] [builder.py:2896]           [INFO]     | 30/43 | IMDb Top 250 Collection | = | The Crown                                                    |
[2025-07-01 09:59:31,871] [builder.py:2896]           [INFO]     | 31/43 | IMDb Top 250 Collection | = | Marvel's Daredevil                                           |
[2025-07-01 09:59:31,871] [builder.py:2896]           [INFO]     | 32/43 | IMDb Top 250 Collection | = | The Penguin                                                  |
[2025-07-01 09:59:31,871] [builder.py:2896]           [INFO]     | 33/43 | IMDb Top 250 Collection | = | The Offer                                                    |
[2025-07-01 09:59:31,871] [builder.py:2896]           [INFO]     | 34/43 | IMDb Top 250 Collection | = | Justified                                                    |
[2025-07-01 09:59:31,871] [builder.py:2896]           [INFO]     | 35/43 | IMDb Top 250 Collection | = | The Last of Us                                               |
[2025-07-01 09:59:31,871] [builder.py:2896]           [INFO]     | 36/43 | IMDb Top 250 Collection | = | Dragon Ball                                                  |
[2025-07-01 09:59:31,872] [builder.py:2896]           [INFO]     | 37/43 | IMDb Top 250 Collection | = | Andor                                                        |
[2025-07-01 09:59:31,872] [builder.py:2896]           [INFO]     | 38/43 | IMDb Top 250 Collection | = | Mr. Robot                                                    |
[2025-07-01 09:59:31,872] [builder.py:2896]           [INFO]     | 39/43 | IMDb Top 250 Collection | = | Yellowstone (2018)                                           |
[2025-07-01 09:59:31,872] [builder.py:2896]           [INFO]     | 40/43 | IMDb Top 250 Collection | = | Schitt's Creek                                               |
[2025-07-01 09:59:31,872] [builder.py:2896]           [INFO]     | 41/43 | IMDb Top 250 Collection | = | Futurama                                                     |
[2025-07-01 09:59:31,872] [builder.py:2896]           [INFO]     | 42/43 | IMDb Top 250 Collection | = | The Expanse                                                  |
[2025-07-01 09:59:31,872] [builder.py:2896]           [INFO]     | 43/43 | IMDb Top 250 Collection | = | Shameless (US)                                               |
[2025-07-01 09:59:31,872] [builder.py:2916]           [INFO]     |                                                                                                    |
[2025-07-01 09:59:31,872] [builder.py:2918]           [INFO]     | 43 Shows Processed 0 Shows Added                                                                   |
[2025-07-01 10:00:29,684] [builder.py:3158]           [ERROR]    | TVDb Error: No Series found for TVDb ID: 74205 at https://www.thetvdb.com/dereferrer/series/74205  |
[2025-07-01 10:01:26,091] [builder.py:3158]           [ERROR]    | TVDb Error: No Series found for TVDb ID: 74852 at https://www.thetvdb.com/dereferrer/series/74852  |
[2025-07-01 10:01:58,881] [builder.py:3158]           [ERROR]    | TVDb Error: No Series found for TVDb ID: 260586 at https://www.thetvdb.com/dereferrer/series/260586 |
[2025-07-01 10:06:41,505] [builder.py:3168]           [INFO]     |                                                                                                    |
[2025-07-01 10:06:41,506] [builder.py:3169]           [INFO]     | 186 Shows Missing                                                                                  |
[2025-07-01 10:06:42,086] [builder.py:3355]           [INFO]     |                                                                                                    |
[2025-07-01 10:06:42,086] [builder.py:3356]           [INFO]     |=========================== Updating Metadata of IMDb Top 250 Collection ===========================|
[2025-07-01 10:06:42,087] [builder.py:3357]           [INFO]     |                                                                                                    |
[2025-07-01 10:06:42,091] [builder.py:3431]           [INFO]     | Collection Metadata Edits                                                                          |
[2025-07-01 10:06:42,093] [library.py:283]            [DEBUG]    | 2 posters found:                                                                                   |
[2025-07-01 10:06:42,093] [library.py:285]            [DEBUG]    | Method: url_poster Poster: https://raw.githubusercontent.com/Kometa-Team/Default-Images/master/chart/color/IMDb%20Top%20250.jpg |
[2025-07-01 10:06:42,093] [library.py:285]            [DEBUG]    | Method: asset_directory Poster: {'attribute': 'asset_directory', 'location': '/Volumes/MacOS/Servers/Kometa/config/assets/plex/Movies/IMDb Top 250/poster.jpg', 'prefix': "IMDb Top 250's ", 'is_poster': True, 'is_url': False, 'compare': 585496, 'message': "IMDb Top 250's poster to [File] /Volumes/MacOS/Servers/Kometa/config/assets/plex/Movies/IMDb Top 250/poster.jpg"} |
[2025-07-01 10:06:42,205] [library.py:216]            [INFO]     | Metadata: asset_directory updated IMDb Top 250's poster to [File] /Volumes/MacOS/Servers/Kometa/config/assets/plex/Movies/IMDb Top 250/poster.jpg |
[2025-07-01 10:06:42,462] [builder.py:3545]           [INFO]     |                                                                                                    |
[2025-07-01 10:06:42,462] [builder.py:3546]           [INFO]     |================================= Sorting IMDb Top 250 Collection ==================================|
[2025-07-01 10:06:42,462] [builder.py:3547]           [INFO]     |                                                                                                    |
[2025-07-01 10:06:42,462] [builder.py:3581]           [INFO]     | No Sorting Required                                                                                |
[2025-07-01 10:06:42,463] [kometa.py:977]             [INFO]     |                                                                                                    |
[2025-07-01 10:06:42,463] [kometa.py:978]             [INFO]     |====================================================================================================|
[2025-07-01 10:06:42,463] [kometa.py:978]             [INFO]     |                                  Finished IMDb Top 250 Collection                                  |
[2025-07-01 10:06:42,463] [kometa.py:978]             [INFO]     |                                    Collection Run Time: 0:07:40                                    |
[2025-07-01 10:06:42,463] [kometa.py:978]             [INFO]     |====================================================================================================|
[2025-07-01 10:06:42,463] [builder.py:204]            [INFO]     |====================================================================================================|
[2025-07-01 10:06:42,463] [builder.py:204]            [INFO]     |                              IMDb Lowest Rated Collection in TV Shows                              |
[2025-07-01 10:06:42,463] [builder.py:204]            [INFO]     |====================================================================================================|
[2025-07-01 10:06:42,463] [builder.py:205]            [INFO]     |                                                                                                    |
[2025-07-01 10:06:42,463] [builder.py:216]            [INFO]     |================================ Building Definition From Templates ================================|
[2025-07-01 10:06:42,463] [builder.py:217]            [DEBUG]    |                                                                                                    |
[2025-07-01 10:06:42,463] [builder.py:227]            [DEBUG]    | Templates Called: shared, arr, custom                                                              |
[2025-07-01 10:06:42,463] [builder.py:228]            [DEBUG]    |                                                                                                    |
[2025-07-01 10:06:42,463] [builder.py:231]            [DEBUG]    |                                                                                                    |
[2025-07-01 10:06:42,463] [builder.py:232]            [DEBUG]    | Validating Method: variables                                                                       |
[2025-07-01 10:06:42,463] [meta.py:367]               [DEBUG]    |                                                                                                    |
[2025-07-01 10:06:42,463] [meta.py:368]               [DEBUG]    | Conditional: name_<<key>>                                                                          |
[2025-07-01 10:06:42,463] [meta.py:367]               [DEBUG]    |                                                                                                    |
[2025-07-01 10:06:42,463] [meta.py:368]               [DEBUG]    | Conditional: summary_<<key>>                                                                       |
[2025-07-01 10:06:42,463] [meta.py:367]               [DEBUG]    |                                                                                                    |
[2025-07-01 10:06:42,464] [meta.py:368]               [DEBUG]    | Conditional: url_poster_<<key>>                                                                    |
[2025-07-01 10:06:42,464] [meta.py:367]               [DEBUG]    |                                                                                                    |
[2025-07-01 10:06:42,464] [meta.py:368]               [DEBUG]    | Conditional: final_use                                                                             |
[2025-07-01 10:06:42,471] [meta.py:598]               [DEBUG]    |==================================== Final Template Attributes =====================================|
[2025-07-01 10:06:42,471] [meta.py:599]               [DEBUG]    |                                                                                                    |
[2025-07-01 10:06:42,471] [meta.py:600]               [DEBUG]    | {'run_definition': ['movie'], 'translation_key': 'imdb_lowest', 'ignore_blank_results': True, 'sort_title': '!020_<<title>>', 'url_poster': 'https://raw.githubusercontent.com/Kometa-Team/Default-Images/master/chart/color/IMDb%20Lowest%20Rated.jpg', 'collection_order': 'custom', 'sync_mode': 'sync', 'cache_builders': 1} |
[2025-07-01 10:06:42,471] [meta.py:601]               [DEBUG]    |                                                                                                    |
[2025-07-01 10:06:42,471] [builder.py:244]            [INFO]     |============================= Validating IMDb Lowest Rated Attributes ==============================|
[2025-07-01 10:06:42,471] [builder.py:309]            [DEBUG]    |                                                                                                    |
[2025-07-01 10:06:42,471] [builder.py:310]            [DEBUG]    | Validating Method: translation_key                                                                 |
[2025-07-01 10:06:42,471] [builder.py:313]            [DEBUG]    | Value: imdb_lowest                                                                                 |
[2025-07-01 10:06:42,471] [builder.py:393]            [INFO]     | Final Name: IMDb Lowest Rated                                                                      |
[2025-07-01 10:06:42,531] [plex.py:1069]              [DEBUG]    |                                                                                                    |
[2025-07-01 10:06:42,531] [plex.py:1072]              [DEBUG]    | Looking for: IMDb Lowest Rated                                                                     |
[2025-07-01 10:06:42,532] [builder.py:436]            [DEBUG]    |                                                                                                    |
[2025-07-01 10:06:42,532] [builder.py:437]            [DEBUG]    | Validating Method: run_definition                                                                  |
[2025-07-01 10:06:42,532] [builder.py:440]            [DEBUG]    | Value: ['movie']                                                                                   |
[2025-07-01 10:06:42,532] [kometa.py:952]             [INFO]     | Skipped because run_definition library_type: movie doesn't match                                   |
[2025-07-01 10:06:42,532] [kometa.py:977]             [INFO]     |                                                                                                    |
[2025-07-01 10:06:42,532] [kometa.py:978]             [INFO]     |====================================================================================================|
[2025-07-01 10:06:42,532] [kometa.py:978]             [INFO]     |                               Finished IMDb Lowest Rated Collection                                |
[2025-07-01 10:06:42,532] [kometa.py:978]             [INFO]     |                                    Collection Run Time: 0:00:00                                    |
[2025-07-01 10:06:42,532] [kometa.py:978]             [INFO]     |====================================================================================================|
[2025-07-01 10:06:42,532] [kometa.py:737]             [INFO]     |                                                                                                    |
[2025-07-01 10:06:42,532] [kometa.py:738]             [INFO]     |====================================================================================================|
[2025-07-01 10:06:42,532] [kometa.py:738]             [INFO]     |                                 Running franchise Collection File                                  |
[2025-07-01 10:06:42,532] [kometa.py:738]             [INFO]     |                                        config/franchise.yml                                        |
[2025-07-01 10:06:42,532] [kometa.py:738]             [INFO]     |====================================================================================================|
[2025-07-01 10:06:42,532] [kometa.py:745]             [INFO]     |                                                                                                    |
[2025-07-01 10:06:42,532] [kometa.py:746]             [INFO]     |====================================================================================================|
[2025-07-01 10:06:42,532] [kometa.py:746]             [INFO]     |                                            Collections                                             |
[2025-07-01 10:06:42,532] [kometa.py:746]             [INFO]     |====================================================================================================|
[2025-07-01 10:06:42,532] [kometa.py:796]             [INFO]     |                                                                                                    |
[2025-07-01 10:06:42,532] [builder.py:204]            [INFO]     |====================================================================================================|
[2025-07-01 10:06:42,532] [builder.py:204]            [INFO]     |                                 Arrowverse Collection in TV Shows                                  |
[2025-07-01 10:06:42,532] [builder.py:204]            [INFO]     |====================================================================================================|
[2025-07-01 10:06:42,532] [builder.py:205]            [INFO]     |                                                                                                    |
[2025-07-01 10:06:42,533] [builder.py:216]            [INFO]     |================================ Building Definition From Templates ================================|
[2025-07-01 10:06:42,533] [builder.py:217]            [DEBUG]    |                                                                                                    |
[2025-07-01 10:06:42,533] [builder.py:227]            [DEBUG]    | Templates Called: tmdbshow                                                                         |
[2025-07-01 10:06:42,533] [builder.py:228]            [DEBUG]    |                                                                                                    |
[2025-07-01 10:06:42,533] [meta.py:361]               [DEBUG]    |                                                                                                    |
[2025-07-01 10:06:42,533] [meta.py:362]               [DEBUG]    | Template Warning: variable sort_title cannot be optional if it has a default                       |
[2025-07-01 10:06:42,533] [meta.py:361]               [DEBUG]    |                                                                                                    |
[2025-07-01 10:06:42,533] [meta.py:362]               [DEBUG]    | Template Warning: variable collection_order cannot be optional if it has a default                 |
[2025-07-01 10:06:42,542] [meta.py:598]               [DEBUG]    |==================================== Final Template Attributes =====================================|
[2025-07-01 10:06:42,542] [meta.py:599]               [DEBUG]    |                                                                                                    |
[2025-07-01 10:06:42,542] [meta.py:600]               [DEBUG]    | {'minimum_items': 2, 'tmdb_show': ['1412', '60735', '60743', '62688', '62643', '71663', '89247', '80986', '95057'], 'url_poster': 'https://raw.githubusercontent.com/Kometa-Team/Default-Images/master/franchise/Arrowverse.jpg', 'sync_mode': 'sync', 'collection_order': 'release'} |
[2025-07-01 10:06:42,542] [meta.py:601]               [DEBUG]    |                                                                                                    |
[2025-07-01 10:06:42,542] [builder.py:244]            [INFO]     |================================= Validating Arrowverse Attributes =================================|
[2025-07-01 10:06:42,670] [builder.py:756]            [DEBUG]    |                                                                                                    |
[2025-07-01 10:06:42,670] [builder.py:757]            [DEBUG]    | Validating Method: sync_mode                                                                       |
[2025-07-01 10:06:42,670] [builder.py:761]            [DEBUG]    | Value: sync                                                                                        |
[2025-07-01 10:06:42,670] [builder.py:966]            [DEBUG]    |                                                                                                    |
[2025-07-01 10:06:42,670] [builder.py:967]            [DEBUG]    | Validating Method: collection_order                                                                |
[2025-07-01 10:06:42,670] [builder.py:968]            [DEBUG]    | Value: release                                                                                     |
[2025-07-01 10:06:42,670] [builder.py:999]            [DEBUG]    |                                                                                                    |
[2025-07-01 10:06:42,670] [builder.py:1003]           [DEBUG]    | Validating Method: minimum_items                                                                   |
[2025-07-01 10:06:42,671] [builder.py:1004]           [DEBUG]    | Value: 2                                                                                           |
[2025-07-01 10:06:42,671] [builder.py:999]            [DEBUG]    |                                                                                                    |
[2025-07-01 10:06:42,671] [builder.py:1003]           [DEBUG]    | Validating Method: tmdb_show                                                                       |
[2025-07-01 10:06:42,671] [builder.py:1004]           [DEBUG]    | Value: ['1412', '60735', '60743', '62688', '62643', '71663', '89247', '80986', '95057']            |
[2025-07-01 10:06:43,354] [builder.py:999]            [DEBUG]    |                                                                                                    |
[2025-07-01 10:06:43,354] [builder.py:1003]           [DEBUG]    | Validating Method: url_poster                                                                      |
[2025-07-01 10:06:43,354] [builder.py:1004]           [DEBUG]    | Value: https://raw.githubusercontent.com/Kometa-Team/Default-Images/master/franchise/Arrowverse.jpg |
[2025-07-01 10:06:43,418] [builder.py:1105]           [DEBUG]    |                                                                                                    |
[2025-07-01 10:06:43,418] [builder.py:1106]           [DEBUG]    | Validating Method: append_label                                                                    |
[2025-07-01 10:06:43,418] [builder.py:1107]           [DEBUG]    | Value: Show Franchise Collections                                                                  |
[2025-07-01 10:06:43,419] [builder.py:1184]           [INFO]     |                                                                                                    |
[2025-07-01 10:06:43,419] [builder.py:1185]           [INFO]     | Validation Successful                                                                              |
[2025-07-01 10:06:43,419] [kometa.py:833]             [INFO]     |                                                                                                    |
[2025-07-01 10:06:43,419] [kometa.py:835]             [INFO]     |================================== Running Arrowverse Collection ===================================|
[2025-07-01 10:06:43,419] [kometa.py:849]             [INFO]     |                                                                                                    |
[2025-07-01 10:06:43,419] [kometa.py:850]             [INFO]     | Sync Mode: sync                                                                                    |
[2025-07-01 10:06:43,419] [kometa.py:853]             [DEBUG]    |                                                                                                    |
[2025-07-01 10:06:43,419] [kometa.py:854]             [DEBUG]    | Builder: tmdb_show: 1412                                                                           |
[2025-07-01 10:06:43,419] [kometa.py:855]             [INFO]     |                                                                                                    |
[2025-07-01 10:06:43,422] [tmdb.py:433]               [INFO]     | Processing TMDb Show: (1412) Arrow (1 Item)                                                        |
[2025-07-01 10:06:43,423] [builder.py:2292]           [DEBUG]    |                                                                                                    |
[2025-07-01 10:06:43,423] [builder.py:2293]           [DEBUG]    | 1 IDs Found                                                                                        |
[2025-07-01 10:06:43,423] [builder.py:2295]           [DEBUG]    |                                                                                                    |
[2025-07-01 10:06:43,428] [kometa.py:853]             [DEBUG]    |                                                                                                    |
[2025-07-01 10:06:43,428] [kometa.py:854]             [DEBUG]    | Builder: tmdb_show: 60735                                                                          |
[2025-07-01 10:06:43,428] [kometa.py:855]             [INFO]     |                                                                                                    |
[2025-07-01 10:06:43,431] [tmdb.py:433]               [INFO]     | Processing TMDb Show: (60735) The Flash (1 Item)                                                   |
[2025-07-01 10:06:43,431] [builder.py:2292]           [DEBUG]    |                                                                                                    |
[2025-07-01 10:06:43,431] [builder.py:2293]           [DEBUG]    | 1 IDs Found                                                                                        |
[2025-07-01 10:06:43,431] [builder.py:2295]           [DEBUG]    |                                                                                                    |
[2025-07-01 10:06:43,434] [kometa.py:853]             [DEBUG]    |                                                                                                    |
[2025-07-01 10:06:43,434] [kometa.py:854]             [DEBUG]    | Builder: tmdb_show: 60743                                                                          |
[2025-07-01 10:06:43,434] [kometa.py:855]             [INFO]     |                                                                                                    |
[2025-07-01 10:06:43,436] [tmdb.py:433]               [INFO]     | Processing TMDb Show: (60743) Constantine (1 Item)                                                 |
[2025-07-01 10:06:43,436] [builder.py:2292]           [DEBUG]    |                                                                                                    |
[2025-07-01 10:06:43,436] [builder.py:2293]           [DEBUG]    | 1 IDs Found                                                                                        |
[2025-07-01 10:06:43,436] [builder.py:2295]           [DEBUG]    |                                                                                                    |
[2025-07-01 10:06:43,439] [kometa.py:853]             [DEBUG]    |                                                                                                    |
[2025-07-01 10:06:43,439] [kometa.py:854]             [DEBUG]    | Builder: tmdb_show: 62688                                                                          |
[2025-07-01 10:06:43,439] [kometa.py:855]             [INFO]     |                                                                                                    |
[2025-07-01 10:06:43,440] [tmdb.py:433]               [INFO]     | Processing TMDb Show: (62688) Supergirl (1 Item)                                                   |
[2025-07-01 10:06:43,440] [builder.py:2292]           [DEBUG]    |                                                                                                    |
[2025-07-01 10:06:43,440] [builder.py:2293]           [DEBUG]    | 1 IDs Found                                                                                        |
[2025-07-01 10:06:43,440] [builder.py:2295]           [DEBUG]    |                                                                                                    |
[2025-07-01 10:06:43,442] [kometa.py:853]             [DEBUG]    |                                                                                                    |
[2025-07-01 10:06:43,443] [kometa.py:854]             [DEBUG]    | Builder: tmdb_show: 62643                                                                          |
[2025-07-01 10:06:43,443] [kometa.py:855]             [INFO]     |                                                                                                    |
[2025-07-01 10:06:43,444] [tmdb.py:433]               [INFO]     | Processing TMDb Show: (62643) DC's Legends of Tomorrow (1 Item)                                    |
[2025-07-01 10:06:43,444] [builder.py:2292]           [DEBUG]    |                                                                                                    |
[2025-07-01 10:06:43,444] [builder.py:2293]           [DEBUG]    | 1 IDs Found                                                                                        |
[2025-07-01 10:06:43,444] [builder.py:2295]           [DEBUG]    |                                                                                                    |
[2025-07-01 10:06:43,446] [kometa.py:853]             [DEBUG]    |                                                                                                    |
[2025-07-01 10:06:43,446] [kometa.py:854]             [DEBUG]    | Builder: tmdb_show: 71663                                                                          |
[2025-07-01 10:06:43,446] [kometa.py:855]             [INFO]     |                                                                                                    |
[2025-07-01 10:06:43,446] [tmdb.py:433]               [INFO]     | Processing TMDb Show: (71663) Black Lightning (1 Item)                                             |
[2025-07-01 10:06:43,446] [builder.py:2292]           [DEBUG]    |                                                                                                    |
[2025-07-01 10:06:43,446] [builder.py:2293]           [DEBUG]    | 1 IDs Found                                                                                        |
[2025-07-01 10:06:43,446] [builder.py:2295]           [DEBUG]    |                                                                                                    |
[2025-07-01 10:06:43,448] [kometa.py:853]             [DEBUG]    |                                                                                                    |
[2025-07-01 10:06:43,448] [kometa.py:854]             [DEBUG]    | Builder: tmdb_show: 89247                                                                          |
[2025-07-01 10:06:43,448] [kometa.py:855]             [INFO]     |                                                                                                    |
[2025-07-01 10:06:43,448] [tmdb.py:433]               [INFO]     | Processing TMDb Show: (89247) Batwoman (1 Item)                                                    |
[2025-07-01 10:06:43,448] [builder.py:2292]           [DEBUG]    |                                                                                                    |
[2025-07-01 10:06:43,449] [builder.py:2293]           [DEBUG]    | 1 IDs Found                                                                                        |
[2025-07-01 10:06:43,449] [builder.py:2295]           [DEBUG]    |                                                                                                    |
[2025-07-01 10:06:43,450] [kometa.py:853]             [DEBUG]    |                                                                                                    |
[2025-07-01 10:06:43,450] [kometa.py:854]             [DEBUG]    | Builder: tmdb_show: 80986                                                                          |
[2025-07-01 10:06:43,450] [kometa.py:855]             [INFO]     |                                                                                                    |
[2025-07-01 10:06:43,451] [tmdb.py:433]               [INFO]     | Processing TMDb Show: (80986) DC's Stargirl (1 Item)                                               |
[2025-07-01 10:06:43,451] [builder.py:2292]           [DEBUG]    |                                                                                                    |
[2025-07-01 10:06:43,451] [builder.py:2293]           [DEBUG]    | 1 IDs Found                                                                                        |
[2025-07-01 10:06:43,451] [builder.py:2295]           [DEBUG]    |                                                                                                    |
[2025-07-01 10:06:43,452] [kometa.py:853]             [DEBUG]    |                                                                                                    |
[2025-07-01 10:06:43,452] [kometa.py:854]             [DEBUG]    | Builder: tmdb_show: 95057                                                                          |
[2025-07-01 10:06:43,452] [kometa.py:855]             [INFO]     |                                                                                                    |
[2025-07-01 10:06:43,453] [tmdb.py:433]               [INFO]     | Processing TMDb Show: (95057) Superman & Lois (1 Item)                                             |
[2025-07-01 10:06:43,453] [builder.py:2292]           [DEBUG]    |                                                                                                    |
[2025-07-01 10:06:43,453] [builder.py:2293]           [DEBUG]    | 1 IDs Found                                                                                        |
[2025-07-01 10:06:43,453] [builder.py:2295]           [DEBUG]    |                                                                                                    |
[2025-07-01 10:06:43,454] [builder.py:2880]           [INFO]     |                                                                                                    |
[2025-07-01 10:06:43,454] [builder.py:2881]           [INFO]     |================================= Adding to Arrowverse Collection ==================================|
[2025-07-01 10:06:43,454] [builder.py:2882]           [INFO]     |                                                                                                    |
[2025-07-01 10:06:43,454] [builder.py:2896]           [INFO]     | 1/8 | Arrowverse Collection | = | Arrow                                                            |
[2025-07-01 10:06:43,454] [builder.py:2896]           [INFO]     | 2/8 | Arrowverse Collection | = | The Flash (2014)                                                 |
[2025-07-01 10:06:43,454] [builder.py:2896]           [INFO]     | 3/8 | Arrowverse Collection | = | Constantine                                                      |
[2025-07-01 10:06:43,454] [builder.py:2896]           [INFO]     | 4/8 | Arrowverse Collection | = | Supergirl                                                        |
[2025-07-01 10:06:43,454] [builder.py:2896]           [INFO]     | 5/8 | Arrowverse Collection | = | DC's Legends of Tomorrow                                         |
[2025-07-01 10:06:43,454] [builder.py:2896]           [INFO]     | 6/8 | Arrowverse Collection | = | Black Lightning                                                  |
[2025-07-01 10:06:43,454] [builder.py:2896]           [INFO]     | 7/8 | Arrowverse Collection | = | Batwoman                                                         |
[2025-07-01 10:06:43,454] [builder.py:2896]           [INFO]     | 8/8 | Arrowverse Collection | = | Stargirl                                                         |
[2025-07-01 10:06:43,454] [builder.py:2916]           [INFO]     |                                                                                                    |
[2025-07-01 10:06:43,454] [builder.py:2918]           [INFO]     | 8 Shows Processed 0 Shows Added                                                                    |
[2025-07-01 10:06:44,834] [builder.py:3168]           [INFO]     |                                                                                                    |
[2025-07-01 10:06:44,834] [builder.py:3169]           [INFO]     | 1 Show Missing                                                                                     |
[2025-07-01 10:06:44,915] [builder.py:3355]           [INFO]     |                                                                                                    |
[2025-07-01 10:06:44,915] [builder.py:3356]           [INFO]     |============================ Updating Metadata of Arrowverse Collection ============================|
[2025-07-01 10:06:44,916] [builder.py:3357]           [INFO]     |                                                                                                    |
[2025-07-01 10:06:44,922] [builder.py:3431]           [INFO]     | Collection Metadata Edits                                                                          |
[2025-07-01 10:06:44,922] [library.py:283]            [DEBUG]    | 2 posters found:                                                                                   |
[2025-07-01 10:06:44,922] [library.py:285]            [DEBUG]    | Method: url_poster Poster: https://raw.githubusercontent.com/Kometa-Team/Default-Images/master/franchise/Arrowverse.jpg |
[2025-07-01 10:06:44,923] [library.py:285]            [DEBUG]    | Method: asset_directory Poster: {'attribute': 'asset_directory', 'location': '/Volumes/MacOS/Servers/Kometa/config/assets/plex/Movies/Arrowverse/poster.png', 'prefix': "Arrowverse's ", 'is_poster': True, 'is_url': False, 'compare': 2537759, 'message': "Arrowverse's poster to [File] /Volumes/MacOS/Servers/Kometa/config/assets/plex/Movies/Arrowverse/poster.png"} |
[2025-07-01 10:06:44,923] [library.py:283]            [DEBUG]    | 1 background found:                                                                                |
[2025-07-01 10:06:44,923] [library.py:285]            [DEBUG]    | Method: asset_directory Background: {'attribute': 'asset_directory', 'location': '/Volumes/MacOS/Servers/Kometa/config/assets/plex/Movies/Arrowverse/background.jpg', 'prefix': "Arrowverse's ", 'is_poster': False, 'is_url': False, 'compare': 8159012, 'message': "Arrowverse's background to [File] /Volumes/MacOS/Servers/Kometa/config/assets/plex/Movies/Arrowverse/background.jpg"} |
[2025-07-01 10:06:45,037] [library.py:216]            [INFO]     | Metadata: asset_directory updated Arrowverse's poster to [File] /Volumes/MacOS/Servers/Kometa/config/assets/plex/Movies/Arrowverse/poster.png |
[2025-07-01 10:06:45,449] [library.py:231]            [INFO]     | Metadata: asset_directory updated Arrowverse's background to [File] /Volumes/MacOS/Servers/Kometa/config/assets/plex/Movies/Arrowverse/background.jpg |
[2025-07-01 10:06:45,508] [kometa.py:977]             [INFO]     |                                                                                                    |
[2025-07-01 10:06:45,508] [kometa.py:978]             [INFO]     |====================================================================================================|
[2025-07-01 10:06:45,508] [kometa.py:978]             [INFO]     |                                   Finished Arrowverse Collection                                   |
[2025-07-01 10:06:45,508] [kometa.py:978]             [INFO]     |                                    Collection Run Time: 0:00:02                                    |
[2025-07-01 10:06:45,508] [kometa.py:978]             [INFO]     |====================================================================================================|
[2025-07-01 10:06:45,635] [kometa.py:576]             [INFO]     |                                                                                                    |
[2025-07-01 10:06:45,635] [kometa.py:577]             [INFO]     |====================================================================================================|
[2025-07-01 10:06:45,635] [kometa.py:577]             [INFO]     |                                              Summary                                               |
[2025-07-01 10:06:45,635] [kometa.py:577]             [INFO]     |====================================================================================================|
[2025-07-01 10:06:45,636] [kometa.py:579]             [INFO]     |                                                                                                    |
[2025-07-01 10:06:45,636] [kometa.py:580]             [INFO]     |========================================== Movies Summary ==========================================|
[2025-07-01 10:06:45,636] [kometa.py:581]             [INFO]     |                                                                                                    |
[2025-07-01 10:06:45,636] [kometa.py:582]             [INFO]     | Title                       | Run Time |                                                           |
[2025-07-01 10:06:45,636] [kometa.py:583]             [INFO]     | =========================== | ======== |                                                           |
[2025-07-01 10:06:45,636] [kometa.py:587]             [INFO]     |                                                                                                    |
[2025-07-01 10:06:45,636] [kometa.py:566]             [INFO]     |        Title         |   +   |   =   |   -   | Run Time | Status                                   |
[2025-07-01 10:06:45,636] [kometa.py:568]             [INFO]     |======================|=======|=======|=======|==========|==========================================|
[2025-07-01 10:06:45,636] [kometa.py:570]             [INFO]     | Year Collections     |     0 |     0 |     0 |  0:00:00 | Skipped Run Definition                   |
[2025-07-01 10:06:45,636] [kometa.py:570]             [INFO]     | Best of 2024         |     0 |     0 |     0 |  0:00:00 | Not Scheduled                            |
[2025-07-01 10:06:45,636] [kometa.py:579]             [INFO]     |                                                                                                    |
[2025-07-01 10:06:45,636] [kometa.py:580]             [INFO]     |========================================== Movies Summary ==========================================|
[2025-07-01 10:06:45,636] [kometa.py:581]             [INFO]     |                                                                                                    |
[2025-07-01 10:06:45,636] [kometa.py:582]             [INFO]     | Title                       | Run Time |                                                           |
[2025-07-01 10:06:45,636] [kometa.py:583]             [INFO]     | =========================== | ======== |                                                           |
[2025-07-01 10:06:45,636] [kometa.py:587]             [INFO]     |                                                                                                    |
[2025-07-01 10:06:45,637] [kometa.py:566]             [INFO]     |        Title         |   +   |   =   |   -   | Run Time | Status                                   |
[2025-07-01 10:06:45,637] [kometa.py:568]             [INFO]     |======================|=======|=======|=======|==========|==========================================|
[2025-07-01 10:06:45,637] [kometa.py:579]             [INFO]     |                                                                                                    |
[2025-07-01 10:06:45,637] [kometa.py:580]             [INFO]     |========================================= TV Shows Summary =========================================|
[2025-07-01 10:06:45,637] [kometa.py:581]             [INFO]     |                                                                                                    |
[2025-07-01 10:06:45,637] [kometa.py:582]             [INFO]     | Title                       | Run Time |                                                           |
[2025-07-01 10:06:45,637] [kometa.py:583]             [INFO]     | =========================== | ======== |                                                           |
[2025-07-01 10:06:45,637] [kometa.py:586]             [INFO]     | Library Loading and Mapping |  0:00:00 |                                                           |
[2025-07-01 10:06:45,637] [kometa.py:586]             [INFO]     | Library Operations          |  0:01:11 |                                                           |
[2025-07-01 10:06:45,637] [kometa.py:586]             [INFO]     | Library Images Files        |  0:00:00 |                                                           |
[2025-07-01 10:06:45,637] [kometa.py:586]             [INFO]     | Library Metadata Files      |  0:00:00 |                                                           |
[2025-07-01 10:06:45,637] [kometa.py:586]             [INFO]     | Library Collection Files    |  0:09:02 |                                                           |
[2025-07-01 10:06:45,637] [kometa.py:587]             [INFO]     |                                                                                                    |
[2025-07-01 10:06:45,638] [kometa.py:566]             [INFO]     |        Title         |   +   |   =   |   -   | Run Time | Status                                   |
[2025-07-01 10:06:45,638] [kometa.py:568]             [INFO]     |======================|=======|=======|=======|==========|==========================================|
[2025-07-01 10:06:45,638] [kometa.py:570]             [INFO]     | Newly Released       |     0 |     0 |     0 |  0:00:00 | Updated Image                            |
[2025-07-01 10:06:45,638] [kometa.py:570]             [INFO]     | New Episodes         |     0 |     0 |     0 |  0:00:00 | Updated Image                            |
[2025-07-01 10:06:45,638] [kometa.py:570]             [INFO]     | IMDb Popular         |     0 |    38 |     0 |  0:01:18 | Updated Image                            |
[2025-07-01 10:06:45,638] [kometa.py:570]             [INFO]     | IMDb Top 250         |     0 |    43 |     0 |  0:07:40 | Updated Image                            |
[2025-07-01 10:06:45,638] [kometa.py:570]             [INFO]     | IMDb Lowest Rated    |     0 |     0 |     0 |  0:00:00 | Skipped Run Definition                   |
[2025-07-01 10:06:45,638] [kometa.py:570]             [INFO]     | Arrowverse           |     0 |     8 |     0 |  0:00:02 | Updated Image                            |
[2025-07-01 10:06:45,638] [kometa.py:378]             [INFO]     |                                                                                                    |
[2025-07-01 10:06:45,646] [kometa.py:442]             [INFO]     |========================================= Convert Summary ==========================================|
[2025-07-01 10:06:45,646] [kometa.py:443]             [INFO]     |                                                                                                    |
[2025-07-01 10:06:45,646] [kometa.py:445]             [INFO]     | No TMDb ID Found for IMDb ID:                                                                      |
[2025-07-01 10:06:45,647] [kometa.py:446]             [INFO]     | tt14986406, tt0214341, tt0096548, tt0088484, tt0092324, tt0280249, tt4093826, tt1758429            |
[2025-07-01 10:06:45,647] [kometa.py:445]             [INFO]     | No TVDb ID Found for TMDb ID:                                                                      |
[2025-07-01 10:06:45,647] [kometa.py:446]             [INFO]     | 156249, 84200, 273687, 71365, 72844, 294961                                                        |
[2025-07-01 10:06:45,647] [kometa.py:448]             [INFO]     |                                                                                                    |
[2025-07-01 10:06:45,647] [kometa.py:453]             [INFO]     |========================================= Warning Summary ==========================================|
[2025-07-01 10:06:45,647] [kometa.py:455]             [INFO]     |                                                                                                    |
[2025-07-01 10:06:45,647] [kometa.py:456]             [INFO]     | Count | Message                                                                                    |
[2025-07-01 10:06:45,647] [kometa.py:457]             [INFO]     |=======|============================================================================================|
[2025-07-01 10:06:45,647] [kometa.py:459]             [INFO]     |     1 | Config Warning: seasons attribute not found using True as default                          |
[2025-07-01 10:06:45,647] [kometa.py:459]             [INFO]     |     1 | Config Warning: episodes attribute not found using True as default                         |
[2025-07-01 10:06:45,647] [kometa.py:459]             [INFO]     |     1 | Config Warning: ignore_locked attribute not found using False as default                   |
[2025-07-01 10:06:45,647] [kometa.py:459]             [INFO]     |     1 | Config Warning: ignore_overlays attribute not found using False as default                 |
[2025-07-01 10:06:45,647] [kometa.py:459]             [INFO]     |     1 | Config Warning: Skipping duplicate collection: "Marvel Cinematic Universe"                 |
[2025-07-01 10:06:45,647] [kometa.py:459]             [INFO]     |     1 | Config Warning: Skipping duplicate collection: "IMDb Popular"                              |
[2025-07-01 10:06:45,647] [kometa.py:459]             [INFO]     |     1 | Config Warning: Skipping duplicate collection: "IMDb Top 250"                              |
[2025-07-01 10:06:45,647] [kometa.py:459]             [INFO]     |     1 | Config Warning: Skipping duplicate collection: "IMDb Lowest Rated"                         |
[2025-07-01 10:06:45,647] [kometa.py:459]             [INFO]     |     1 | Config Warning: Skipping duplicate collection: New Year's Day Movies                       |
[2025-07-01 10:06:45,647] [kometa.py:459]             [INFO]     |     1 | Config Warning: Skipping duplicate collection: Valentine's Day Movies                      |
[2025-07-01 10:06:45,648] [kometa.py:459]             [INFO]     |     1 | Config Warning: Skipping duplicate collection: Thanksgiving Movies                         |
[2025-07-01 10:06:45,648] [kometa.py:459]             [INFO]     |     1 | Config Warning: Skipping duplicate collection: Arrowverse                                  |
[2025-07-01 10:06:45,648] [kometa.py:459]             [INFO]     |     1 | Config Warning: Skipping duplicate collection: Marvel Cinematic Universe                   |
[2025-07-01 10:06:45,648] [kometa.py:460]             [INFO]     |                                                                                                    |
[2025-07-01 10:06:45,648] [kometa.py:453]             [INFO]     |========================================== Error Summary ===========================================|
[2025-07-01 10:06:45,648] [kometa.py:455]             [INFO]     |                                                                                                    |
[2025-07-01 10:06:45,648] [kometa.py:456]             [INFO]     | Count | Message                                                                                    |
[2025-07-01 10:06:45,648] [kometa.py:457]             [INFO]     |=======|============================================================================================|
[2025-07-01 10:06:45,648] [kometa.py:459]             [INFO]     |     1 | Config Error: Folder /Volumes/MacOS/Servers/Kometa/config/missing does not exist           |
[2025-07-01 10:06:45,648] [kometa.py:459]             [INFO]     |     1 | Config Error: Folder not found: /config/Scheduled/                                         |
[2025-07-01 10:06:45,648] [kometa.py:459]             [INFO]     |     1 | Config Error: mass_critic_rating_update cannot use mdb_tomatoes without a successful MDBList Connection |
[2025-07-01 10:06:45,648] [kometa.py:459]             [INFO]     |     1 | YAML Error: collections or dynamic_collections attribute is required                       |
[2025-07-01 10:06:45,648] [kometa.py:459]             [INFO]     |     1 | TVDb Error: No Series found for TVDb ID: 74205 at https://www.thetvdb.com/dereferrer/series/74205 |
[2025-07-01 10:06:45,648] [kometa.py:459]             [INFO]     |     1 | TVDb Error: No Series found for TVDb ID: 74852 at https://www.thetvdb.com/dereferrer/series/74852 |
[2025-07-01 10:06:45,648] [kometa.py:459]             [INFO]     |     1 | TVDb Error: No Series found for TVDb ID: 260586 at https://www.thetvdb.com/dereferrer/series/260586 |
[2025-07-01 10:06:45,648] [kometa.py:460]             [INFO]     |                                                                                                    |
[2025-07-01 10:06:45,648] [kometa.py:453]             [INFO]     |========================================= Critical Summary =========================================|
[2025-07-01 10:06:45,648] [kometa.py:455]             [INFO]     |                                                                                                    |
[2025-07-01 10:06:45,649] [kometa.py:456]             [INFO]     | Count | Message                                                                                    |
[2025-07-01 10:06:45,649] [kometa.py:457]             [INFO]     |=======|============================================================================================|
[2025-07-01 10:06:45,649] [kometa.py:459]             [INFO]     |     1 | disk I/O error                                                                             |
[2025-07-01 10:06:45,649] [kometa.py:460]             [INFO]     |                                                                                                    |
[2025-07-01 10:06:45,649] [kometa.py:467]             [INFO]     |====================================================================================================|
[2025-07-01 10:06:45,649] [kometa.py:467]             [INFO]     |                                            Finished Run                                            |
[2025-07-01 10:06:45,649] [kometa.py:467]             [INFO]     |                                           Version: 2.2.0                                           |
[2025-07-01 10:06:45,649] [kometa.py:467]             [INFO]     |      Start Time: 09:56:05 2025-07-01     Finished: 10:06:45 2025-07-01     Run Time: 0:10:39       |
[2025-07-01 10:06:45,649] [kometa.py:467]             [INFO]     |====================================================================================================|
