[2025-07-01 13:54:29,626] [kometa.py:299]             [INFO]     |====================================================================================================|
[2025-07-01 13:54:29,627] [kometa.py:300]             [INFO]     |                                                                                                    |
[2025-07-01 13:54:29,627] [kometa.py:301]             [INFO]     |                   __  ___  ______    ___  ___   _______  __________    ___                         |
[2025-07-01 13:54:29,627] [kometa.py:302]             [INFO]     |                  |  |/  / /  __  \  |   \/   | |   ____||          |  /   \                        |
[2025-07-01 13:54:29,627] [kometa.py:303]             [INFO]     |                  |  '  / |  |  |  | |  \  /  | |  |__   `---|  |---` /  ^  \                       |
[2025-07-01 13:54:29,627] [kometa.py:304]             [INFO]     |                  |    <  |  |  |  | |  |\/|  | |   __|      |  |    /  /_\  \                      |
[2025-07-01 13:54:29,627] [kometa.py:305]             [INFO]     |                  |  .  \ |  `--`  | |  |  |  | |  |____     |  |   /  _____  \                     |
[2025-07-01 13:54:29,627] [kometa.py:306]             [INFO]     |                  |__|\__\ \______/  |__|  |__| |_______|    |__|  /__/     \__\                    |
[2025-07-01 13:54:29,628] [kometa.py:307]             [INFO]     |                                                                                                    |
[2025-07-01 13:54:29,650] [kometa.py:313]             [INFO]     |     Version: 2.2.0 (Docker: master)                                                                |
[2025-07-01 13:54:29,692] [kometa.py:316]             [INFO]     |     Platform: Linux-6.10.14-linuxkit-aarch64-with-glibc2.36                                        |
[2025-07-01 13:54:29,693] [kometa.py:317]             [INFO]     |     Total Memory: 2 GB                                                                             |
[2025-07-01 13:54:29,693] [kometa.py:318]             [INFO]     |     Available Memory: 1 GB                                                                         |
[2025-07-01 13:54:29,693] [kometa.py:319]             [INFO]     |     Process Priority: normal                                                                       |
[2025-07-01 13:54:29,693] [kometa.py:351]             [DEBUG]    |====================================================================================================|
[2025-07-01 13:54:29,694] [kometa.py:352]             [DEBUG]    | Run Command: kometa.py --run                                                                       |
[2025-07-01 13:54:29,694] [kometa.py:356]             [DEBUG]    | --config (KOMETA_CONFIG): None                                                                     |
[2025-07-01 13:54:29,694] [kometa.py:356]             [DEBUG]    | --times (KOMETA_TIMES): "05:00"                                                                    |
[2025-07-01 13:54:29,695] [kometa.py:356]             [DEBUG]    | --run (KOMETA_RUN): True                                                                           |
[2025-07-01 13:54:29,695] [kometa.py:356]             [DEBUG]    | --tests (KOMETA_TESTS): False                                                                      |
[2025-07-01 13:54:29,695] [kometa.py:356]             [DEBUG]    | --debug (KOMETA_DEBUG): False                                                                      |
[2025-07-01 13:54:29,695] [kometa.py:356]             [DEBUG]    | --trace (KOMETA_TRACE): False                                                                      |
[2025-07-01 13:54:29,695] [kometa.py:356]             [DEBUG]    | --log-requests (KOMETA_LOG_REQUESTS): False                                                        |
[2025-07-01 13:54:29,696] [kometa.py:356]             [DEBUG]    | --timeout (KOMETA_TIMEOUT): 180                                                                    |
[2025-07-01 13:54:29,696] [kometa.py:356]             [DEBUG]    | --no-verify-ssl (KOMETA_NO_VERIFY_SSL): False                                                      |
[2025-07-01 13:54:29,696] [kometa.py:356]             [DEBUG]    | --collections-only (KOMETA_COLLECTIONS_ONLY): False                                                |
[2025-07-01 13:54:29,696] [kometa.py:356]             [DEBUG]    | --metadata-only (KOMETA_METADATA_ONLY): False                                                      |
[2025-07-01 13:54:29,697] [kometa.py:356]             [DEBUG]    | --playlists-only (KOMETA_PLAYLISTS_ONLY): False                                                    |
[2025-07-01 13:54:29,697] [kometa.py:356]             [DEBUG]    | --operations-only (KOMETA_OPERATIONS_ONLY): False                                                  |
[2025-07-01 13:54:29,697] [kometa.py:356]             [DEBUG]    | --overlays-only (KOMETA_OVERLAYS_ONLY): False                                                      |
[2025-07-01 13:54:29,697] [kometa.py:356]             [DEBUG]    | --run-collections (KOMETA_RUN_COLLECTIONS): None                                                   |
[2025-07-01 13:54:29,697] [kometa.py:356]             [DEBUG]    | --run-libraries (KOMETA_RUN_LIBRARIES): None                                                       |
[2025-07-01 13:54:29,697] [kometa.py:356]             [DEBUG]    | --run-files (KOMETA_RUN_FILES): None                                                               |
[2025-07-01 13:54:29,697] [kometa.py:356]             [DEBUG]    | --ignore-schedules (KOMETA_IGNORE_SCHEDULES): False                                                |
[2025-07-01 13:54:29,697] [kometa.py:356]             [DEBUG]    | --ignore-ghost (KOMETA_IGNORE_GHOST): False                                                        |
[2025-07-01 13:54:29,698] [kometa.py:356]             [DEBUG]    | --delete-collections (KOMETA_DELETE_COLLECTIONS): False                                            |
[2025-07-01 13:54:29,698] [kometa.py:356]             [DEBUG]    | --delete-labels (KOMETA_DELETE_LABELS): False                                                      |
[2025-07-01 13:54:29,698] [kometa.py:356]             [DEBUG]    | --resume (KOMETA_RESUME): None                                                                     |
[2025-07-01 13:54:29,698] [kometa.py:356]             [DEBUG]    | --no-countdown (KOMETA_NO_COUNTDOWN): False                                                        |
[2025-07-01 13:54:29,698] [kometa.py:356]             [DEBUG]    | --no-missing (KOMETA_NO_MISSING): False                                                            |
[2025-07-01 13:54:29,698] [kometa.py:356]             [DEBUG]    | --no-report (KOMETA_NO_REPORT): False                                                              |
[2025-07-01 13:54:29,699] [kometa.py:356]             [DEBUG]    | --read-only-config (KOMETA_READ_ONLY_CONFIG): False                                                |
[2025-07-01 13:54:29,699] [kometa.py:356]             [DEBUG]    | --divider (KOMETA_DIVIDER): "="                                                                    |
[2025-07-01 13:54:29,699] [kometa.py:356]             [DEBUG]    | --width (KOMETA_WIDTH): 100                                                                        |
[2025-07-01 13:54:29,699] [kometa.py:356]             [DEBUG]    | --low-priority (KOMETA_LOW_PRIORITY): False                                                        |
[2025-07-01 13:54:29,699] [kometa.py:357]             [DEBUG]    |                                                                                                    |
[2025-07-01 13:54:29,699] [kometa.py:363]             [INFO]     |====================================================================================================|
[2025-07-01 13:54:29,700] [kometa.py:363]             [INFO]     |                                            Starting Run                                            |
[2025-07-01 13:54:29,700] [kometa.py:363]             [INFO]     |====================================================================================================|
[2025-07-01 13:54:29,700] [config.py:156]             [INFO]     | Locating config...                                                                                 |
[2025-07-01 13:54:29,700] [config.py:162]             [INFO]     | Using //config/config.yml as config                                                                |
[2025-07-01 13:54:29,707] [config.py:203]             [DEBUG]    |========================================= Redacted Config ==========================================|
[2025-07-01 13:54:29,707] [config.py:205]             [DEBUG]    | libraries:                                                                                         |
[2025-07-01 13:54:29,707] [config.py:205]             [DEBUG]    | #MOVIE LIBRARY CONFIG FOR SCHEDULED COLLECTIONS TO BE DELETED WHEN OUT OF SEASON                   |
[2025-07-01 13:54:29,708] [config.py:205]             [DEBUG]    |   Scheduled:                                                                                       |
[2025-07-01 13:54:29,708] [config.py:205]             [DEBUG]    |     library_name: Movies                                                                           |
[2025-07-01 13:54:29,708] [config.py:205]             [DEBUG]    |     report_path: config/missing/Scheduled_report.yml                                               |
[2025-07-01 13:54:29,708] [config.py:205]             [DEBUG]    |     template_variables:                                                                            |
[2025-07-01 13:54:29,708] [config.py:205]             [DEBUG]    |       use_separator: false                                                                         |
[2025-07-01 13:54:29,708] [config.py:205]             [DEBUG]    |     collection_files:                                                                              |
[2025-07-01 13:54:29,708] [config.py:205]             [DEBUG]    |     - folder: /config/Scheduled/                                                                   |
[2025-07-01 13:54:29,709] [config.py:205]             [DEBUG]    |       asset_directory: config/assets/plex/Collections                                              |
[2025-07-01 13:54:29,709] [config.py:205]             [DEBUG]    |     - pmm: year                                                                                    |
[2025-07-01 13:54:29,709] [config.py:205]             [DEBUG]    |       asset_directory: config/assets/plex/Collections                                              |
[2025-07-01 13:54:29,709] [config.py:205]             [DEBUG]    |       template_variables:                                                                          |
[2025-07-01 13:54:29,709] [config.py:205]             [DEBUG]    |         limit: 25                                                                                  |
[2025-07-01 13:54:29,709] [config.py:205]             [DEBUG]    |         sort_by: critic_rating.desc                                                                |
[2025-07-01 13:54:29,709] [config.py:205]             [DEBUG]    |         data:                                                                                      |
[2025-07-01 13:54:29,709] [config.py:205]             [DEBUG]    |           starting: current_year-1                                                                 |
[2025-07-01 13:54:29,710] [config.py:205]             [DEBUG]    |           ending: current_year-1                                                                   |
[2025-07-01 13:54:29,710] [config.py:205]             [DEBUG]    |         summary_format: Top <<limit>> movies of <<key>>. Sorted by critic rating.                  |
[2025-07-01 13:54:29,710] [config.py:205]             [DEBUG]    |         collection_section: '010'                                                                  |
[2025-07-01 13:54:29,710] [config.py:205]             [DEBUG]    |         schedule: range(01/01-02/28)                                                               |
[2025-07-01 13:54:29,710] [config.py:205]             [DEBUG]    |     settings:                                                                                      |
[2025-07-01 13:54:29,710] [config.py:205]             [DEBUG]    |       delete_not_scheduled: true                                                                   |
[2025-07-01 13:54:29,710] [config.py:205]             [DEBUG]    |       asset_directory: config/assets/plex/Movies                                                   |
[2025-07-01 13:54:29,710] [config.py:205]             [DEBUG]    |                                                                                                    |
[2025-07-01 13:54:29,710] [config.py:205]             [DEBUG]    | #MAIN MOVIE LIBRARY CONFIG                                                                         |
[2025-07-01 13:54:29,711] [config.py:205]             [DEBUG]    |   Movies:                                                                                          |
[2025-07-01 13:54:29,711] [config.py:205]             [DEBUG]    |     collection_files:                                                                              |
[2025-07-01 13:54:29,711] [config.py:205]             [DEBUG]    |     - default: basic                                                                               |
[2025-07-01 13:54:29,711] [config.py:205]             [DEBUG]    |     - default: imdb                                                                                |
[2025-07-01 13:54:29,711] [config.py:205]             [DEBUG]    |     - default: trakt                                                                               |
[2025-07-01 13:54:29,711] [config.py:205]             [DEBUG]    |     - default: resolution                                                                          |
[2025-07-01 13:54:29,712] [config.py:205]             [DEBUG]    |       template_variables:                                                                          |
[2025-07-01 13:54:29,712] [config.py:205]             [DEBUG]    |         sep_style: gold                                                                            |
[2025-07-01 13:54:29,712] [config.py:205]             [DEBUG]    |         exclude:                                                                                   |
[2025-07-01 13:54:29,712] [config.py:205]             [DEBUG]    |         - sd                                                                                       |
[2025-07-01 13:54:29,712] [config.py:205]             [DEBUG]    |         sort_by: title.asc                                                                         |
[2025-07-01 13:54:29,712] [config.py:205]             [DEBUG]    |       folder: config/Movies/                                                                       |
[2025-07-01 13:54:29,713] [config.py:205]             [DEBUG]    |       asset_directory: config/assets/plex/Movies                                                   |
[2025-07-01 13:54:29,713] [config.py:205]             [DEBUG]    |       asset_depth: 2                                                                               |
[2025-07-01 13:54:29,713] [config.py:205]             [DEBUG]    |     - pmm: based                                                                                   |
[2025-07-01 13:54:29,713] [config.py:205]             [DEBUG]    |       asset_directory: config/assets/plex/Collections                                              |
[2025-07-01 13:54:29,714] [config.py:205]             [DEBUG]    |       template_variables:                                                                          |
[2025-07-01 13:54:29,714] [config.py:205]             [DEBUG]    |         summary_true_story: Films based on or inspired by a true story.                            |
[2025-07-01 13:54:29,714] [config.py:205]             [DEBUG]    |         summary_book: Films based on or inspired by a book.                                        |
[2025-07-01 13:54:29,714] [config.py:205]             [DEBUG]    |         summary_video_game: Films based on or inspired by a video game.                            |
[2025-07-01 13:54:29,714] [config.py:205]             [DEBUG]    |         summary_comic: Films based on or inspired by a comic.                                      |
[2025-07-01 13:54:29,714] [config.py:205]             [DEBUG]    |         schedule: all[weekly(thursday), hourly(06-07)]                                             |
[2025-07-01 13:54:29,715] [config.py:205]             [DEBUG]    |     - pmm: decade                                                                                  |
[2025-07-01 13:54:29,715] [config.py:205]             [DEBUG]    |       asset_directory: config/assets/plex/Collections                                              |
[2025-07-01 13:54:29,715] [config.py:205]             [DEBUG]    |       template_variables:                                                                          |
[2025-07-01 13:54:29,715] [config.py:205]             [DEBUG]    |         exclude:                                                                                   |
[2025-07-01 13:54:29,715] [config.py:205]             [DEBUG]    |         - 1960                                                                                     |
[2025-07-01 13:54:29,715] [config.py:205]             [DEBUG]    |         limit: 100                                                                                 |
[2025-07-01 13:54:29,715] [config.py:205]             [DEBUG]    |         limit_1970: 25                                                                             |
[2025-07-01 13:54:29,716] [config.py:205]             [DEBUG]    |         summary_format: Top <<limit>> movies of the <<key>>s. Sorted by critic rating.             |
[2025-07-01 13:54:29,716] [config.py:205]             [DEBUG]    |         summary_1970: Top <<limit_1970>> movies of the <<key>>s. Sorted by critic rating.          |
[2025-07-01 13:54:29,716] [config.py:205]             [DEBUG]    |         minimum_items: 25                                                                          |
[2025-07-01 13:54:29,716] [config.py:205]             [DEBUG]    |     - pmm: genre                                                                                   |
[2025-07-01 13:54:29,716] [config.py:205]             [DEBUG]    |       asset_directory: config/assets/plex/Collections                                              |
[2025-07-01 13:54:29,716] [config.py:205]             [DEBUG]    |       template_variables:                                                                          |
[2025-07-01 13:54:29,716] [config.py:205]             [DEBUG]    |         sort_by: title.asc                                                                         |
[2025-07-01 13:54:29,717] [config.py:205]             [DEBUG]    |         exclude:                                                                                   |
[2025-07-01 13:54:29,717] [config.py:205]             [DEBUG]    |         - Horror #IN SCHEDULED LIBRARY                                                             |
[2025-07-01 13:54:29,717] [config.py:205]             [DEBUG]    |         - War #GENRE.YML                                                                           |
[2025-07-01 13:54:29,717] [config.py:205]             [DEBUG]    |         - Western #GENRE.YML                                                                       |
[2025-07-01 13:54:29,717] [config.py:205]             [DEBUG]    |         - Spy #GENRE.YML                                                                           |
[2025-07-01 13:54:29,717] [config.py:205]             [DEBUG]    |         - Sport #GENRE.YML                                                                         |
[2025-07-01 13:54:29,717] [config.py:205]             [DEBUG]    |         minimum_items: 10                                                                          |
[2025-07-01 13:54:29,717] [config.py:205]             [DEBUG]    |     - pmm: imdb                                                                                    |
[2025-07-01 13:54:29,718] [config.py:205]             [DEBUG]    |       asset_directory: config/assets/plex/Collections                                              |
[2025-07-01 13:54:29,718] [config.py:205]             [DEBUG]    |       template_variables:                                                                          |
[2025-07-01 13:54:29,718] [config.py:205]             [DEBUG]    |         use_lowest: false                                                                          |
[2025-07-01 13:54:29,718] [config.py:205]             [DEBUG]    |         order_top: 3                                                                               |
[2025-07-01 13:54:29,718] [config.py:205]             [DEBUG]    |         order_popular: 3                                                                           |
[2025-07-01 13:54:29,718] [config.py:205]             [DEBUG]    |     - pmm: seasonal                                                                                |
[2025-07-01 13:54:29,718] [config.py:205]             [DEBUG]    |       asset_directory: config/assets/plex/Collections                                              |
[2025-07-01 13:54:29,719] [config.py:205]             [DEBUG]    |       template_variables:                                                                          |
[2025-07-01 13:54:29,719] [config.py:205]             [DEBUG]    |         emoji: ''                                                                                  |
[2025-07-01 13:54:29,719] [config.py:205]             [DEBUG]    |         schedule_easter: range(03/20-04/05)                                                        |
[2025-07-01 13:54:29,719] [config.py:205]             [DEBUG]    |         schedule_independence: range(06/28-07/05)                                                  |
[2025-07-01 13:54:29,719] [config.py:205]             [DEBUG]    |         schedule_labor: range(09/01-09/05)                                                         |
[2025-07-01 13:54:29,719] [config.py:205]             [DEBUG]    |         schedule_thanksgiving: range(11/01-11/24)                                                  |
[2025-07-01 13:54:29,719] [config.py:205]             [DEBUG]    |         schedule_veteran: range(11/01-11/12)                                                       |
[2025-07-01 13:54:29,719] [config.py:205]             [DEBUG]    |         schedule_valentine: range(02/05-02/15)                                                     |
[2025-07-01 13:54:29,720] [config.py:205]             [DEBUG]    |         exclude:                                                                                   |
[2025-07-01 13:54:29,720] [config.py:205]             [DEBUG]    |         - christmas #IN SCHEDULED LIBRARY                                                          |
[2025-07-01 13:54:29,720] [config.py:205]             [DEBUG]    |         - easter #NOT ENOUGH FILMS                                                                 |
[2025-07-01 13:54:29,720] [config.py:205]             [DEBUG]    |         - halloween #IN SCHEDULED LIBRARY                                                          |
[2025-07-01 13:54:29,720] [config.py:205]             [DEBUG]    |         - latinx #NOT ENOUGH FILMS                                                                 |
[2025-07-01 13:54:29,720] [config.py:205]             [DEBUG]    |         - women #INOP DUE TO IMDB CHANGES                                                          |
[2025-07-01 13:54:29,720] [config.py:205]             [DEBUG]    |     - pmm: tautulli                                                                                |
[2025-07-01 13:54:29,720] [config.py:205]             [DEBUG]    |       asset_directory: config/assets/plex/Collections                                              |
[2025-07-01 13:54:29,721] [config.py:205]             [DEBUG]    |       template_variables:                                                                          |
[2025-07-01 13:54:29,721] [config.py:205]             [DEBUG]    |         use_watched: true                                                                          |
[2025-07-01 13:54:29,721] [config.py:205]             [DEBUG]    |         list_days: 14                                                                              |
[2025-07-01 13:54:29,721] [config.py:205]             [DEBUG]    |         list_size: 25                                                                              |
[2025-07-01 13:54:29,721] [config.py:205]             [DEBUG]    |         summary_popular: A collection of the most watched movies on this Plex server.              |
[2025-07-01 13:54:29,721] [config.py:205]             [DEBUG]    |         order_popular: 1                                                                           |
[2025-07-01 13:54:29,722] [config.py:205]             [DEBUG]    | #    - pmm: trakt                                                                                  |
[2025-07-01 13:54:29,722] [config.py:205]             [DEBUG]    | #      asset_directory: config/assets/plex/Collections                                             |
[2025-07-01 13:54:29,722] [config.py:205]             [DEBUG]    | #      template_variables:                                                                         |
[2025-07-01 13:54:29,722] [config.py:205]             [DEBUG]    | #        use_collected: false                                                                      |
[2025-07-01 13:54:29,722] [config.py:205]             [DEBUG]    | #        use_recommended: false                                                                    |
[2025-07-01 13:54:29,722] [config.py:205]             [DEBUG]    | #        use_watched: false                                                                        |
[2025-07-01 13:54:29,722] [config.py:205]             [DEBUG]    | #        order_popular: 4                                                                          |
[2025-07-01 13:54:29,722] [config.py:205]             [DEBUG]    | #        order_trending: 4                                                                         |
[2025-07-01 13:54:29,722] [config.py:205]             [DEBUG]    | #        schedule: weekly(monday)                                                                  |
[2025-07-01 13:54:29,722] [config.py:205]             [DEBUG]    |     - pmm: universe                                                                                |
[2025-07-01 13:54:29,723] [config.py:205]             [DEBUG]    |       asset_directory: config/assets/plex/Collections                                              |
[2025-07-01 13:54:29,723] [config.py:205]             [DEBUG]    |       template_variables:                                                                          |
[2025-07-01 13:54:29,723] [config.py:205]             [DEBUG]    |         trakt_list_avp: https://trakt.tv/users/oldmankestis/lists/alien-predator                   |
[2025-07-01 13:54:29,723] [config.py:205]             [DEBUG]    |         trakt_list_mcu: https://trakt.tv/users/oldmankestis/lists/marvel-cinematic-universe        |
[2025-07-01 13:54:29,723] [config.py:205]             [DEBUG]    |         trakt_list_star: https://trakt.tv/users/oldmankestis/lists/star-wars                       |
[2025-07-01 13:54:29,723] [config.py:205]             [DEBUG]    |         trakt_list_trek: https://trakt.tv/users/oldmankestis/lists/star-trek                       |
[2025-07-01 13:54:29,723] [config.py:205]             [DEBUG]    |         trakt_list_xmen: https://trakt.tv/users/oldmankestis/lists/x-men-collection                |
[2025-07-01 13:54:29,723] [config.py:205]             [DEBUG]    |         summary_mcu: The Marvel Cinematic Universe (MCU) is an American media franchise and shared universe centered on a series of superhero films produced by Marvel Studios. Sorted in chronological order. |
[2025-07-01 13:54:29,723] [config.py:205]             [DEBUG]    |         summary_xmen: The X-Men Collection. Sorted in chronological order.                         |
[2025-07-01 13:54:29,724] [config.py:205]             [DEBUG]    |         minimum_items: 3                                                                           |
[2025-07-01 13:54:29,724] [config.py:205]             [DEBUG]    |         append_data:                                                                               |
[2025-07-01 13:54:29,724] [config.py:205]             [DEBUG]    |           star: Star Wars Saga                                                                     |
[2025-07-01 13:54:29,724] [config.py:205]             [DEBUG]    |           trek: Star Trek Universe                                                                 |
[2025-07-01 13:54:29,724] [config.py:205]             [DEBUG]    |           xmen: X-Men Collection                                                                   |
[2025-07-01 13:54:29,724] [config.py:205]             [DEBUG]    |         exclude:                                                                                   |
[2025-07-01 13:54:29,725] [config.py:205]             [DEBUG]    |         - marvel #FRANCHISE.YML                                                                    |
[2025-07-01 13:54:29,725] [config.py:205]             [DEBUG]    |         - mummy #FRANCHISE.YML                                                                     |
[2025-07-01 13:54:29,725] [config.py:205]             [DEBUG]    |         - rocky #NOT IN LIBRARY                                                                    |
[2025-07-01 13:54:29,725] [config.py:205]             [DEBUG]    |         collection_section: '106'                                                                  |
[2025-07-01 13:54:29,725] [config.py:205]             [DEBUG]    |     operations:                                                                                    |
[2025-07-01 13:54:29,725] [config.py:205]             [DEBUG]    |       mass_poster_update:                                                                          |
[2025-07-01 13:54:29,725] [config.py:205]             [DEBUG]    |         source: tmdb                                                                               |
[2025-07-01 13:54:29,725] [config.py:205]             [DEBUG]    |       mass_genre_update: tmdb                                                                      |
[2025-07-01 13:54:29,725] [config.py:205]             [DEBUG]    |       mass_audience_rating_update: tmdb                                                            |
[2025-07-01 13:54:29,725] [config.py:205]             [DEBUG]    |       mass_imdb_parental_labels: mild                                                              |
[2025-07-01 13:54:29,725] [config.py:205]             [DEBUG]    |       mass_critic_rating_update: mdb_tomatoes                                                      |
[2025-07-01 13:54:29,725] [config.py:205]             [DEBUG]    |       mass_user_rating_update: trakt_user                                                          |
[2025-07-01 13:54:29,725] [config.py:205]             [DEBUG]    |       assets_for_all: true                                                                         |
[2025-07-01 13:54:29,725] [config.py:205]             [DEBUG]    |     settings:                                                                                      |
[2025-07-01 13:54:29,725] [config.py:205]             [DEBUG]    |       asset_directory: config/assets/plex/Movies                                                   |
[2025-07-01 13:54:29,725] [config.py:205]             [DEBUG]    |       asset_depth: 2                                                                               |
[2025-07-01 13:54:29,726] [config.py:205]             [DEBUG]    |       show_missing_assets: false                                                                   |
[2025-07-01 13:54:29,726] [config.py:205]             [DEBUG]    | #######################################################                                            |
[2025-07-01 13:54:29,726] [config.py:205]             [DEBUG]    | ##                   TV LIBRARIES                    ##                                            |
[2025-07-01 13:54:29,726] [config.py:205]             [DEBUG]    | #######################################################                                            |
[2025-07-01 13:54:29,726] [config.py:205]             [DEBUG]    |                                                                                                    |
[2025-07-01 13:54:29,726] [config.py:205]             [DEBUG]    | #TV SHOWS CONFIG                                                                                   |
[2025-07-01 13:54:29,726] [config.py:205]             [DEBUG]    |       # see the wiki for how to use local files, folders, URLs, or files from git                  |
[2025-07-01 13:54:29,726] [config.py:205]             [DEBUG]    |                                                                                                    |
[2025-07-01 13:54:29,727] [config.py:205]             [DEBUG]    |   TV Shows:                                                                                        |
[2025-07-01 13:54:29,727] [config.py:205]             [DEBUG]    |     collection_files:                                                                              |
[2025-07-01 13:54:29,727] [config.py:205]             [DEBUG]    |     - default: basic                                                                               |
[2025-07-01 13:54:29,727] [config.py:205]             [DEBUG]    |     - default: imdb                                                                                |
[2025-07-01 13:54:29,727] [config.py:205]             [DEBUG]    |     - file: config/franchise.yml                                                                   |
[2025-07-01 13:54:29,727] [config.py:205]             [DEBUG]    |     remove_overlays: false                                                                         |
[2025-07-01 13:54:29,727] [config.py:205]             [DEBUG]    |     operations:                                                                                    |
[2025-07-01 13:54:29,727] [config.py:205]             [DEBUG]    |       assets_for_all: true                                                                         |
[2025-07-01 13:54:29,727] [config.py:205]             [DEBUG]    |     settings:                                                                                      |
[2025-07-01 13:54:29,727] [config.py:205]             [DEBUG]    |       asset_directory: config/assets/plex/Movies                                                   |
[2025-07-01 13:54:29,727] [config.py:205]             [DEBUG]    | settings:                                                                                          |
[2025-07-01 13:54:29,727] [config.py:205]             [DEBUG]    |   run_order:                                                                                       |
[2025-07-01 13:54:29,728] [config.py:205]             [DEBUG]    |   - operations                                                                                     |
[2025-07-01 13:54:29,728] [config.py:205]             [DEBUG]    |   - metadata                                                                                       |
[2025-07-01 13:54:29,728] [config.py:205]             [DEBUG]    |   - collections                                                                                    |
[2025-07-01 13:54:29,728] [config.py:205]             [DEBUG]    |   - overlays                                                                                       |
[2025-07-01 13:54:29,728] [config.py:205]             [DEBUG]    |   cache: true                                                                                      |
[2025-07-01 13:54:29,728] [config.py:205]             [DEBUG]    |   cache_expiration: 60                                                                             |
[2025-07-01 13:54:29,728] [config.py:205]             [DEBUG]    |   asset_directory: config/assets/plex/Movies                                                       |
[2025-07-01 13:54:29,728] [config.py:205]             [DEBUG]    |   asset_folders: true                                                                              |
[2025-07-01 13:54:29,728] [config.py:205]             [DEBUG]    |   asset_depth: 2                                                                                   |
[2025-07-01 13:54:29,728] [config.py:205]             [DEBUG]    |   create_asset_folders: true                                                                       |
[2025-07-01 13:54:29,729] [config.py:205]             [DEBUG]    |   prioritize_assets: true                                                                          |
[2025-07-01 13:54:29,729] [config.py:205]             [DEBUG]    |   dimensional_asset_rename: false                                                                  |
[2025-07-01 13:54:29,729] [config.py:205]             [DEBUG]    |   download_url_assets: true                                                                        |
[2025-07-01 13:54:29,729] [config.py:205]             [DEBUG]    |   show_missing_season_assets: false                                                                |
[2025-07-01 13:54:29,729] [config.py:205]             [DEBUG]    |   show_missing_episode_assets: false                                                               |
[2025-07-01 13:54:29,729] [config.py:205]             [DEBUG]    |   show_asset_not_needed: false                                                                     |
[2025-07-01 13:54:29,729] [config.py:205]             [DEBUG]    |   sync_mode: append                                                                                |
[2025-07-01 13:54:29,730] [config.py:205]             [DEBUG]    |   minimum_items: 1                                                                                 |
[2025-07-01 13:54:29,730] [config.py:205]             [DEBUG]    |   default_collection_order:                                                                        |
[2025-07-01 13:54:29,730] [config.py:205]             [DEBUG]    |   delete_below_minimum: true                                                                       |
[2025-07-01 13:54:29,730] [config.py:205]             [DEBUG]    |   delete_not_scheduled: false                                                                      |
[2025-07-01 13:54:29,730] [config.py:205]             [DEBUG]    |   run_again_delay: 2                                                                               |
[2025-07-01 13:54:29,730] [config.py:205]             [DEBUG]    |   missing_only_released: false                                                                     |
[2025-07-01 13:54:29,730] [config.py:205]             [DEBUG]    |   only_filter_missing: false                                                                       |
[2025-07-01 13:54:29,730] [config.py:205]             [DEBUG]    |   show_unmanaged: true                                                                             |
[2025-07-01 13:54:29,730] [config.py:205]             [DEBUG]    |   show_unconfigured: true                                                                          |
[2025-07-01 13:54:29,730] [config.py:205]             [DEBUG]    |   show_filtered: false                                                                             |
[2025-07-01 13:54:29,730] [config.py:205]             [DEBUG]    |   show_options: true                                                                               |
[2025-07-01 13:54:29,731] [config.py:205]             [DEBUG]    |   show_missing: false                                                                              |
[2025-07-01 13:54:29,731] [config.py:205]             [DEBUG]    |   show_missing_assets: false                                                                       |
[2025-07-01 13:54:29,731] [config.py:205]             [DEBUG]    |   save_report: false                                                                               |
[2025-07-01 13:54:29,731] [config.py:205]             [DEBUG]    |   tvdb_language: eng                                                                               |
[2025-07-01 13:54:29,731] [config.py:205]             [DEBUG]    |   ignore_ids:                                                                                      |
[2025-07-01 13:54:29,731] [config.py:205]             [DEBUG]    |   ignore_imdb_ids:                                                                                 |
[2025-07-01 13:54:29,731] [config.py:205]             [DEBUG]    |   item_refresh_delay: 0                                                                            |
[2025-07-01 13:54:29,731] [config.py:205]             [DEBUG]    |   playlist_sync_to_users: all                                                                      |
[2025-07-01 13:54:29,731] [config.py:205]             [DEBUG]    |   playlist_exclude_users:                                                                          |
[2025-07-01 13:54:29,732] [config.py:205]             [DEBUG]    |   playlist_report: false                                                                           |
[2025-07-01 13:54:29,732] [config.py:205]             [DEBUG]    |   verify_ssl: true                                                                                 |
[2025-07-01 13:54:29,732] [config.py:205]             [DEBUG]    |   custom_repo:                                                                                     |
[2025-07-01 13:54:29,732] [config.py:205]             [DEBUG]    |   overlay_artwork_filetype: jpg                                                                    |
[2025-07-01 13:54:29,732] [config.py:205]             [DEBUG]    |   overlay_artwork_quality: 75                                                                      |
[2025-07-01 13:54:29,732] [config.py:205]             [DEBUG]    |   show_unfiltered: false                                                                           |
[2025-07-01 13:54:29,732] [config.py:205]             [DEBUG]    | webhooks:                            # Can be individually specified per library as well           |
[2025-07-01 13:54:29,732] [config.py:205]             [DEBUG]    |   error:                                                                                           |
[2025-07-01 13:54:29,732] [config.py:205]             [DEBUG]    |   version:                                                                                         |
[2025-07-01 13:54:29,732] [config.py:205]             [DEBUG]    |   run_start:                                                                                       |
[2025-07-01 13:54:29,732] [config.py:205]             [DEBUG]    |   run_end:                                                                                         |
[2025-07-01 13:54:29,732] [config.py:205]             [DEBUG]    |   changes:                                                                                         |
[2025-07-01 13:54:29,733] [config.py:205]             [DEBUG]    |   delete:                                                                                          |
[2025-07-01 13:54:29,733] [config.py:205]             [DEBUG]    | plex:                                # Can be individually specified per library as well; REQUIRED for the script to run |
[2025-07-01 13:54:29,733] [config.py:205]             [DEBUG]    |   url: (redacted)                                                                                  |
[2025-07-01 13:54:29,733] [config.py:205]             [DEBUG]    |   token: (redacted)                                                                                |
[2025-07-01 13:54:29,733] [config.py:205]             [DEBUG]    |   timeout: 60                                                                                      |
[2025-07-01 13:54:29,733] [config.py:205]             [DEBUG]    |   db_cache:                                                                                        |
[2025-07-01 13:54:29,733] [config.py:205]             [DEBUG]    |   clean_bundles: false                                                                             |
[2025-07-01 13:54:29,733] [config.py:205]             [DEBUG]    |   empty_trash: true                                                                                |
[2025-07-01 13:54:29,733] [config.py:205]             [DEBUG]    |   optimize: true                                                                                   |
[2025-07-01 13:54:29,733] [config.py:205]             [DEBUG]    |   verify_ssl:                                                                                      |
[2025-07-01 13:54:29,733] [config.py:205]             [DEBUG]    | tmdb:                                # REQUIRED for the script to run                              |
[2025-07-01 13:54:29,733] [config.py:205]             [DEBUG]    |   apikey: (redacted)                                                                               |
[2025-07-01 13:54:29,733] [config.py:205]             [DEBUG]    |   language: en                                                                                     |
[2025-07-01 13:54:29,733] [config.py:205]             [DEBUG]    |   cache_expiration: 60                                                                             |
[2025-07-01 13:54:29,733] [config.py:205]             [DEBUG]    |   region:                                                                                          |
[2025-07-01 13:54:29,733] [config.py:205]             [DEBUG]    | tautulli:                            # Can be individually specified per library as well           |
[2025-07-01 13:54:29,733] [config.py:205]             [DEBUG]    |   url: (redacted)                                                                                  |
[2025-07-01 13:54:29,734] [config.py:205]             [DEBUG]    |   apikey: (redacted)                                                                               |
[2025-07-01 13:54:29,734] [config.py:205]             [DEBUG]    | radarr:                              # Can be individually specified per library as well           |
[2025-07-01 13:54:29,734] [config.py:205]             [DEBUG]    |   url: (redacted)                                                                                  |
[2025-07-01 13:54:29,734] [config.py:205]             [DEBUG]    |   token: (redacted)                                                                                |
[2025-07-01 13:54:29,734] [config.py:205]             [DEBUG]    |   add_missing: true                                                                                |
[2025-07-01 13:54:29,734] [config.py:205]             [DEBUG]    |   add_existing: false                                                                              |
[2025-07-01 13:54:29,734] [config.py:205]             [DEBUG]    |   upgrade_existing: true                                                                           |
[2025-07-01 13:54:29,734] [config.py:205]             [DEBUG]    |   monitor_existing: true                                                                           |
[2025-07-01 13:54:29,734] [config.py:205]             [DEBUG]    |   root_folder_path: /Volumes/Mothership/Data/Movies                                                |
[2025-07-01 13:54:29,734] [config.py:205]             [DEBUG]    |   monitor: true                                                                                    |
[2025-07-01 13:54:29,734] [config.py:205]             [DEBUG]    |   availability: announced                                                                          |
[2025-07-01 13:54:29,734] [config.py:205]             [DEBUG]    |   quality_profile: HD-1080p                                                                        |
[2025-07-01 13:54:29,734] [config.py:205]             [DEBUG]    |   tag: kometa                                                                                      |
[2025-07-01 13:54:29,734] [config.py:205]             [DEBUG]    |   search: false                                                                                    |
[2025-07-01 13:54:29,735] [config.py:205]             [DEBUG]    |   radarr_path:                                                                                     |
[2025-07-01 13:54:29,735] [config.py:205]             [DEBUG]    |   plex_path:                                                                                       |
[2025-07-01 13:54:29,735] [config.py:205]             [DEBUG]    |   ignore_cache: true                                                                               |
[2025-07-01 13:54:29,735] [config.py:205]             [DEBUG]    | sonarr:                              # Can be individually specified per library as well           |
[2025-07-01 13:54:29,735] [config.py:205]             [DEBUG]    |   url: (redacted)                                                                                  |
[2025-07-01 13:54:29,735] [config.py:205]             [DEBUG]    |   token: (redacted)                                                                                |
[2025-07-01 13:54:29,735] [config.py:205]             [DEBUG]    |   add_missing: false                                                                               |
[2025-07-01 13:54:29,735] [config.py:205]             [DEBUG]    |   add_existing: false                                                                              |
[2025-07-01 13:54:29,736] [config.py:205]             [DEBUG]    |   upgrade_existing: false                                                                          |
[2025-07-01 13:54:29,736] [config.py:205]             [DEBUG]    |   monitor_existing: false                                                                          |
[2025-07-01 13:54:29,736] [config.py:205]             [DEBUG]    |   root_folder_path: /Volumes/Mothership/Data/TV Shows                                              |
[2025-07-01 13:54:29,736] [config.py:205]             [DEBUG]    |   monitor: all                                                                                     |
[2025-07-01 13:54:29,737] [config.py:205]             [DEBUG]    |   quality_profile: Default                                                                         |
[2025-07-01 13:54:29,737] [config.py:205]             [DEBUG]    |   language_profile: English                                                                        |
[2025-07-01 13:54:29,738] [config.py:205]             [DEBUG]    |   series_type: standard                                                                            |
[2025-07-01 13:54:29,738] [config.py:205]             [DEBUG]    |   season_folder: true                                                                              |
[2025-07-01 13:54:29,738] [config.py:205]             [DEBUG]    |   tag:                                                                                             |
[2025-07-01 13:54:29,738] [config.py:205]             [DEBUG]    |   search: false                                                                                    |
[2025-07-01 13:54:29,738] [config.py:205]             [DEBUG]    |   cutoff_search: false                                                                             |
[2025-07-01 13:54:29,739] [config.py:205]             [DEBUG]    |   sonarr_path:                                                                                     |
[2025-07-01 13:54:29,739] [config.py:205]             [DEBUG]    |   plex_path:                                                                                       |
[2025-07-01 13:54:29,739] [config.py:205]             [DEBUG]    |   ignore_cache: false                                                                              |
[2025-07-01 13:54:29,739] [config.py:205]             [DEBUG]    | trakt:                                                                                             |
[2025-07-01 13:54:29,739] [config.py:205]             [DEBUG]    |   client_id: (redacted)                                                                            |
[2025-07-01 13:54:29,739] [config.py:205]             [DEBUG]    |   client_secret: (redacted)                                                                        |
[2025-07-01 13:54:29,739] [config.py:205]             [DEBUG]    |   pin:                                                                                             |
[2025-07-01 13:54:29,739] [config.py:205]             [DEBUG]    |   authorization:                                                                                   |
[2025-07-01 13:54:29,740] [config.py:205]             [DEBUG]    |     # everything below is autofilled by the script                                                 |
[2025-07-01 13:54:29,740] [config.py:205]             [DEBUG]    |     access_token: (redacted)                                                                       |
[2025-07-01 13:54:29,740] [config.py:205]             [DEBUG]    |     token_type: Bearer                                                                             |
[2025-07-01 13:54:29,740] [config.py:205]             [DEBUG]    |     expires_in: 7889238                                                                            |
[2025-07-01 13:54:29,740] [config.py:205]             [DEBUG]    |     refresh_token: (redacted)                                                                      |
[2025-07-01 13:54:29,740] [config.py:205]             [DEBUG]    |     scope: public                                                                                  |
[2025-07-01 13:54:29,740] [config.py:205]             [DEBUG]    |     created_at: 1751369646                                                                         |
[2025-07-01 13:54:29,740] [config.py:206]             [DEBUG]    |                                                                                                    |
[2025-07-01 13:54:29,755] [config.py:557]             [INFO]     |====================================================================================================|
[2025-07-01 13:54:29,756] [cache.py:17]               [INFO]     | Initializing cache database at //config/config.cache                                               |
[2025-07-01 13:54:29,760] [config.py:566]             [INFO]     |====================================================================================================|
[2025-07-01 13:54:29,760] [config.py:583]             [INFO]     | notifiarr attribute not found                                                                      |
[2025-07-01 13:54:29,760] [config.py:601]             [INFO]     | gotify attribute not found                                                                         |
[2025-07-01 13:54:29,760] [config.py:620]             [INFO]     | ntfy attribute not found                                                                           |
[2025-07-01 13:54:29,761] [config.py:640]             [INFO]     |====================================================================================================|
[2025-07-01 13:54:29,761] [config.py:645]             [INFO]     | Connecting to TMDb...                                                                              |
[2025-07-01 13:54:29,803] [config.py:654]             [INFO]     | TMDb Connection Successful                                                                         |
[2025-07-01 13:54:29,804] [config.py:658]             [INFO]     |====================================================================================================|
[2025-07-01 13:54:29,804] [config.py:675]             [INFO]     | omdb attribute not found                                                                           |
[2025-07-01 13:54:29,804] [config.py:677]             [INFO]     |====================================================================================================|
[2025-07-01 13:54:29,804] [config.py:695]             [INFO]     | mdblist attribute not found                                                                        |
[2025-07-01 13:54:29,804] [config.py:697]             [INFO]     |====================================================================================================|
[2025-07-01 13:54:29,805] [config.py:701]             [INFO]     | Connecting to Trakt...                                                                             |
[2025-07-01 13:54:29,876] [config.py:715]             [INFO]     | Trakt Connection Successful                                                                        |
[2025-07-01 13:54:29,877] [config.py:719]             [INFO]     |====================================================================================================|
[2025-07-01 13:54:29,877] [config.py:740]             [INFO]     | mal attribute not found                                                                            |
[2025-07-01 13:54:29,877] [config.py:772]             [INFO]     |====================================================================================================|
[2025-07-01 13:54:29,877] [config.py:777]             [INFO]     | playlist_files attribute not found                                                                 |
[2025-07-01 13:54:29,942] [config.py:808]             [INFO]     |====================================================================================================|
[2025-07-01 13:54:29,942] [config.py:810]             [INFO]     | Connecting to Plex Libraries...                                                                    |
[2025-07-01 13:54:29,942] [config.py:881]             [INFO]     |====================================================================================================|
[2025-07-01 13:54:29,942] [config.py:881]             [INFO]     |                                  Movies (Scheduled) Configuration                                  |
[2025-07-01 13:54:29,943] [config.py:881]             [INFO]     |====================================================================================================|
[2025-07-01 13:54:29,943] [config.py:882]             [INFO]     |                                                                                                    |
[2025-07-01 13:54:29,943] [config.py:883]             [INFO]     | Connecting to Movies (Scheduled) Library...                                                        |
[2025-07-01 13:54:29,943] [config.py:924]             [ERROR]    | Config Error: Folder /config/missing does not exist                                                |
[2025-07-01 13:54:29,943] [config.py:1072]            [INFO]     |                                                                                                    |
[2025-07-01 13:54:29,943] [config.py:1073]            [INFO]     | Reading in Collection Files                                                                        |
[2025-07-01 13:54:29,943] [util.py:324]               [INFO]     |                                                                                                    |
[2025-07-01 13:54:29,943] [util.py:348]               [INFO]     | Reading folder: /config/Scheduled/                                                                 |
[2025-07-01 13:54:29,944] [util.py:368]               [INFO]     | Template Variables: {'use_separator': False}                                                       |
[2025-07-01 13:54:29,944] [util.py:372]               [INFO]     | Asset Directory: config/assets/plex/Collections                                                    |
[2025-07-01 13:54:29,945] [util.py:324]               [INFO]     |                                                                                                    |
[2025-07-01 13:54:29,945] [util.py:329]               [INFO]     | Reading pmm: year                                                                                  |
[2025-07-01 13:54:29,945] [util.py:368]               [INFO]     | Template Variables: {'limit': 25, 'sort_by': 'critic_rating.desc', 'data': {'starting': 'current_year-1', 'ending': 'current_year-1'}, 'summary_format': 'Top <<limit>> movies of <<key>>. Sorted by critic rating.', 'collection_section': '010', 'schedule': 'range(01/01-02/28)', 'use_separator': False} |
[2025-07-01 13:54:29,945] [util.py:372]               [INFO]     | Asset Directory: config/assets/plex/Collections                                                    |
[2025-07-01 13:54:29,945] [config.py:1210]            [INFO]     |                                                                                                    |
[2025-07-01 13:54:29,945] [config.py:1211]            [INFO]     |======================================== Plex Configuration ========================================|
[2025-07-01 13:54:29,949] [library.py:142]            [INFO]     |                                                                                                    |
[2025-07-01 13:54:29,949] [library.py:144]            [INFO]     | Using Asset Directory: config/assets/plex/Movies                                                   |
[2025-07-01 13:54:30,020] [plex.py:467]               [INFO]     | Connected to server Mr Meeseeks version 1.41.8.9834-071366d65                                      |
[2025-07-01 13:54:30,020] [plex.py:468]               [INFO]     | Running on MacOSX version 15.5.0                                                                   |
[2025-07-01 13:54:30,026] [plex.py:472]               [INFO]     | Plex DB cache setting: 256 MB                                                                      |
[2025-07-01 13:54:30,026] [plex.py:489]               [INFO]     | PlexPass: True on Unknown update channel: 0.                                                       |
[2025-07-01 13:54:30,026] [plex.py:491]               [INFO]     | Scheduled maintenance running between 2:00 and 5:00                                                |
[2025-07-01 13:54:30,036] [plex.py:539]               [INFO]     | Connected to library Movies                                                                        |
[2025-07-01 13:54:30,036] [plex.py:540]               [INFO]     | Type: Movie                                                                                        |
[2025-07-01 13:54:30,036] [plex.py:541]               [INFO]     | Agent: tv.plex.agents.movie                                                                        |
[2025-07-01 13:54:30,036] [plex.py:542]               [INFO]     | Scanner: Plex Movie                                                                                |
[2025-07-01 13:54:30,037] [plex.py:543]               [INFO]     | Ratings Source: IMDb                                                                               |
[2025-07-01 13:54:30,037] [config.py:1239]            [INFO]     |                                                                                                    |
[2025-07-01 13:54:30,037] [config.py:1240]            [INFO]     | Movies (Scheduled) Library Connection Successful                                                   |
[2025-07-01 13:54:30,037] [config.py:1241]            [INFO]     |                                                                                                    |
[2025-07-01 13:54:30,038] [config.py:1242]            [INFO]     |========================================== Scanning Files ==========================================|
[2025-07-01 13:54:30,038] [meta.py:71]                [INFO]     |                                                                                                    |
[2025-07-01 13:54:30,038] [meta.py:72]                [INFO]     |====================================================================================================|
[2025-07-01 13:54:30,039] [meta.py:72]                [INFO]     |                    Loading Collection File File: /config/Scheduled/Holiday.yml                     |
[2025-07-01 13:54:30,039] [meta.py:72]                [INFO]     |====================================================================================================|
[2025-07-01 13:54:30,040] [meta.py:73]                [INFO]     |                                                                                                    |
[2025-07-01 13:54:30,044] [meta.py:165]               [DEBUG]    | File Loaded From: /config/Scheduled/Holiday.yml                                                    |
[2025-07-01 13:54:30,045] [meta.py:1374]              [INFO]     |                                                                                                    |
[2025-07-01 13:54:30,045] [meta.py:1375]              [INFO]     | Collection File Loaded Successfully                                                                |
[2025-07-01 13:54:30,045] [meta.py:71]                [INFO]     |                                                                                                    |
[2025-07-01 13:54:30,046] [meta.py:72]                [INFO]     |====================================================================================================|
[2025-07-01 13:54:30,046] [meta.py:72]                [INFO]     |                     Loading Collection File File: /config/Scheduled/Awards.yml                     |
[2025-07-01 13:54:30,046] [meta.py:72]                [INFO]     |====================================================================================================|
[2025-07-01 13:54:30,046] [meta.py:73]                [INFO]     |                                                                                                    |
[2025-07-01 13:54:30,049] [meta.py:165]               [DEBUG]    | File Loaded From: /config/Scheduled/Awards.yml                                                     |
[2025-07-01 13:54:30,049] [meta.py:1374]              [INFO]     |                                                                                                    |
[2025-07-01 13:54:30,050] [meta.py:1375]              [INFO]     | Collection File Loaded Successfully                                                                |
[2025-07-01 13:54:30,050] [meta.py:71]                [INFO]     |                                                                                                    |
[2025-07-01 13:54:30,050] [meta.py:72]                [INFO]     |====================================================================================================|
[2025-07-01 13:54:30,050] [meta.py:72]                [INFO]     |                               Loading Collection File Default: year                                |
[2025-07-01 13:54:30,050] [meta.py:72]                [INFO]     |====================================================================================================|
[2025-07-01 13:54:30,050] [meta.py:73]                [INFO]     |                                                                                                    |
[2025-07-01 13:54:30,053] [meta.py:165]               [DEBUG]    | File Loaded From: /defaults/both/year.yml                                                          |
[2025-07-01 13:54:30,054] [util.py:324]               [INFO]     |                                                                                                    |
[2025-07-01 13:54:30,054] [util.py:329]               [INFO]     | Reading default: templates                                                                         |
[2025-07-01 13:54:30,054] [util.py:368]               [INFO]     | Template Variables: {'collection_section': '105'}                                                  |
[2025-07-01 13:54:30,070] [meta.py:165]               [DEBUG]    | File Loaded From: /defaults/templates.yml                                                          |
[2025-07-01 13:54:30,071] [meta.py:788]               [INFO]     |                                                                                                    |
[2025-07-01 13:54:30,071] [meta.py:789]               [INFO]     |================================ Building Year Dynamic Collections =================================|
[2025-07-01 13:54:30,071] [meta.py:790]               [INFO]     |                                                                                                    |
[2025-07-01 13:54:30,498] [meta.py:1254]              [DEBUG]    | Mapping Name: Year                                                                                 |
[2025-07-01 13:54:30,498] [meta.py:1255]              [DEBUG]    | Type: number                                                                                       |
[2025-07-01 13:54:30,499] [meta.py:1256]              [DEBUG]    | Data: {'starting': 'current_year-1', 'ending': 'current_year-1'}                                   |
[2025-07-01 13:54:30,499] [meta.py:1257]              [DEBUG]    | Exclude: []                                                                                        |
[2025-07-01 13:54:30,499] [meta.py:1258]              [DEBUG]    | Exclude Final: []                                                                                  |
[2025-07-01 13:54:30,500] [meta.py:1259]              [DEBUG]    | Addons: {}                                                                                         |
[2025-07-01 13:54:30,500] [meta.py:1260]              [DEBUG]    | Template: ['smart_filter', 'shared']                                                               |
[2025-07-01 13:54:30,500] [meta.py:1261]              [DEBUG]    | Other Template: ['smart_filter', 'shared']                                                         |
[2025-07-01 13:54:30,501] [meta.py:1262]              [DEBUG]    | Library Variables: {'limit': 25, 'sort_by': 'critic_rating.desc', 'data': {'starting': 'current_year-1', 'ending': 'current_year-1'}, 'summary_format': 'Top <<limit>> movies of <<key>>. Sorted by critic rating.', 'collection_section': '010', 'schedule': 'range(01/01-02/28)', 'use_separator': False} |
[2025-07-01 13:54:30,501] [meta.py:1263]              [DEBUG]    | Template Variables: {'search_term': {'default': 'year'}, 'sort_by': {'default': 'critic_rating.desc'}, 'limit': {'default': 10}, 'image': {'default': 'year/best/<<key>>'}, 'translation_key': {'default': 'year'}, 'dynamic': {'default': True}} |
[2025-07-01 13:54:30,501] [meta.py:1264]              [DEBUG]    | Remove Prefix: []                                                                                  |
[2025-07-01 13:54:30,502] [meta.py:1265]              [DEBUG]    | Remove Suffix: []                                                                                  |
[2025-07-01 13:54:30,502] [meta.py:1266]              [DEBUG]    | Title Format: Best of <<key_name>>                                                                 |
[2025-07-01 13:54:30,502] [meta.py:1267]              [DEBUG]    | Key Name Override: {}                                                                              |
[2025-07-01 13:54:30,503] [meta.py:1268]              [DEBUG]    | Title Override: {}                                                                                 |
[2025-07-01 13:54:30,503] [meta.py:1269]              [DEBUG]    | Custom Keys: True                                                                                  |
[2025-07-01 13:54:30,503] [meta.py:1270]              [DEBUG]    | Test: False                                                                                        |
[2025-07-01 13:54:30,504] [meta.py:1271]              [DEBUG]    | Sync: {}                                                                                           |
[2025-07-01 13:54:30,504] [meta.py:1272]              [DEBUG]    | Include: []                                                                                        |
[2025-07-01 13:54:30,504] [meta.py:1273]              [DEBUG]    | Other Name: None                                                                                   |
[2025-07-01 13:54:30,504] [meta.py:1274]              [DEBUG]    | All Keys: dict_keys(['2024'])                                                                      |
[2025-07-01 13:54:30,505] [meta.py:1277]              [DEBUG]    | Keys (Title):                                                                                      |
[2025-07-01 13:54:30,505] [meta.py:1279]              [DEBUG]    |   - 2024                                                                                           |
[2025-07-01 13:54:30,505] [meta.py:1324]              [INFO]     | [{'value': ['2024'], 'number': ['2024'], 'key_name': '2024', 'key': '2024', 'search_term': 'year', 'sort_by': 'critic_rating.desc', 'limit': 25, 'image': 'year/best/<<key>>', 'translation_key': 'year', 'dynamic': True, 'name': 'smart_filter'}, {'value': ['2024'], 'number': ['2024'], 'key_name': '2024', 'key': '2024', 'search_term': 'year', 'sort_by': 'critic_rating.desc', 'limit': 25, 'image': 'year/best/<<key>>', 'translation_key': 'year', 'dynamic': True, 'name': 'shared'}] |
[2025-07-01 13:54:30,506] [meta.py:1374]              [INFO]     |                                                                                                    |
[2025-07-01 13:54:30,506] [meta.py:1375]              [INFO]     | Collection File Loaded Successfully                                                                |
[2025-07-01 13:54:30,506] [config.py:1254]            [INFO]     |                                                                                                    |
[2025-07-01 13:54:30,507] [config.py:1255]            [INFO]     |======================================= Radarr Configuration =======================================|
[2025-07-01 13:54:30,507] [config.py:1256]            [INFO]     |                                                                                                    |
[2025-07-01 13:54:30,507] [config.py:1257]            [INFO]     | Connecting to Movies (Scheduled) library's Radarr...                                               |
[2025-07-01 13:54:30,507] [config.py:1258]            [INFO]     |                                                                                                    |
[2025-07-01 13:54:30,575] [config.py:1281]            [INFO]     | Movies (Scheduled) library's Radarr Connection Successful                                          |
[2025-07-01 13:54:30,575] [config.py:1284]            [INFO]     |                                                                                                    |
[2025-07-01 13:54:30,576] [config.py:1285]            [INFO]     |======================================= Sonarr Configuration =======================================|
[2025-07-01 13:54:30,576] [config.py:1286]            [INFO]     |                                                                                                    |
[2025-07-01 13:54:30,576] [config.py:1287]            [INFO]     | Connecting to Movies (Scheduled) library's Sonarr...                                               |
[2025-07-01 13:54:30,576] [config.py:1288]            [INFO]     |                                                                                                    |
[2025-07-01 13:54:30,596] [config.py:1314]            [INFO]     | Movies (Scheduled) library's Sonarr Connection Successful                                          |
[2025-07-01 13:54:30,597] [config.py:1317]            [INFO]     |                                                                                                    |
[2025-07-01 13:54:30,597] [config.py:1318]            [INFO]     |====================================== Tautulli Configuration ======================================|
[2025-07-01 13:54:30,597] [config.py:1319]            [INFO]     |                                                                                                    |
[2025-07-01 13:54:30,597] [config.py:1320]            [INFO]     | Connecting to Movies (Scheduled) library's Tautulli...                                             |
[2025-07-01 13:54:30,597] [config.py:1321]            [INFO]     |                                                                                                    |
[2025-07-01 13:54:30,608] [config.py:1331]            [INFO]     | Movies (Scheduled) library's Tautulli Connection Successful                                        |
[2025-07-01 13:54:30,609] [config.py:1336]            [INFO]     |                                                                                                    |
[2025-07-01 13:54:30,609] [config.py:881]             [INFO]     |====================================================================================================|
[2025-07-01 13:54:30,609] [config.py:881]             [INFO]     |                                        Movies Configuration                                        |
[2025-07-01 13:54:30,610] [config.py:881]             [INFO]     |====================================================================================================|
[2025-07-01 13:54:30,610] [config.py:882]             [INFO]     |                                                                                                    |
[2025-07-01 13:54:30,610] [config.py:883]             [INFO]     | Connecting to Movies Library...                                                                    |
[2025-07-01 13:54:30,610] [config.py:927]             [INFO]     |===================================== Operation Configuration ======================================|
[2025-07-01 13:54:30,611] [config.py:931]             [INFO]     |                                                                                                    |
[2025-07-01 13:54:30,611] [config.py:932]             [INFO]     | Operation 1/1                                                                                      |
[2025-07-01 13:54:30,611] [config.py:934]             [INFO]     |     mass_poster_update: {'source': 'tmdb'}                                                         |
[2025-07-01 13:54:30,611] [config.py:934]             [INFO]     |     mass_genre_update: tmdb                                                                        |
[2025-07-01 13:54:30,611] [config.py:934]             [INFO]     |     mass_audience_rating_update: tmdb                                                              |
[2025-07-01 13:54:30,612] [config.py:934]             [INFO]     |     mass_imdb_parental_labels: mild                                                                |
[2025-07-01 13:54:30,612] [config.py:934]             [INFO]     |     mass_critic_rating_update: mdb_tomatoes                                                        |
[2025-07-01 13:54:30,612] [config.py:934]             [INFO]     |     mass_user_rating_update: trakt_user                                                            |
[2025-07-01 13:54:30,612] [config.py:934]             [INFO]     |     assets_for_all: True                                                                           |
[2025-07-01 13:54:30,612] [config.py:468]             [WARNING]  | Config Warning: seasons attribute not found using True as default                                  |
[2025-07-01 13:54:30,613] [config.py:468]             [WARNING]  | Config Warning: episodes attribute not found using True as default                                 |
[2025-07-01 13:54:30,613] [config.py:468]             [WARNING]  | Config Warning: ignore_locked attribute not found using False as default                           |
[2025-07-01 13:54:30,613] [config.py:468]             [WARNING]  | Config Warning: ignore_overlays attribute not found using False as default                         |
[2025-07-01 13:54:30,613] [config.py:1062]            [ERROR]    | Config Error: mass_critic_rating_update cannot use mdb_tomatoes without a successful MDBList Connection |
[2025-07-01 13:54:30,613] [config.py:1072]            [INFO]     |                                                                                                    |
[2025-07-01 13:54:30,613] [config.py:1073]            [INFO]     | Reading in Collection Files                                                                        |
[2025-07-01 13:54:30,613] [util.py:324]               [INFO]     |                                                                                                    |
[2025-07-01 13:54:30,614] [util.py:329]               [INFO]     | Reading default: basic                                                                             |
[2025-07-01 13:54:30,614] [util.py:324]               [INFO]     |                                                                                                    |
[2025-07-01 13:54:30,614] [util.py:329]               [INFO]     | Reading default: imdb                                                                              |
[2025-07-01 13:54:30,614] [util.py:324]               [INFO]     |                                                                                                    |
[2025-07-01 13:54:30,614] [util.py:329]               [INFO]     | Reading default: trakt                                                                             |
[2025-07-01 13:54:30,614] [util.py:324]               [INFO]     |                                                                                                    |
[2025-07-01 13:54:30,615] [util.py:329]               [INFO]     | Reading default: resolution                                                                        |
[2025-07-01 13:54:30,615] [util.py:348]               [INFO]     | Reading folder: config/Movies/                                                                     |
[2025-07-01 13:54:30,616] [util.py:368]               [INFO]     | Template Variables: {'sep_style': 'gold', 'exclude': ['sd'], 'sort_by': 'title.asc'}               |
[2025-07-01 13:54:30,616] [util.py:372]               [INFO]     | Asset Directory: config/assets/plex/Movies                                                         |
[2025-07-01 13:54:30,616] [util.py:324]               [INFO]     |                                                                                                    |
[2025-07-01 13:54:30,616] [util.py:329]               [INFO]     | Reading pmm: based                                                                                 |
[2025-07-01 13:54:30,616] [util.py:368]               [INFO]     | Template Variables: {'summary_true_story': 'Films based on or inspired by a true story.', 'summary_book': 'Films based on or inspired by a book.', 'summary_video_game': 'Films based on or inspired by a video game.', 'summary_comic': 'Films based on or inspired by a comic.', 'schedule': 'all[weekly(thursday), hourly(06-07)]'} |
[2025-07-01 13:54:30,616] [util.py:372]               [INFO]     | Asset Directory: config/assets/plex/Collections                                                    |
[2025-07-01 13:54:30,616] [util.py:324]               [INFO]     |                                                                                                    |
[2025-07-01 13:54:30,617] [util.py:329]               [INFO]     | Reading pmm: decade                                                                                |
[2025-07-01 13:54:30,617] [util.py:368]               [INFO]     | Template Variables: {'exclude': [1960], 'limit': 100, 'limit_1970': 25, 'summary_format': 'Top <<limit>> movies of the <<key>>s. Sorted by critic rating.', 'summary_1970': 'Top <<limit_1970>> movies of the <<key>>s. Sorted by critic rating.', 'minimum_items': 25} |
[2025-07-01 13:54:30,617] [util.py:372]               [INFO]     | Asset Directory: config/assets/plex/Collections                                                    |
[2025-07-01 13:54:30,617] [util.py:324]               [INFO]     |                                                                                                    |
[2025-07-01 13:54:30,617] [util.py:329]               [INFO]     | Reading pmm: genre                                                                                 |
[2025-07-01 13:54:30,617] [util.py:368]               [INFO]     | Template Variables: {'sort_by': 'title.asc', 'exclude': ['Horror', 'War', 'Western', 'Spy', 'Sport'], 'minimum_items': 10} |
[2025-07-01 13:54:30,617] [util.py:372]               [INFO]     | Asset Directory: config/assets/plex/Collections                                                    |
[2025-07-01 13:54:30,618] [util.py:324]               [INFO]     |                                                                                                    |
[2025-07-01 13:54:30,618] [util.py:329]               [INFO]     | Reading pmm: imdb                                                                                  |
[2025-07-01 13:54:30,618] [util.py:368]               [INFO]     | Template Variables: {'use_lowest': False, 'order_top': 3, 'order_popular': 3}                      |
[2025-07-01 13:54:30,618] [util.py:372]               [INFO]     | Asset Directory: config/assets/plex/Collections                                                    |
[2025-07-01 13:54:30,618] [util.py:324]               [INFO]     |                                                                                                    |
[2025-07-01 13:54:30,618] [util.py:329]               [INFO]     | Reading pmm: seasonal                                                                              |
[2025-07-01 13:54:30,619] [util.py:368]               [INFO]     | Template Variables: {'emoji': '', 'schedule_easter': 'range(03/20-04/05)', 'schedule_independence': 'range(06/28-07/05)', 'schedule_labor': 'range(09/01-09/05)', 'schedule_thanksgiving': 'range(11/01-11/24)', 'schedule_veteran': 'range(11/01-11/12)', 'schedule_valentine': 'range(02/05-02/15)', 'exclude': ['christmas', 'easter', 'halloween', 'latinx', 'women']} |
[2025-07-01 13:54:30,619] [util.py:372]               [INFO]     | Asset Directory: config/assets/plex/Collections                                                    |
[2025-07-01 13:54:30,619] [util.py:324]               [INFO]     |                                                                                                    |
[2025-07-01 13:54:30,619] [util.py:329]               [INFO]     | Reading pmm: tautulli                                                                              |
[2025-07-01 13:54:30,619] [util.py:368]               [INFO]     | Template Variables: {'use_watched': True, 'list_days': 14, 'list_size': 25, 'summary_popular': 'A collection of the most watched movies on this Plex server.', 'order_popular': 1} |
[2025-07-01 13:54:30,619] [util.py:372]               [INFO]     | Asset Directory: config/assets/plex/Collections                                                    |
[2025-07-01 13:54:30,619] [util.py:324]               [INFO]     |                                                                                                    |
[2025-07-01 13:54:30,620] [util.py:329]               [INFO]     | Reading pmm: universe                                                                              |
[2025-07-01 13:54:30,620] [util.py:368]               [INFO]     | Template Variables: {'trakt_list_avp': 'https://trakt.tv/users/oldmankestis/lists/alien-predator', 'trakt_list_mcu': 'https://trakt.tv/users/oldmankestis/lists/marvel-cinematic-universe', 'trakt_list_star': 'https://trakt.tv/users/oldmankestis/lists/star-wars', 'trakt_list_trek': 'https://trakt.tv/users/oldmankestis/lists/star-trek', 'trakt_list_xmen': 'https://trakt.tv/users/oldmankestis/lists/x-men-collection', 'summary_mcu': 'The Marvel Cinematic Universe (MCU) is an American media franchise and shared universe centered on a series of superhero films produced by Marvel Studios. Sorted in chronological order.', 'summary_xmen': 'The X-Men Collection. Sorted in chronological order.', 'minimum_items': 3, 'append_data': {'star': 'Star Wars Saga', 'trek': 'Star Trek Universe', 'xmen': 'X-Men Collection'}, 'exclude': ['marvel', 'mummy', 'rocky'], 'collection_section': '106'} |
[2025-07-01 13:54:30,620] [util.py:372]               [INFO]     | Asset Directory: config/assets/plex/Collections                                                    |
[2025-07-01 13:54:30,620] [config.py:1210]            [INFO]     |                                                                                                    |
[2025-07-01 13:54:30,620] [config.py:1211]            [INFO]     |======================================== Plex Configuration ========================================|
[2025-07-01 13:54:30,622] [library.py:142]            [INFO]     |                                                                                                    |
[2025-07-01 13:54:30,622] [library.py:144]            [INFO]     | Using Asset Directory: config/assets/plex/Movies                                                   |
[2025-07-01 13:54:30,624] [plex.py:467]               [INFO]     | Connected to server Mr Meeseeks version 1.41.8.9834-071366d65                                      |
[2025-07-01 13:54:30,624] [plex.py:468]               [INFO]     | Running on MacOSX version 15.5.0                                                                   |
[2025-07-01 13:54:30,629] [plex.py:472]               [INFO]     | Plex DB cache setting: 256 MB                                                                      |
[2025-07-01 13:54:30,629] [plex.py:489]               [INFO]     | PlexPass: True on Unknown update channel: 0.                                                       |
[2025-07-01 13:54:30,629] [plex.py:491]               [INFO]     | Scheduled maintenance running between 2:00 and 5:00                                                |
[2025-07-01 13:54:30,634] [plex.py:539]               [INFO]     | Connected to library Movies                                                                        |
[2025-07-01 13:54:30,635] [plex.py:540]               [INFO]     | Type: Movie                                                                                        |
[2025-07-01 13:54:30,635] [plex.py:541]               [INFO]     | Agent: tv.plex.agents.movie                                                                        |
[2025-07-01 13:54:30,635] [plex.py:542]               [INFO]     | Scanner: Plex Movie                                                                                |
[2025-07-01 13:54:30,635] [plex.py:543]               [INFO]     | Ratings Source: IMDb                                                                               |
[2025-07-01 13:54:30,635] [config.py:1239]            [INFO]     |                                                                                                    |
[2025-07-01 13:54:30,635] [config.py:1240]            [INFO]     | Movies Library Connection Successful                                                               |
[2025-07-01 13:54:30,636] [config.py:1241]            [INFO]     |                                                                                                    |
[2025-07-01 13:54:30,636] [config.py:1242]            [INFO]     |========================================== Scanning Files ==========================================|
[2025-07-01 13:54:30,636] [meta.py:71]                [INFO]     |                                                                                                    |
[2025-07-01 13:54:30,636] [meta.py:72]                [INFO]     |====================================================================================================|
[2025-07-01 13:54:30,636] [meta.py:72]                [INFO]     |                               Loading Collection File Default: basic                               |
[2025-07-01 13:54:30,636] [meta.py:72]                [INFO]     |====================================================================================================|
[2025-07-01 13:54:30,636] [meta.py:73]                [INFO]     |                                                                                                    |
[2025-07-01 13:54:30,638] [meta.py:165]               [DEBUG]    | File Loaded From: /defaults/chart/basic.yml                                                        |
[2025-07-01 13:54:30,639] [util.py:324]               [INFO]     |                                                                                                    |
[2025-07-01 13:54:30,639] [util.py:329]               [INFO]     | Reading default: templates                                                                         |
[2025-07-01 13:54:30,639] [util.py:368]               [INFO]     | Template Variables: {'collection_section': '010', 'image': 'chart/<<style>>/<<mapping_name_encoded>>'} |
[2025-07-01 13:54:30,652] [meta.py:165]               [DEBUG]    | File Loaded From: /defaults/templates.yml                                                          |
[2025-07-01 13:54:30,652] [meta.py:1374]              [INFO]     |                                                                                                    |
[2025-07-01 13:54:30,653] [meta.py:1375]              [INFO]     | Collection File Loaded Successfully                                                                |
[2025-07-01 13:54:30,653] [meta.py:71]                [INFO]     |                                                                                                    |
[2025-07-01 13:54:30,653] [meta.py:72]                [INFO]     |====================================================================================================|
[2025-07-01 13:54:30,653] [meta.py:72]                [INFO]     |                               Loading Collection File Default: imdb                                |
[2025-07-01 13:54:30,653] [meta.py:72]                [INFO]     |====================================================================================================|
[2025-07-01 13:54:30,653] [meta.py:73]                [INFO]     |                                                                                                    |
[2025-07-01 13:54:30,656] [meta.py:165]               [DEBUG]    | File Loaded From: /defaults/chart/imdb.yml                                                         |
[2025-07-01 13:54:30,656] [util.py:324]               [INFO]     |                                                                                                    |
[2025-07-01 13:54:30,656] [util.py:329]               [INFO]     | Reading default: templates                                                                         |
[2025-07-01 13:54:30,656] [util.py:368]               [INFO]     | Template Variables: {'collection_section': '020', 'image': 'chart/<<style>>/<<mapping_name_encoded>>'} |
[2025-07-01 13:54:30,670] [meta.py:165]               [DEBUG]    | File Loaded From: /defaults/templates.yml                                                          |
[2025-07-01 13:54:30,670] [meta.py:1374]              [INFO]     |                                                                                                    |
[2025-07-01 13:54:30,670] [meta.py:1375]              [INFO]     | Collection File Loaded Successfully                                                                |
[2025-07-01 13:54:30,671] [meta.py:71]                [INFO]     |                                                                                                    |
[2025-07-01 13:54:30,671] [meta.py:72]                [INFO]     |====================================================================================================|
[2025-07-01 13:54:30,671] [meta.py:72]                [INFO]     |                               Loading Collection File Default: trakt                               |
[2025-07-01 13:54:30,671] [meta.py:72]                [INFO]     |====================================================================================================|
[2025-07-01 13:54:30,671] [meta.py:73]                [INFO]     |                                                                                                    |
[2025-07-01 13:54:30,676] [meta.py:165]               [DEBUG]    | File Loaded From: /defaults/chart/trakt.yml                                                        |
[2025-07-01 13:54:30,676] [util.py:324]               [INFO]     |                                                                                                    |
[2025-07-01 13:54:30,676] [util.py:329]               [INFO]     | Reading default: templates                                                                         |
[2025-07-01 13:54:30,676] [util.py:368]               [INFO]     | Template Variables: {'collection_section': '020', 'image': 'chart/<<style>>/<<mapping_name_encoded>>'} |
[2025-07-01 13:54:30,690] [meta.py:165]               [DEBUG]    | File Loaded From: /defaults/templates.yml                                                          |
[2025-07-01 13:54:30,691] [meta.py:1374]              [INFO]     |                                                                                                    |
[2025-07-01 13:54:30,691] [meta.py:1375]              [INFO]     | Collection File Loaded Successfully                                                                |
[2025-07-01 13:54:30,691] [meta.py:71]                [INFO]     |                                                                                                    |
[2025-07-01 13:54:30,691] [meta.py:72]                [INFO]     |====================================================================================================|
[2025-07-01 13:54:30,691] [meta.py:72]                [INFO]     |                            Loading Collection File Default: resolution                             |
[2025-07-01 13:54:30,691] [meta.py:72]                [INFO]     |====================================================================================================|
[2025-07-01 13:54:30,691] [meta.py:73]                [INFO]     |                                                                                                    |
[2025-07-01 13:54:30,695] [meta.py:165]               [DEBUG]    | File Loaded From: /defaults/both/resolution.yml                                                    |
[2025-07-01 13:54:30,695] [util.py:324]               [INFO]     |                                                                                                    |
[2025-07-01 13:54:30,695] [util.py:329]               [INFO]     | Reading default: templates                                                                         |
[2025-07-01 13:54:30,695] [util.py:368]               [INFO]     | Template Variables: {'collection_section': '120', 'conditionals': {'image': {'default': 'resolution/<<key>>', 'conditions': [{'style': 'standards', 'value': 'resolution/standards/<<key>>'}]}, 'key_name': {'conditions': [{'style': 'standards', 'key': 480, 'value': 'SD'}, {'style': 'standards', 'key': 720, 'value': 'HD Ready'}, {'style': 'standards', 'key': 1080, 'value': 'Full HD'}, {'style': 'standards', 'key': '4k', 'value': 'Ultra HD'}]}}} |
[2025-07-01 13:54:30,710] [meta.py:165]               [DEBUG]    | File Loaded From: /defaults/templates.yml                                                          |
[2025-07-01 13:54:30,710] [meta.py:788]               [INFO]     |                                                                                                    |
[2025-07-01 13:54:30,710] [meta.py:789]               [INFO]     |============================= Building Resolution Dynamic Collections ==============================|
[2025-07-01 13:54:30,711] [meta.py:790]               [INFO]     |                                                                                                    |
[2025-07-01 13:54:30,843] [meta.py:1254]              [DEBUG]    | Mapping Name: Resolution                                                                           |
[2025-07-01 13:54:30,843] [meta.py:1255]              [DEBUG]    | Type: resolution                                                                                   |
[2025-07-01 13:54:30,843] [meta.py:1256]              [DEBUG]    | Data: None                                                                                         |
[2025-07-01 13:54:30,843] [meta.py:1257]              [DEBUG]    | Exclude: ['sd']                                                                                    |
[2025-07-01 13:54:30,844] [meta.py:1258]              [DEBUG]    | Exclude Final: ['sd', '8k', '2k', '144', '240', '360', '576']                                      |
[2025-07-01 13:54:30,844] [meta.py:1259]              [DEBUG]    | Addons: {'4k': ['8k'], '1080': ['2k'], '480': ['144', '240', '360', 'sd', '576']}                  |
[2025-07-01 13:54:30,844] [meta.py:1260]              [DEBUG]    | Template: ['smart_filter', 'shared']                                                               |
[2025-07-01 13:54:30,844] [meta.py:1261]              [DEBUG]    | Other Template: ['other_collection', 'smart_filter', 'shared']                                     |
[2025-07-01 13:54:30,844] [meta.py:1262]              [DEBUG]    | Library Variables: {'sep_style': 'gold', 'exclude': ['sd'], 'sort_by': 'title.asc'}                |
[2025-07-01 13:54:30,844] [meta.py:1263]              [DEBUG]    | Template Variables: {'search_term': {'default': 'resolution'}, 'translation_key': {'default': 'resolution', 'other': 'resolution_other'}, 'order': {'4k': '1_', '1080': '2_', '720': '3_', '480': '4_'}, 'dynamic': {'default': True}} |
[2025-07-01 13:54:30,844] [meta.py:1264]              [DEBUG]    | Remove Prefix: []                                                                                  |
[2025-07-01 13:54:30,844] [meta.py:1265]              [DEBUG]    | Remove Suffix: []                                                                                  |
[2025-07-01 13:54:30,844] [meta.py:1266]              [DEBUG]    | Title Format: <<key_name>> Movies                                                                  |
[2025-07-01 13:54:30,844] [meta.py:1267]              [DEBUG]    | Key Name Override: {}                                                                              |
[2025-07-01 13:54:30,844] [meta.py:1268]              [DEBUG]    | Title Override: {}                                                                                 |
[2025-07-01 13:54:30,844] [meta.py:1269]              [DEBUG]    | Custom Keys: True                                                                                  |
[2025-07-01 13:54:30,844] [meta.py:1270]              [DEBUG]    | Test: False                                                                                        |
[2025-07-01 13:54:30,844] [meta.py:1271]              [DEBUG]    | Sync: {}                                                                                           |
[2025-07-01 13:54:30,845] [meta.py:1272]              [DEBUG]    | Include: ['4k', '1080', '720', '480']                                                              |
[2025-07-01 13:54:30,845] [meta.py:1273]              [DEBUG]    | Other Name: Other Resolutions <<library_typeU>>s                                                   |
[2025-07-01 13:54:30,845] [meta.py:1274]              [DEBUG]    | All Keys: dict_keys(['4k', '2.7k', '2k', '1080', '720', '576', '480', 'sd'])                       |
[2025-07-01 13:54:30,845] [meta.py:1277]              [DEBUG]    | Keys (Title):                                                                                      |
[2025-07-01 13:54:30,845] [meta.py:1279]              [DEBUG]    |   - 4k (4K)                                                                                        |
[2025-07-01 13:54:30,845] [meta.py:1279]              [DEBUG]    |   - 2.7k (2.7K)                                                                                    |
[2025-07-01 13:54:30,845] [meta.py:1279]              [DEBUG]    |   - 1080 (1080p)                                                                                   |
[2025-07-01 13:54:30,845] [meta.py:1279]              [DEBUG]    |   - 720 (720p)                                                                                     |
[2025-07-01 13:54:30,845] [meta.py:1279]              [DEBUG]    |   - 480 (480p)                                                                                     |
[2025-07-01 13:54:30,846] [meta.py:1324]              [INFO]     | [{'value': ['4k'], 'resolution': ['4k'], 'key_name': '4K', 'key': '4k', 'search_term': 'resolution', 'translation_key': 'resolution', 'order': '1_', 'dynamic': True, 'name': 'smart_filter'}, {'value': ['4k'], 'resolution': ['4k'], 'key_name': '4K', 'key': '4k', 'search_term': 'resolution', 'translation_key': 'resolution', 'order': '1_', 'dynamic': True, 'name': 'shared'}] |
[2025-07-01 13:54:30,846] [meta.py:1324]              [INFO]     | [{'value': ['1080', '2k'], 'resolution': ['1080', '2k'], 'key_name': '1080p', 'key': '1080', 'search_term': 'resolution', 'translation_key': 'resolution', 'order': '2_', 'dynamic': True, 'name': 'smart_filter'}, {'value': ['1080', '2k'], 'resolution': ['1080', '2k'], 'key_name': '1080p', 'key': '1080', 'search_term': 'resolution', 'translation_key': 'resolution', 'order': '2_', 'dynamic': True, 'name': 'shared'}] |
[2025-07-01 13:54:30,846] [meta.py:1324]              [INFO]     | [{'value': ['720'], 'resolution': ['720'], 'key_name': '720p', 'key': '720', 'search_term': 'resolution', 'translation_key': 'resolution', 'order': '3_', 'dynamic': True, 'name': 'smart_filter'}, {'value': ['720'], 'resolution': ['720'], 'key_name': '720p', 'key': '720', 'search_term': 'resolution', 'translation_key': 'resolution', 'order': '3_', 'dynamic': True, 'name': 'shared'}] |
[2025-07-01 13:54:30,846] [meta.py:1324]              [INFO]     | [{'value': ['480', 'sd', '576'], 'resolution': ['480', 'sd', '576'], 'key_name': '480p', 'key': '480', 'search_term': 'resolution', 'translation_key': 'resolution', 'order': '4_', 'dynamic': True, 'name': 'smart_filter'}, {'value': ['480', 'sd', '576'], 'resolution': ['480', 'sd', '576'], 'key_name': '480p', 'key': '480', 'search_term': 'resolution', 'translation_key': 'resolution', 'order': '4_', 'dynamic': True, 'name': 'shared'}] |
[2025-07-01 13:54:30,846] [meta.py:1374]              [INFO]     |                                                                                                    |
[2025-07-01 13:54:30,846] [meta.py:1375]              [INFO]     | Collection File Loaded Successfully                                                                |
[2025-07-01 13:54:30,846] [meta.py:71]                [INFO]     |                                                                                                    |
[2025-07-01 13:54:30,846] [meta.py:72]                [INFO]     |====================================================================================================|
[2025-07-01 13:54:30,846] [meta.py:72]                [INFO]     |                     Loading Collection File File: config/Movies/Franchise.yml                      |
[2025-07-01 13:54:30,847] [meta.py:72]                [INFO]     |====================================================================================================|
[2025-07-01 13:54:30,847] [meta.py:73]                [INFO]     |                                                                                                    |
[2025-07-01 13:54:30,872] [meta.py:165]               [DEBUG]    | File Loaded From: /config/Movies/Franchise.yml                                                     |
[2025-07-01 13:54:30,872] [meta.py:1374]              [INFO]     |                                                                                                    |
[2025-07-01 13:54:30,872] [meta.py:1375]              [INFO]     | Collection File Loaded Successfully                                                                |
[2025-07-01 13:54:30,872] [meta.py:71]                [INFO]     |                                                                                                    |
[2025-07-01 13:54:30,872] [meta.py:72]                [INFO]     |====================================================================================================|
[2025-07-01 13:54:30,873] [meta.py:72]                [INFO]     |                       Loading Collection File File: config/Movies/Horror.yml                       |
[2025-07-01 13:54:30,873] [meta.py:72]                [INFO]     |====================================================================================================|
[2025-07-01 13:54:30,873] [meta.py:73]                [INFO]     |                                                                                                    |
[2025-07-01 13:54:30,875] [meta.py:165]               [DEBUG]    | File Loaded From: /config/Movies/Horror.yml                                                        |
[2025-07-01 13:54:30,875] [meta.py:1374]              [INFO]     |                                                                                                    |
[2025-07-01 13:54:30,875] [meta.py:1375]              [INFO]     | Collection File Loaded Successfully                                                                |
[2025-07-01 13:54:30,876] [meta.py:71]                [INFO]     |                                                                                                    |
[2025-07-01 13:54:30,876] [meta.py:72]                [INFO]     |====================================================================================================|
[2025-07-01 13:54:30,876] [meta.py:72]                [INFO]     |                      Loading Collection File File: config/Movies/Duration.yml                      |
[2025-07-01 13:54:30,876] [meta.py:72]                [INFO]     |====================================================================================================|
[2025-07-01 13:54:30,876] [meta.py:73]                [INFO]     |                                                                                                    |
[2025-07-01 13:54:30,878] [meta.py:165]               [DEBUG]    | File Loaded From: /config/Movies/Duration.yml                                                      |
[2025-07-01 13:54:30,878] [meta.py:1374]              [INFO]     |                                                                                                    |
[2025-07-01 13:54:30,878] [meta.py:1375]              [INFO]     | Collection File Loaded Successfully                                                                |
[2025-07-01 13:54:30,879] [meta.py:71]                [INFO]     |                                                                                                    |
[2025-07-01 13:54:30,879] [meta.py:72]                [INFO]     |====================================================================================================|
[2025-07-01 13:54:30,879] [meta.py:72]                [INFO]     |                       Loading Collection File File: config/Movies/Random.yml                       |
[2025-07-01 13:54:30,879] [meta.py:72]                [INFO]     |====================================================================================================|
[2025-07-01 13:54:30,880] [meta.py:73]                [INFO]     |                                                                                                    |
[2025-07-01 13:54:30,881] [meta.py:165]               [DEBUG]    | File Loaded From: /config/Movies/Random.yml                                                        |
[2025-07-01 13:54:30,881] [meta.py:1374]              [INFO]     |                                                                                                    |
[2025-07-01 13:54:30,882] [meta.py:1375]              [INFO]     | Collection File Loaded Successfully                                                                |
[2025-07-01 13:54:30,882] [meta.py:71]                [INFO]     |                                                                                                    |
[2025-07-01 13:54:30,882] [meta.py:72]                [INFO]     |====================================================================================================|
[2025-07-01 13:54:30,882] [meta.py:72]                [INFO]     |                       Loading Collection File File: config/Movies/Genre.yml                        |
[2025-07-01 13:54:30,882] [meta.py:72]                [INFO]     |====================================================================================================|
[2025-07-01 13:54:30,883] [meta.py:73]                [INFO]     |                                                                                                    |
[2025-07-01 13:54:30,887] [meta.py:165]               [DEBUG]    | File Loaded From: /config/Movies/Genre.yml                                                         |
[2025-07-01 13:54:30,887] [meta.py:1374]              [INFO]     |                                                                                                    |
[2025-07-01 13:54:30,887] [meta.py:1375]              [INFO]     | Collection File Loaded Successfully                                                                |
[2025-07-01 13:54:30,887] [meta.py:71]                [INFO]     |                                                                                                    |
[2025-07-01 13:54:30,887] [meta.py:72]                [INFO]     |====================================================================================================|
[2025-07-01 13:54:30,888] [meta.py:72]                [INFO]     |                       Loading Collection File File: config/Movies/Cities.yml                       |
[2025-07-01 13:54:30,888] [meta.py:72]                [INFO]     |====================================================================================================|
[2025-07-01 13:54:30,888] [meta.py:73]                [INFO]     |                                                                                                    |
[2025-07-01 13:54:30,891] [meta.py:165]               [DEBUG]    | File Loaded From: /config/Movies/Cities.yml                                                        |
[2025-07-01 13:54:30,891] [meta.py:1374]              [INFO]     |                                                                                                    |
[2025-07-01 13:54:30,891] [meta.py:1375]              [INFO]     | Collection File Loaded Successfully                                                                |
[2025-07-01 13:54:30,891] [meta.py:71]                [INFO]     |                                                                                                    |
[2025-07-01 13:54:30,891] [meta.py:72]                [INFO]     |====================================================================================================|
[2025-07-01 13:54:30,892] [meta.py:72]                [INFO]     |                      Loading Collection File File: config/Movies/Seasonal.yml                      |
[2025-07-01 13:54:30,892] [meta.py:72]                [INFO]     |====================================================================================================|
[2025-07-01 13:54:30,892] [meta.py:73]                [INFO]     |                                                                                                    |
[2025-07-01 13:54:30,896] [meta.py:165]               [DEBUG]    | File Loaded From: /config/Movies/Seasonal.yml                                                      |
[2025-07-01 13:54:30,896] [meta.py:1374]              [INFO]     |                                                                                                    |
[2025-07-01 13:54:30,896] [meta.py:1375]              [INFO]     | Collection File Loaded Successfully                                                                |
[2025-07-01 13:54:30,896] [meta.py:71]                [INFO]     |                                                                                                    |
[2025-07-01 13:54:30,896] [meta.py:72]                [INFO]     |====================================================================================================|
[2025-07-01 13:54:30,896] [meta.py:72]                [INFO]     |                       Loading Collection File File: config/Movies/Movies.yml                       |
[2025-07-01 13:54:30,897] [meta.py:72]                [INFO]     |====================================================================================================|
[2025-07-01 13:54:30,897] [meta.py:73]                [INFO]     |                                                                                                    |
[2025-07-01 13:54:30,904] [meta.py:165]               [DEBUG]    | File Loaded From: /config/Movies/Movies.yml                                                        |
[2025-07-01 13:54:30,904] [meta.py:51]                [WARNING]  | Config Warning: Skipping duplicate collection: "Marvel Cinematic Universe"                         |
[2025-07-01 13:54:30,904] [meta.py:1374]              [INFO]     |                                                                                                    |
[2025-07-01 13:54:30,905] [meta.py:1375]              [INFO]     | Collection File Loaded Successfully                                                                |
[2025-07-01 13:54:30,905] [meta.py:71]                [INFO]     |                                                                                                    |
[2025-07-01 13:54:30,905] [meta.py:72]                [INFO]     |====================================================================================================|
[2025-07-01 13:54:30,905] [meta.py:72]                [INFO]     |                       Loading Collection File File: config/Movies/Trakt.yml                        |
[2025-07-01 13:54:30,905] [meta.py:72]                [INFO]     |====================================================================================================|
[2025-07-01 13:54:30,905] [meta.py:73]                [INFO]     |                                                                                                    |
[2025-07-01 13:54:30,906] [meta.py:165]               [DEBUG]    | File Loaded From: /config/Movies/Trakt.yml                                                         |
[2025-07-01 13:54:30,906] [meta.py:1374]              [INFO]     |                                                                                                    |
[2025-07-01 13:54:30,906] [meta.py:1375]              [INFO]     | Collection File Loaded Successfully                                                                |
[2025-07-01 13:54:30,907] [meta.py:71]                [INFO]     |                                                                                                    |
[2025-07-01 13:54:30,907] [meta.py:72]                [INFO]     |====================================================================================================|
[2025-07-01 13:54:30,907] [meta.py:72]                [INFO]     |                               Loading Collection File Default: based                               |
[2025-07-01 13:54:30,907] [meta.py:72]                [INFO]     |====================================================================================================|
[2025-07-01 13:54:30,907] [meta.py:73]                [INFO]     |                                                                                                    |
[2025-07-01 13:54:30,909] [meta.py:165]               [DEBUG]    | File Loaded From: /defaults/both/based.yml                                                         |
[2025-07-01 13:54:30,910] [util.py:324]               [INFO]     |                                                                                                    |
[2025-07-01 13:54:30,910] [util.py:329]               [INFO]     | Reading default: templates                                                                         |
[2025-07-01 13:54:30,910] [util.py:368]               [INFO]     | Template Variables: {'collection_section': '085'}                                                  |
[2025-07-01 13:54:30,941] [meta.py:165]               [DEBUG]    | File Loaded From: /defaults/templates.yml                                                          |
[2025-07-01 13:54:30,941] [meta.py:788]               [INFO]     |                                                                                                    |
[2025-07-01 13:54:30,941] [meta.py:789]               [INFO]     |================================ Building Based Dynamic Collections ================================|
[2025-07-01 13:54:30,941] [meta.py:790]               [INFO]     |                                                                                                    |
[2025-07-01 13:54:30,942] [meta.py:1254]              [DEBUG]    | Mapping Name: Based                                                                                |
[2025-07-01 13:54:30,942] [meta.py:1255]              [DEBUG]    | Type: custom                                                                                       |
[2025-07-01 13:54:30,942] [meta.py:1256]              [DEBUG]    | Data: {'books': 'Book', 'comics': 'Comic', 'true_story': 'True Story', 'video_games': 'Video Game'} |
[2025-07-01 13:54:30,942] [meta.py:1257]              [DEBUG]    | Exclude: []                                                                                        |
[2025-07-01 13:54:30,942] [meta.py:1258]              [DEBUG]    | Exclude Final: []                                                                                  |
[2025-07-01 13:54:30,942] [meta.py:1259]              [DEBUG]    | Addons: {}                                                                                         |
[2025-07-01 13:54:30,943] [meta.py:1260]              [DEBUG]    | Template: ['mdb_smart', 'shared', 'arr']                                                           |
[2025-07-01 13:54:30,943] [meta.py:1261]              [DEBUG]    | Other Template: ['mdb_smart', 'shared', 'arr']                                                     |
[2025-07-01 13:54:30,943] [meta.py:1262]              [DEBUG]    | Library Variables: {'summary_true_story': 'Films based on or inspired by a true story.', 'summary_book': 'Films based on or inspired by a book.', 'summary_video_game': 'Films based on or inspired by a video game.', 'summary_comic': 'Films based on or inspired by a comic.', 'schedule': 'all[weekly(thursday), hourly(06-07)]'} |
[2025-07-01 13:54:30,943] [meta.py:1263]              [DEBUG]    | Template Variables: {'mdblist_list': {'default': 'https://mdblist.com/lists/k0meta/based_on_<<key>>_<<library_type>>s'}, 'image': {'default': 'based/<<key_name_encoded>>'}, 'translation_key': {'default': 'based'}, 'dynamic': {'default': True}} |
[2025-07-01 13:54:30,943] [meta.py:1264]              [DEBUG]    | Remove Prefix: []                                                                                  |
[2025-07-01 13:54:30,943] [meta.py:1265]              [DEBUG]    | Remove Suffix: []                                                                                  |
[2025-07-01 13:54:30,943] [meta.py:1266]              [DEBUG]    | Title Format: Based on a <<key_name>>                                                              |
[2025-07-01 13:54:30,943] [meta.py:1267]              [DEBUG]    | Key Name Override: {}                                                                              |
[2025-07-01 13:54:30,943] [meta.py:1268]              [DEBUG]    | Title Override: {}                                                                                 |
[2025-07-01 13:54:30,943] [meta.py:1269]              [DEBUG]    | Custom Keys: True                                                                                  |
[2025-07-01 13:54:30,943] [meta.py:1270]              [DEBUG]    | Test: False                                                                                        |
[2025-07-01 13:54:30,943] [meta.py:1271]              [DEBUG]    | Sync: {}                                                                                           |
[2025-07-01 13:54:30,943] [meta.py:1272]              [DEBUG]    | Include: []                                                                                        |
[2025-07-01 13:54:30,943] [meta.py:1273]              [DEBUG]    | Other Name: None                                                                                   |
[2025-07-01 13:54:30,944] [meta.py:1274]              [DEBUG]    | All Keys: dict_keys(['books', 'comics', 'true_story', 'video_games'])                              |
[2025-07-01 13:54:30,944] [meta.py:1277]              [DEBUG]    | Keys (Title):                                                                                      |
[2025-07-01 13:54:30,944] [meta.py:1279]              [DEBUG]    |   - books (Book)                                                                                   |
[2025-07-01 13:54:30,944] [meta.py:1279]              [DEBUG]    |   - comics (Comic)                                                                                 |
[2025-07-01 13:54:30,944] [meta.py:1279]              [DEBUG]    |   - true_story (True Story)                                                                        |
[2025-07-01 13:54:30,944] [meta.py:1279]              [DEBUG]    |   - video_games (Video Game)                                                                       |
[2025-07-01 13:54:30,945] [meta.py:1324]              [INFO]     | [{'value': ['books'], 'custom': ['books'], 'key_name': 'Book', 'key': 'books', 'mdblist_list': 'https://mdblist.com/lists/k0meta/based_on_<<key>>_<<library_type>>s', 'image': 'based/<<key_name_encoded>>', 'translation_key': 'based', 'dynamic': True, 'name': 'mdb_smart'}, {'value': ['books'], 'custom': ['books'], 'key_name': 'Book', 'key': 'books', 'mdblist_list': 'https://mdblist.com/lists/k0meta/based_on_<<key>>_<<library_type>>s', 'image': 'based/<<key_name_encoded>>', 'translation_key': 'based', 'dynamic': True, 'name': 'shared'}, {'value': ['books'], 'custom': ['books'], 'key_name': 'Book', 'key': 'books', 'mdblist_list': 'https://mdblist.com/lists/k0meta/based_on_<<key>>_<<library_type>>s', 'image': 'based/<<key_name_encoded>>', 'translation_key': 'based', 'dynamic': True, 'name': 'arr'}] |
[2025-07-01 13:54:30,945] [meta.py:1324]              [INFO]     | [{'value': ['comics'], 'custom': ['comics'], 'key_name': 'Comic', 'key': 'comics', 'mdblist_list': 'https://mdblist.com/lists/k0meta/based_on_<<key>>_<<library_type>>s', 'image': 'based/<<key_name_encoded>>', 'translation_key': 'based', 'dynamic': True, 'name': 'mdb_smart'}, {'value': ['comics'], 'custom': ['comics'], 'key_name': 'Comic', 'key': 'comics', 'mdblist_list': 'https://mdblist.com/lists/k0meta/based_on_<<key>>_<<library_type>>s', 'image': 'based/<<key_name_encoded>>', 'translation_key': 'based', 'dynamic': True, 'name': 'shared'}, {'value': ['comics'], 'custom': ['comics'], 'key_name': 'Comic', 'key': 'comics', 'mdblist_list': 'https://mdblist.com/lists/k0meta/based_on_<<key>>_<<library_type>>s', 'image': 'based/<<key_name_encoded>>', 'translation_key': 'based', 'dynamic': True, 'name': 'arr'}] |
[2025-07-01 13:54:30,945] [meta.py:1324]              [INFO]     | [{'value': ['true_story'], 'custom': ['true_story'], 'key_name': 'True Story', 'key': 'true_story', 'mdblist_list': 'https://mdblist.com/lists/k0meta/based_on_<<key>>_<<library_type>>s', 'image': 'based/<<key_name_encoded>>', 'translation_key': 'based', 'dynamic': True, 'name': 'mdb_smart'}, {'value': ['true_story'], 'custom': ['true_story'], 'key_name': 'True Story', 'key': 'true_story', 'mdblist_list': 'https://mdblist.com/lists/k0meta/based_on_<<key>>_<<library_type>>s', 'image': 'based/<<key_name_encoded>>', 'translation_key': 'based', 'dynamic': True, 'name': 'shared'}, {'value': ['true_story'], 'custom': ['true_story'], 'key_name': 'True Story', 'key': 'true_story', 'mdblist_list': 'https://mdblist.com/lists/k0meta/based_on_<<key>>_<<library_type>>s', 'image': 'based/<<key_name_encoded>>', 'translation_key': 'based', 'dynamic': True, 'name': 'arr'}] |
[2025-07-01 13:54:30,945] [meta.py:1324]              [INFO]     | [{'value': ['video_games'], 'custom': ['video_games'], 'key_name': 'Video Game', 'key': 'video_games', 'mdblist_list': 'https://mdblist.com/lists/k0meta/based_on_<<key>>_<<library_type>>s', 'image': 'based/<<key_name_encoded>>', 'translation_key': 'based', 'dynamic': True, 'name': 'mdb_smart'}, {'value': ['video_games'], 'custom': ['video_games'], 'key_name': 'Video Game', 'key': 'video_games', 'mdblist_list': 'https://mdblist.com/lists/k0meta/based_on_<<key>>_<<library_type>>s', 'image': 'based/<<key_name_encoded>>', 'translation_key': 'based', 'dynamic': True, 'name': 'shared'}, {'value': ['video_games'], 'custom': ['video_games'], 'key_name': 'Video Game', 'key': 'video_games', 'mdblist_list': 'https://mdblist.com/lists/k0meta/based_on_<<key>>_<<library_type>>s', 'image': 'based/<<key_name_encoded>>', 'translation_key': 'based', 'dynamic': True, 'name': 'arr'}] |
[2025-07-01 13:54:30,945] [meta.py:1374]              [INFO]     |                                                                                                    |
[2025-07-01 13:54:30,945] [meta.py:1375]              [INFO]     | Collection File Loaded Successfully                                                                |
[2025-07-01 13:54:30,945] [meta.py:71]                [INFO]     |                                                                                                    |
[2025-07-01 13:54:30,945] [meta.py:72]                [INFO]     |====================================================================================================|
[2025-07-01 13:54:30,946] [meta.py:72]                [INFO]     |                              Loading Collection File Default: decade                               |
[2025-07-01 13:54:30,946] [meta.py:72]                [INFO]     |====================================================================================================|
[2025-07-01 13:54:30,946] [meta.py:73]                [INFO]     |                                                                                                    |
[2025-07-01 13:54:30,948] [meta.py:165]               [DEBUG]    | File Loaded From: /defaults/movie/decade.yml                                                       |
[2025-07-01 13:54:30,948] [util.py:324]               [INFO]     |                                                                                                    |
[2025-07-01 13:54:30,949] [util.py:329]               [INFO]     | Reading default: templates                                                                         |
[2025-07-01 13:54:30,949] [util.py:368]               [INFO]     | Template Variables: {'collection_section': '100'}                                                  |
[2025-07-01 13:54:30,963] [meta.py:165]               [DEBUG]    | File Loaded From: /defaults/templates.yml                                                          |
[2025-07-01 13:54:30,963] [meta.py:788]               [INFO]     |                                                                                                    |
[2025-07-01 13:54:30,963] [meta.py:789]               [INFO]     |=============================== Building Decade Dynamic Collections ================================|
[2025-07-01 13:54:30,963] [meta.py:790]               [INFO]     |                                                                                                    |
[2025-07-01 13:54:31,024] [meta.py:1254]              [DEBUG]    | Mapping Name: Decade                                                                               |
[2025-07-01 13:54:31,024] [meta.py:1255]              [DEBUG]    | Type: decade                                                                                       |
[2025-07-01 13:54:31,025] [meta.py:1256]              [DEBUG]    | Data: None                                                                                         |
[2025-07-01 13:54:31,025] [meta.py:1257]              [DEBUG]    | Exclude: ['1960']                                                                                  |
[2025-07-01 13:54:31,025] [meta.py:1258]              [DEBUG]    | Exclude Final: ['1960']                                                                            |
[2025-07-01 13:54:31,025] [meta.py:1259]              [DEBUG]    | Addons: {}                                                                                         |
[2025-07-01 13:54:31,025] [meta.py:1260]              [DEBUG]    | Template: ['smart_filter', 'shared']                                                               |
[2025-07-01 13:54:31,025] [meta.py:1261]              [DEBUG]    | Other Template: ['smart_filter', 'shared']                                                         |
[2025-07-01 13:54:31,025] [meta.py:1262]              [DEBUG]    | Library Variables: {'exclude': [1960], 'limit': 100, 'limit_1970': 25, 'summary_format': 'Top <<limit>> movies of the <<key>>s. Sorted by critic rating.', 'summary_1970': 'Top <<limit_1970>> movies of the <<key>>s. Sorted by critic rating.', 'minimum_items': 25} |
[2025-07-01 13:54:31,026] [meta.py:1263]              [DEBUG]    | Template Variables: {'search_term': {'default': 'decade'}, 'sort_by': {'default': 'critic_rating.desc'}, 'limit': {'default': 100}, 'image': {'default': 'decade/best/<<key>>'}, 'translation_key': {'default': 'decade'}, 'dynamic': {'default': True}} |
[2025-07-01 13:54:31,026] [meta.py:1264]              [DEBUG]    | Remove Prefix: []                                                                                  |
[2025-07-01 13:54:31,026] [meta.py:1265]              [DEBUG]    | Remove Suffix: []                                                                                  |
[2025-07-01 13:54:31,026] [meta.py:1266]              [DEBUG]    | Title Format: Best of <<key_name>>                                                                 |
[2025-07-01 13:54:31,026] [meta.py:1267]              [DEBUG]    | Key Name Override: {}                                                                              |
[2025-07-01 13:54:31,026] [meta.py:1268]              [DEBUG]    | Title Override: {}                                                                                 |
[2025-07-01 13:54:31,026] [meta.py:1269]              [DEBUG]    | Custom Keys: True                                                                                  |
[2025-07-01 13:54:31,026] [meta.py:1270]              [DEBUG]    | Test: False                                                                                        |
[2025-07-01 13:54:31,026] [meta.py:1271]              [DEBUG]    | Sync: {}                                                                                           |
[2025-07-01 13:54:31,027] [meta.py:1272]              [DEBUG]    | Include: []                                                                                        |
[2025-07-01 13:54:31,027] [meta.py:1273]              [DEBUG]    | Other Name: None                                                                                   |
[2025-07-01 13:54:31,027] [meta.py:1274]              [DEBUG]    | All Keys: dict_keys(['2020', '2010', '2000', '1990', '1980', '1970', '1960', '1950', '1940', '1930', '1920']) |
[2025-07-01 13:54:31,027] [meta.py:1277]              [DEBUG]    | Keys (Title):                                                                                      |
[2025-07-01 13:54:31,027] [meta.py:1279]              [DEBUG]    |   - 2020 (2020s)                                                                                   |
[2025-07-01 13:54:31,027] [meta.py:1279]              [DEBUG]    |   - 2010 (2010s)                                                                                   |
[2025-07-01 13:54:31,027] [meta.py:1279]              [DEBUG]    |   - 2000 (2000s)                                                                                   |
[2025-07-01 13:54:31,027] [meta.py:1279]              [DEBUG]    |   - 1990 (1990s)                                                                                   |
[2025-07-01 13:54:31,027] [meta.py:1279]              [DEBUG]    |   - 1980 (1980s)                                                                                   |
[2025-07-01 13:54:31,028] [meta.py:1279]              [DEBUG]    |   - 1970 (1970s)                                                                                   |
[2025-07-01 13:54:31,028] [meta.py:1279]              [DEBUG]    |   - 1950 (1950s)                                                                                   |
[2025-07-01 13:54:31,028] [meta.py:1279]              [DEBUG]    |   - 1940 (1940s)                                                                                   |
[2025-07-01 13:54:31,028] [meta.py:1279]              [DEBUG]    |   - 1930 (1930s)                                                                                   |
[2025-07-01 13:54:31,028] [meta.py:1279]              [DEBUG]    |   - 1920 (1920s)                                                                                   |
[2025-07-01 13:54:31,028] [meta.py:1324]              [INFO]     | [{'value': ['2020'], 'decade': ['2020'], 'key_name': '2020s', 'key': '2020', 'search_term': 'decade', 'sort_by': 'critic_rating.desc', 'limit': 100, 'image': 'decade/best/<<key>>', 'translation_key': 'decade', 'dynamic': True, 'name': 'smart_filter'}, {'value': ['2020'], 'decade': ['2020'], 'key_name': '2020s', 'key': '2020', 'search_term': 'decade', 'sort_by': 'critic_rating.desc', 'limit': 100, 'image': 'decade/best/<<key>>', 'translation_key': 'decade', 'dynamic': True, 'name': 'shared'}] |
[2025-07-01 13:54:31,028] [meta.py:1324]              [INFO]     | [{'value': ['2010'], 'decade': ['2010'], 'key_name': '2010s', 'key': '2010', 'search_term': 'decade', 'sort_by': 'critic_rating.desc', 'limit': 100, 'image': 'decade/best/<<key>>', 'translation_key': 'decade', 'dynamic': True, 'name': 'smart_filter'}, {'value': ['2010'], 'decade': ['2010'], 'key_name': '2010s', 'key': '2010', 'search_term': 'decade', 'sort_by': 'critic_rating.desc', 'limit': 100, 'image': 'decade/best/<<key>>', 'translation_key': 'decade', 'dynamic': True, 'name': 'shared'}] |
[2025-07-01 13:54:31,028] [meta.py:1324]              [INFO]     | [{'value': ['2000'], 'decade': ['2000'], 'key_name': '2000s', 'key': '2000', 'search_term': 'decade', 'sort_by': 'critic_rating.desc', 'limit': 100, 'image': 'decade/best/<<key>>', 'translation_key': 'decade', 'dynamic': True, 'name': 'smart_filter'}, {'value': ['2000'], 'decade': ['2000'], 'key_name': '2000s', 'key': '2000', 'search_term': 'decade', 'sort_by': 'critic_rating.desc', 'limit': 100, 'image': 'decade/best/<<key>>', 'translation_key': 'decade', 'dynamic': True, 'name': 'shared'}] |
[2025-07-01 13:54:31,028] [meta.py:1324]              [INFO]     | [{'value': ['1990'], 'decade': ['1990'], 'key_name': '1990s', 'key': '1990', 'search_term': 'decade', 'sort_by': 'critic_rating.desc', 'limit': 100, 'image': 'decade/best/<<key>>', 'translation_key': 'decade', 'dynamic': True, 'name': 'smart_filter'}, {'value': ['1990'], 'decade': ['1990'], 'key_name': '1990s', 'key': '1990', 'search_term': 'decade', 'sort_by': 'critic_rating.desc', 'limit': 100, 'image': 'decade/best/<<key>>', 'translation_key': 'decade', 'dynamic': True, 'name': 'shared'}] |
[2025-07-01 13:54:31,029] [meta.py:1324]              [INFO]     | [{'value': ['1980'], 'decade': ['1980'], 'key_name': '1980s', 'key': '1980', 'search_term': 'decade', 'sort_by': 'critic_rating.desc', 'limit': 100, 'image': 'decade/best/<<key>>', 'translation_key': 'decade', 'dynamic': True, 'name': 'smart_filter'}, {'value': ['1980'], 'decade': ['1980'], 'key_name': '1980s', 'key': '1980', 'search_term': 'decade', 'sort_by': 'critic_rating.desc', 'limit': 100, 'image': 'decade/best/<<key>>', 'translation_key': 'decade', 'dynamic': True, 'name': 'shared'}] |
[2025-07-01 13:54:31,029] [meta.py:1324]              [INFO]     | [{'value': ['1970'], 'decade': ['1970'], 'key_name': '1970s', 'key': '1970', 'search_term': 'decade', 'sort_by': 'critic_rating.desc', 'limit': 100, 'image': 'decade/best/<<key>>', 'translation_key': 'decade', 'dynamic': True, 'name': 'smart_filter'}, {'value': ['1970'], 'decade': ['1970'], 'key_name': '1970s', 'key': '1970', 'search_term': 'decade', 'sort_by': 'critic_rating.desc', 'limit': 100, 'image': 'decade/best/<<key>>', 'translation_key': 'decade', 'dynamic': True, 'name': 'shared'}] |
[2025-07-01 13:54:31,029] [meta.py:1324]              [INFO]     | [{'value': ['1950'], 'decade': ['1950'], 'key_name': '1950s', 'key': '1950', 'search_term': 'decade', 'sort_by': 'critic_rating.desc', 'limit': 100, 'image': 'decade/best/<<key>>', 'translation_key': 'decade', 'dynamic': True, 'name': 'smart_filter'}, {'value': ['1950'], 'decade': ['1950'], 'key_name': '1950s', 'key': '1950', 'search_term': 'decade', 'sort_by': 'critic_rating.desc', 'limit': 100, 'image': 'decade/best/<<key>>', 'translation_key': 'decade', 'dynamic': True, 'name': 'shared'}] |
[2025-07-01 13:54:31,029] [meta.py:1324]              [INFO]     | [{'value': ['1940'], 'decade': ['1940'], 'key_name': '1940s', 'key': '1940', 'search_term': 'decade', 'sort_by': 'critic_rating.desc', 'limit': 100, 'image': 'decade/best/<<key>>', 'translation_key': 'decade', 'dynamic': True, 'name': 'smart_filter'}, {'value': ['1940'], 'decade': ['1940'], 'key_name': '1940s', 'key': '1940', 'search_term': 'decade', 'sort_by': 'critic_rating.desc', 'limit': 100, 'image': 'decade/best/<<key>>', 'translation_key': 'decade', 'dynamic': True, 'name': 'shared'}] |
[2025-07-01 13:54:31,029] [meta.py:1324]              [INFO]     | [{'value': ['1930'], 'decade': ['1930'], 'key_name': '1930s', 'key': '1930', 'search_term': 'decade', 'sort_by': 'critic_rating.desc', 'limit': 100, 'image': 'decade/best/<<key>>', 'translation_key': 'decade', 'dynamic': True, 'name': 'smart_filter'}, {'value': ['1930'], 'decade': ['1930'], 'key_name': '1930s', 'key': '1930', 'search_term': 'decade', 'sort_by': 'critic_rating.desc', 'limit': 100, 'image': 'decade/best/<<key>>', 'translation_key': 'decade', 'dynamic': True, 'name': 'shared'}] |
[2025-07-01 13:54:31,029] [meta.py:1324]              [INFO]     | [{'value': ['1920'], 'decade': ['1920'], 'key_name': '1920s', 'key': '1920', 'search_term': 'decade', 'sort_by': 'critic_rating.desc', 'limit': 100, 'image': 'decade/best/<<key>>', 'translation_key': 'decade', 'dynamic': True, 'name': 'smart_filter'}, {'value': ['1920'], 'decade': ['1920'], 'key_name': '1920s', 'key': '1920', 'search_term': 'decade', 'sort_by': 'critic_rating.desc', 'limit': 100, 'image': 'decade/best/<<key>>', 'translation_key': 'decade', 'dynamic': True, 'name': 'shared'}] |
[2025-07-01 13:54:31,029] [meta.py:1374]              [INFO]     |                                                                                                    |
[2025-07-01 13:54:31,029] [meta.py:1375]              [INFO]     | Collection File Loaded Successfully                                                                |
[2025-07-01 13:54:31,029] [meta.py:71]                [INFO]     |                                                                                                    |
[2025-07-01 13:54:31,029] [meta.py:72]                [INFO]     |====================================================================================================|
[2025-07-01 13:54:31,030] [meta.py:72]                [INFO]     |                               Loading Collection File Default: genre                               |
[2025-07-01 13:54:31,030] [meta.py:72]                [INFO]     |====================================================================================================|
[2025-07-01 13:54:31,030] [meta.py:73]                [INFO]     |                                                                                                    |
[2025-07-01 13:54:31,033] [meta.py:165]               [DEBUG]    | File Loaded From: /defaults/both/genre.yml                                                         |
[2025-07-01 13:54:31,033] [util.py:324]               [INFO]     |                                                                                                    |
[2025-07-01 13:54:31,033] [util.py:329]               [INFO]     | Reading default: templates                                                                         |
[2025-07-01 13:54:31,033] [util.py:368]               [INFO]     | Template Variables: {'collection_section': '060'}                                                  |
[2025-07-01 13:54:31,047] [meta.py:165]               [DEBUG]    | File Loaded From: /defaults/templates.yml                                                          |
[2025-07-01 13:54:31,047] [meta.py:788]               [INFO]     |                                                                                                    |
[2025-07-01 13:54:31,047] [meta.py:789]               [INFO]     |================================ Building Genre Dynamic Collections ================================|
[2025-07-01 13:54:31,047] [meta.py:790]               [INFO]     |                                                                                                    |
[2025-07-01 13:54:31,318] [meta.py:1254]              [DEBUG]    | Mapping Name: Genre                                                                                |
[2025-07-01 13:54:31,318] [meta.py:1255]              [DEBUG]    | Type: genre                                                                                        |
[2025-07-01 13:54:31,319] [meta.py:1256]              [DEBUG]    | Data: None                                                                                         |
[2025-07-01 13:54:31,319] [meta.py:1257]              [DEBUG]    | Exclude: ['Horror', 'War', 'Western', 'Spy', 'Sport']                                              |
[2025-07-01 13:54:31,319] [meta.py:1258]              [DEBUG]    | Exclude Final: ['Horror', 'War', 'Western', 'Spy', 'Sport', 'Action/Adventure', 'Action/adventure', 'Action & Adventure', 'Action & adventure', 'Action and Adventure', 'Action and adventure', 'Biography', 'Kids & Family', 'SciFi & Fantasy', 'Science Fiction & Fantasy', 'Science-Fiction & Fantasy', 'Sci-Fi & Fantasy', 'Film-Noir', 'War & Politics', 'SciFi', 'Sci-Fi', 'Science-Fiction', 'Talk'] |
[2025-07-01 13:54:31,320] [meta.py:1259]              [DEBUG]    | Addons: {'Action': ['Action/Adventure', 'Action/adventure', 'Action & Adventure', 'Action & adventure', 'Action and Adventure', 'Action and adventure'], 'Adventure': ['Action/Adventure', 'Action/adventure', 'Action & Adventure', 'Action & adventure', 'Action and Adventure', 'Action and adventure'], 'Biopic': ['Biography'], 'Family': ['Kids & Family'], 'Fantasy': ['SciFi & Fantasy', 'Science Fiction & Fantasy', 'Science-Fiction & Fantasy', 'Sci-Fi & Fantasy'], 'Film Noir': ['Film-Noir'], 'Politics': ['War & Politics'], 'Science Fiction': ['SciFi', 'Sci-Fi', 'Science-Fiction', 'SciFi & Fantasy', 'Science Fiction & Fantasy', 'Sci-Fi & Fantasy'], 'Talk Show': ['Talk'], 'War': ['War & Politics']} |
[2025-07-01 13:54:31,320] [meta.py:1260]              [DEBUG]    | Template: ['smart_filter', 'shared']                                                               |
[2025-07-01 13:54:31,320] [meta.py:1261]              [DEBUG]    | Other Template: ['smart_filter', 'shared']                                                         |
[2025-07-01 13:54:31,321] [meta.py:1262]              [DEBUG]    | Library Variables: {'sort_by': 'title.asc', 'exclude': ['Horror', 'War', 'Western', 'Spy', 'Sport'], 'minimum_items': 10} |
[2025-07-01 13:54:31,321] [meta.py:1263]              [DEBUG]    | Template Variables: {'search_term': {'default': 'genre'}, 'image': {'default': 'genre/<<original_key_name_encoded>>'}, 'translation_key': {'default': 'genre'}, 'dynamic': {'default': True}} |
[2025-07-01 13:54:31,321] [meta.py:1264]              [DEBUG]    | Remove Prefix: []                                                                                  |
[2025-07-01 13:54:31,321] [meta.py:1265]              [DEBUG]    | Remove Suffix: []                                                                                  |
[2025-07-01 13:54:31,322] [meta.py:1266]              [DEBUG]    | Title Format: <<key_name>> Movies                                                                  |
[2025-07-01 13:54:31,322] [meta.py:1267]              [DEBUG]    | Key Name Override: {}                                                                              |
[2025-07-01 13:54:31,322] [meta.py:1268]              [DEBUG]    | Title Override: {}                                                                                 |
[2025-07-01 13:54:31,323] [meta.py:1269]              [DEBUG]    | Custom Keys: True                                                                                  |
[2025-07-01 13:54:31,323] [meta.py:1270]              [DEBUG]    | Test: False                                                                                        |
[2025-07-01 13:54:31,323] [meta.py:1271]              [DEBUG]    | Sync: {}                                                                                           |
[2025-07-01 13:54:31,324] [meta.py:1272]              [DEBUG]    | Include: []                                                                                        |
[2025-07-01 13:54:31,324] [meta.py:1273]              [DEBUG]    | Other Name: None                                                                                   |
[2025-07-01 13:54:31,324] [meta.py:1274]              [DEBUG]    | All Keys: dict_keys(['Action', 'Adventure', 'Animation', 'Anime', 'Children', 'Comedy', 'Crime', 'Documentary', 'Drama', 'Family', 'Fantasy', 'Game Show', 'History', 'Horror', 'Martial Arts', 'Music', 'Musical', 'Mystery', 'Reality', 'Romance', 'Science Fiction', 'Short', 'Sport', 'Thriller', 'TV Movie', 'War', 'Western']) |
[2025-07-01 13:54:31,325] [meta.py:1277]              [DEBUG]    | Keys (Title):                                                                                      |
[2025-07-01 13:54:31,325] [meta.py:1279]              [DEBUG]    |   - Action                                                                                         |
[2025-07-01 13:54:31,325] [meta.py:1279]              [DEBUG]    |   - Adventure                                                                                      |
[2025-07-01 13:54:31,325] [meta.py:1279]              [DEBUG]    |   - Animation                                                                                      |
[2025-07-01 13:54:31,325] [meta.py:1279]              [DEBUG]    |   - Anime                                                                                          |
[2025-07-01 13:54:31,326] [meta.py:1279]              [DEBUG]    |   - Children                                                                                       |
[2025-07-01 13:54:31,326] [meta.py:1279]              [DEBUG]    |   - Comedy                                                                                         |
[2025-07-01 13:54:31,326] [meta.py:1279]              [DEBUG]    |   - Crime                                                                                          |
[2025-07-01 13:54:31,326] [meta.py:1279]              [DEBUG]    |   - Documentary                                                                                    |
[2025-07-01 13:54:31,327] [meta.py:1279]              [DEBUG]    |   - Drama                                                                                          |
[2025-07-01 13:54:31,327] [meta.py:1279]              [DEBUG]    |   - Family                                                                                         |
[2025-07-01 13:54:31,327] [meta.py:1279]              [DEBUG]    |   - Fantasy                                                                                        |
[2025-07-01 13:54:31,327] [meta.py:1279]              [DEBUG]    |   - Game Show                                                                                      |
[2025-07-01 13:54:31,327] [meta.py:1279]              [DEBUG]    |   - History                                                                                        |
[2025-07-01 13:54:31,328] [meta.py:1279]              [DEBUG]    |   - Martial Arts                                                                                   |
[2025-07-01 13:54:31,328] [meta.py:1279]              [DEBUG]    |   - Music                                                                                          |
[2025-07-01 13:54:31,328] [meta.py:1279]              [DEBUG]    |   - Musical                                                                                        |
[2025-07-01 13:54:31,328] [meta.py:1279]              [DEBUG]    |   - Mystery                                                                                        |
[2025-07-01 13:54:31,329] [meta.py:1279]              [DEBUG]    |   - Reality                                                                                        |
[2025-07-01 13:54:31,329] [meta.py:1279]              [DEBUG]    |   - Romance                                                                                        |
[2025-07-01 13:54:31,329] [meta.py:1279]              [DEBUG]    |   - Science Fiction                                                                                |
[2025-07-01 13:54:31,329] [meta.py:1279]              [DEBUG]    |   - Short                                                                                          |
[2025-07-01 13:54:31,330] [meta.py:1279]              [DEBUG]    |   - Thriller                                                                                       |
[2025-07-01 13:54:31,330] [meta.py:1279]              [DEBUG]    |   - TV Movie                                                                                       |
[2025-07-01 13:54:31,330] [meta.py:1324]              [INFO]     | [{'value': ['Action'], 'genre': ['Action'], 'key_name': 'Action', 'key': 'Action', 'search_term': 'genre', 'image': 'genre/<<original_key_name_encoded>>', 'translation_key': 'genre', 'dynamic': True, 'name': 'smart_filter'}, {'value': ['Action'], 'genre': ['Action'], 'key_name': 'Action', 'key': 'Action', 'search_term': 'genre', 'image': 'genre/<<original_key_name_encoded>>', 'translation_key': 'genre', 'dynamic': True, 'name': 'shared'}] |
[2025-07-01 13:54:31,330] [meta.py:1324]              [INFO]     | [{'value': ['Adventure'], 'genre': ['Adventure'], 'key_name': 'Adventure', 'key': 'Adventure', 'search_term': 'genre', 'image': 'genre/<<original_key_name_encoded>>', 'translation_key': 'genre', 'dynamic': True, 'name': 'smart_filter'}, {'value': ['Adventure'], 'genre': ['Adventure'], 'key_name': 'Adventure', 'key': 'Adventure', 'search_term': 'genre', 'image': 'genre/<<original_key_name_encoded>>', 'translation_key': 'genre', 'dynamic': True, 'name': 'shared'}] |
[2025-07-01 13:54:31,331] [meta.py:1324]              [INFO]     | [{'value': ['Animation'], 'genre': ['Animation'], 'key_name': 'Animation', 'key': 'Animation', 'search_term': 'genre', 'image': 'genre/<<original_key_name_encoded>>', 'translation_key': 'genre', 'dynamic': True, 'name': 'smart_filter'}, {'value': ['Animation'], 'genre': ['Animation'], 'key_name': 'Animation', 'key': 'Animation', 'search_term': 'genre', 'image': 'genre/<<original_key_name_encoded>>', 'translation_key': 'genre', 'dynamic': True, 'name': 'shared'}] |
[2025-07-01 13:54:31,331] [meta.py:1324]              [INFO]     | [{'value': ['Anime'], 'genre': ['Anime'], 'key_name': 'Anime', 'key': 'Anime', 'search_term': 'genre', 'image': 'genre/<<original_key_name_encoded>>', 'translation_key': 'genre', 'dynamic': True, 'name': 'smart_filter'}, {'value': ['Anime'], 'genre': ['Anime'], 'key_name': 'Anime', 'key': 'Anime', 'search_term': 'genre', 'image': 'genre/<<original_key_name_encoded>>', 'translation_key': 'genre', 'dynamic': True, 'name': 'shared'}] |
[2025-07-01 13:54:31,331] [meta.py:1324]              [INFO]     | [{'value': ['Children'], 'genre': ['Children'], 'key_name': 'Children', 'key': 'Children', 'search_term': 'genre', 'image': 'genre/<<original_key_name_encoded>>', 'translation_key': 'genre', 'dynamic': True, 'name': 'smart_filter'}, {'value': ['Children'], 'genre': ['Children'], 'key_name': 'Children', 'key': 'Children', 'search_term': 'genre', 'image': 'genre/<<original_key_name_encoded>>', 'translation_key': 'genre', 'dynamic': True, 'name': 'shared'}] |
[2025-07-01 13:54:31,331] [meta.py:1324]              [INFO]     | [{'value': ['Comedy'], 'genre': ['Comedy'], 'key_name': 'Comedy', 'key': 'Comedy', 'search_term': 'genre', 'image': 'genre/<<original_key_name_encoded>>', 'translation_key': 'genre', 'dynamic': True, 'name': 'smart_filter'}, {'value': ['Comedy'], 'genre': ['Comedy'], 'key_name': 'Comedy', 'key': 'Comedy', 'search_term': 'genre', 'image': 'genre/<<original_key_name_encoded>>', 'translation_key': 'genre', 'dynamic': True, 'name': 'shared'}] |
[2025-07-01 13:54:31,332] [meta.py:1324]              [INFO]     | [{'value': ['Crime'], 'genre': ['Crime'], 'key_name': 'Crime', 'key': 'Crime', 'search_term': 'genre', 'image': 'genre/<<original_key_name_encoded>>', 'translation_key': 'genre', 'dynamic': True, 'name': 'smart_filter'}, {'value': ['Crime'], 'genre': ['Crime'], 'key_name': 'Crime', 'key': 'Crime', 'search_term': 'genre', 'image': 'genre/<<original_key_name_encoded>>', 'translation_key': 'genre', 'dynamic': True, 'name': 'shared'}] |
[2025-07-01 13:54:31,332] [meta.py:1324]              [INFO]     | [{'value': ['Documentary'], 'genre': ['Documentary'], 'key_name': 'Documentary', 'key': 'Documentary', 'search_term': 'genre', 'image': 'genre/<<original_key_name_encoded>>', 'translation_key': 'genre', 'dynamic': True, 'name': 'smart_filter'}, {'value': ['Documentary'], 'genre': ['Documentary'], 'key_name': 'Documentary', 'key': 'Documentary', 'search_term': 'genre', 'image': 'genre/<<original_key_name_encoded>>', 'translation_key': 'genre', 'dynamic': True, 'name': 'shared'}] |
[2025-07-01 13:54:31,332] [meta.py:1324]              [INFO]     | [{'value': ['Drama'], 'genre': ['Drama'], 'key_name': 'Drama', 'key': 'Drama', 'search_term': 'genre', 'image': 'genre/<<original_key_name_encoded>>', 'translation_key': 'genre', 'dynamic': True, 'name': 'smart_filter'}, {'value': ['Drama'], 'genre': ['Drama'], 'key_name': 'Drama', 'key': 'Drama', 'search_term': 'genre', 'image': 'genre/<<original_key_name_encoded>>', 'translation_key': 'genre', 'dynamic': True, 'name': 'shared'}] |
[2025-07-01 13:54:31,333] [meta.py:1324]              [INFO]     | [{'value': ['Family'], 'genre': ['Family'], 'key_name': 'Family', 'key': 'Family', 'search_term': 'genre', 'image': 'genre/<<original_key_name_encoded>>', 'translation_key': 'genre', 'dynamic': True, 'name': 'smart_filter'}, {'value': ['Family'], 'genre': ['Family'], 'key_name': 'Family', 'key': 'Family', 'search_term': 'genre', 'image': 'genre/<<original_key_name_encoded>>', 'translation_key': 'genre', 'dynamic': True, 'name': 'shared'}] |
[2025-07-01 13:54:31,333] [meta.py:1324]              [INFO]     | [{'value': ['Fantasy'], 'genre': ['Fantasy'], 'key_name': 'Fantasy', 'key': 'Fantasy', 'search_term': 'genre', 'image': 'genre/<<original_key_name_encoded>>', 'translation_key': 'genre', 'dynamic': True, 'name': 'smart_filter'}, {'value': ['Fantasy'], 'genre': ['Fantasy'], 'key_name': 'Fantasy', 'key': 'Fantasy', 'search_term': 'genre', 'image': 'genre/<<original_key_name_encoded>>', 'translation_key': 'genre', 'dynamic': True, 'name': 'shared'}] |
[2025-07-01 13:54:31,333] [meta.py:1324]              [INFO]     | [{'value': ['Game Show'], 'genre': ['Game Show'], 'key_name': 'Game Show', 'key': 'Game Show', 'search_term': 'genre', 'image': 'genre/<<original_key_name_encoded>>', 'translation_key': 'genre', 'dynamic': True, 'name': 'smart_filter'}, {'value': ['Game Show'], 'genre': ['Game Show'], 'key_name': 'Game Show', 'key': 'Game Show', 'search_term': 'genre', 'image': 'genre/<<original_key_name_encoded>>', 'translation_key': 'genre', 'dynamic': True, 'name': 'shared'}] |
[2025-07-01 13:54:31,333] [meta.py:1324]              [INFO]     | [{'value': ['History'], 'genre': ['History'], 'key_name': 'History', 'key': 'History', 'search_term': 'genre', 'image': 'genre/<<original_key_name_encoded>>', 'translation_key': 'genre', 'dynamic': True, 'name': 'smart_filter'}, {'value': ['History'], 'genre': ['History'], 'key_name': 'History', 'key': 'History', 'search_term': 'genre', 'image': 'genre/<<original_key_name_encoded>>', 'translation_key': 'genre', 'dynamic': True, 'name': 'shared'}] |
[2025-07-01 13:54:31,334] [meta.py:1324]              [INFO]     | [{'value': ['Martial Arts'], 'genre': ['Martial Arts'], 'key_name': 'Martial Arts', 'key': 'Martial Arts', 'search_term': 'genre', 'image': 'genre/<<original_key_name_encoded>>', 'translation_key': 'genre', 'dynamic': True, 'name': 'smart_filter'}, {'value': ['Martial Arts'], 'genre': ['Martial Arts'], 'key_name': 'Martial Arts', 'key': 'Martial Arts', 'search_term': 'genre', 'image': 'genre/<<original_key_name_encoded>>', 'translation_key': 'genre', 'dynamic': True, 'name': 'shared'}] |
[2025-07-01 13:54:31,334] [meta.py:1324]              [INFO]     | [{'value': ['Music'], 'genre': ['Music'], 'key_name': 'Music', 'key': 'Music', 'search_term': 'genre', 'image': 'genre/<<original_key_name_encoded>>', 'translation_key': 'genre', 'dynamic': True, 'name': 'smart_filter'}, {'value': ['Music'], 'genre': ['Music'], 'key_name': 'Music', 'key': 'Music', 'search_term': 'genre', 'image': 'genre/<<original_key_name_encoded>>', 'translation_key': 'genre', 'dynamic': True, 'name': 'shared'}] |
[2025-07-01 13:54:31,334] [meta.py:1324]              [INFO]     | [{'value': ['Musical'], 'genre': ['Musical'], 'key_name': 'Musical', 'key': 'Musical', 'search_term': 'genre', 'image': 'genre/<<original_key_name_encoded>>', 'translation_key': 'genre', 'dynamic': True, 'name': 'smart_filter'}, {'value': ['Musical'], 'genre': ['Musical'], 'key_name': 'Musical', 'key': 'Musical', 'search_term': 'genre', 'image': 'genre/<<original_key_name_encoded>>', 'translation_key': 'genre', 'dynamic': True, 'name': 'shared'}] |
[2025-07-01 13:54:31,334] [meta.py:1324]              [INFO]     | [{'value': ['Mystery'], 'genre': ['Mystery'], 'key_name': 'Mystery', 'key': 'Mystery', 'search_term': 'genre', 'image': 'genre/<<original_key_name_encoded>>', 'translation_key': 'genre', 'dynamic': True, 'name': 'smart_filter'}, {'value': ['Mystery'], 'genre': ['Mystery'], 'key_name': 'Mystery', 'key': 'Mystery', 'search_term': 'genre', 'image': 'genre/<<original_key_name_encoded>>', 'translation_key': 'genre', 'dynamic': True, 'name': 'shared'}] |
[2025-07-01 13:54:31,334] [meta.py:1324]              [INFO]     | [{'value': ['Reality'], 'genre': ['Reality'], 'key_name': 'Reality', 'key': 'Reality', 'search_term': 'genre', 'image': 'genre/<<original_key_name_encoded>>', 'translation_key': 'genre', 'dynamic': True, 'name': 'smart_filter'}, {'value': ['Reality'], 'genre': ['Reality'], 'key_name': 'Reality', 'key': 'Reality', 'search_term': 'genre', 'image': 'genre/<<original_key_name_encoded>>', 'translation_key': 'genre', 'dynamic': True, 'name': 'shared'}] |
[2025-07-01 13:54:31,334] [meta.py:1324]              [INFO]     | [{'value': ['Romance'], 'genre': ['Romance'], 'key_name': 'Romance', 'key': 'Romance', 'search_term': 'genre', 'image': 'genre/<<original_key_name_encoded>>', 'translation_key': 'genre', 'dynamic': True, 'name': 'smart_filter'}, {'value': ['Romance'], 'genre': ['Romance'], 'key_name': 'Romance', 'key': 'Romance', 'search_term': 'genre', 'image': 'genre/<<original_key_name_encoded>>', 'translation_key': 'genre', 'dynamic': True, 'name': 'shared'}] |
[2025-07-01 13:54:31,335] [meta.py:1324]              [INFO]     | [{'value': ['Science Fiction'], 'genre': ['Science Fiction'], 'key_name': 'Science Fiction', 'key': 'Science Fiction', 'search_term': 'genre', 'image': 'genre/<<original_key_name_encoded>>', 'translation_key': 'genre', 'dynamic': True, 'name': 'smart_filter'}, {'value': ['Science Fiction'], 'genre': ['Science Fiction'], 'key_name': 'Science Fiction', 'key': 'Science Fiction', 'search_term': 'genre', 'image': 'genre/<<original_key_name_encoded>>', 'translation_key': 'genre', 'dynamic': True, 'name': 'shared'}] |
[2025-07-01 13:54:31,335] [meta.py:1324]              [INFO]     | [{'value': ['Short'], 'genre': ['Short'], 'key_name': 'Short', 'key': 'Short', 'search_term': 'genre', 'image': 'genre/<<original_key_name_encoded>>', 'translation_key': 'genre', 'dynamic': True, 'name': 'smart_filter'}, {'value': ['Short'], 'genre': ['Short'], 'key_name': 'Short', 'key': 'Short', 'search_term': 'genre', 'image': 'genre/<<original_key_name_encoded>>', 'translation_key': 'genre', 'dynamic': True, 'name': 'shared'}] |
[2025-07-01 13:54:31,335] [meta.py:1324]              [INFO]     | [{'value': ['Thriller'], 'genre': ['Thriller'], 'key_name': 'Thriller', 'key': 'Thriller', 'search_term': 'genre', 'image': 'genre/<<original_key_name_encoded>>', 'translation_key': 'genre', 'dynamic': True, 'name': 'smart_filter'}, {'value': ['Thriller'], 'genre': ['Thriller'], 'key_name': 'Thriller', 'key': 'Thriller', 'search_term': 'genre', 'image': 'genre/<<original_key_name_encoded>>', 'translation_key': 'genre', 'dynamic': True, 'name': 'shared'}] |
[2025-07-01 13:54:31,335] [meta.py:1324]              [INFO]     | [{'value': ['TV Movie'], 'genre': ['TV Movie'], 'key_name': 'TV Movie', 'key': 'TV Movie', 'search_term': 'genre', 'image': 'genre/<<original_key_name_encoded>>', 'translation_key': 'genre', 'dynamic': True, 'name': 'smart_filter'}, {'value': ['TV Movie'], 'genre': ['TV Movie'], 'key_name': 'TV Movie', 'key': 'TV Movie', 'search_term': 'genre', 'image': 'genre/<<original_key_name_encoded>>', 'translation_key': 'genre', 'dynamic': True, 'name': 'shared'}] |
[2025-07-01 13:54:31,336] [meta.py:1374]              [INFO]     |                                                                                                    |
[2025-07-01 13:54:31,336] [meta.py:1375]              [INFO]     | Collection File Loaded Successfully                                                                |
[2025-07-01 13:54:31,336] [meta.py:71]                [INFO]     |                                                                                                    |
[2025-07-01 13:54:31,336] [meta.py:72]                [INFO]     |====================================================================================================|
[2025-07-01 13:54:31,337] [meta.py:72]                [INFO]     |                               Loading Collection File Default: imdb                                |
[2025-07-01 13:54:31,337] [meta.py:72]                [INFO]     |====================================================================================================|
[2025-07-01 13:54:31,337] [meta.py:73]                [INFO]     |                                                                                                    |
[2025-07-01 13:54:31,340] [meta.py:165]               [DEBUG]    | File Loaded From: /defaults/chart/imdb.yml                                                         |
[2025-07-01 13:54:31,340] [util.py:324]               [INFO]     |                                                                                                    |
[2025-07-01 13:54:31,340] [util.py:329]               [INFO]     | Reading default: templates                                                                         |
[2025-07-01 13:54:31,340] [util.py:368]               [INFO]     | Template Variables: {'collection_section': '020', 'image': 'chart/<<style>>/<<mapping_name_encoded>>'} |
[2025-07-01 13:54:31,354] [meta.py:165]               [DEBUG]    | File Loaded From: /defaults/templates.yml                                                          |
[2025-07-01 13:54:31,354] [meta.py:51]                [WARNING]  | Config Warning: Skipping duplicate collection: "IMDb Popular"                                      |
[2025-07-01 13:54:31,354] [meta.py:51]                [WARNING]  | Config Warning: Skipping duplicate collection: "IMDb Top 250"                                      |
[2025-07-01 13:54:31,354] [meta.py:51]                [WARNING]  | Config Warning: Skipping duplicate collection: "IMDb Lowest Rated"                                 |
[2025-07-01 13:54:31,355] [library.py:159]            [ERROR]    | YAML Error: collections or dynamic_collections attribute is required                               |
[2025-07-01 13:54:31,355] [library.py:160]            [INFO]     | Collection File Failed To Load                                                                     |
[2025-07-01 13:54:31,355] [meta.py:71]                [INFO]     |                                                                                                    |
[2025-07-01 13:54:31,355] [meta.py:72]                [INFO]     |====================================================================================================|
[2025-07-01 13:54:31,355] [meta.py:72]                [INFO]     |                             Loading Collection File Default: seasonal                              |
[2025-07-01 13:54:31,355] [meta.py:72]                [INFO]     |====================================================================================================|
[2025-07-01 13:54:31,355] [meta.py:73]                [INFO]     |                                                                                                    |
[2025-07-01 13:54:31,367] [meta.py:165]               [DEBUG]    | File Loaded From: /defaults/movie/seasonal.yml                                                     |
[2025-07-01 13:54:31,367] [util.py:324]               [INFO]     |                                                                                                    |
[2025-07-01 13:54:31,368] [util.py:329]               [INFO]     | Reading default: templates                                                                         |
[2025-07-01 13:54:31,381] [meta.py:165]               [DEBUG]    | File Loaded From: /defaults/templates.yml                                                          |
[2025-07-01 13:54:31,381] [meta.py:788]               [INFO]     |                                                                                                    |
[2025-07-01 13:54:31,382] [meta.py:789]               [INFO]     |============================== Building Seasonal Dynamic Collections ===============================|
[2025-07-01 13:54:31,382] [meta.py:790]               [INFO]     |                                                                                                    |
[2025-07-01 13:54:31,382] [meta.py:1254]              [DEBUG]    | Mapping Name: Seasonal                                                                             |
[2025-07-01 13:54:31,382] [meta.py:1255]              [DEBUG]    | Type: custom                                                                                       |
[2025-07-01 13:54:31,382] [meta.py:1256]              [DEBUG]    | Data: {'years': "New Year's Day", 'valentine': "Valentine's Day", 'patrick': "St. Patrick's Day", 'easter': 'Easter', 'mother': "Mother's Day", 'memorial': 'Memorial Day', 'father': "Father's Day", 'independence': 'Independence Day', 'labor': 'Labor Day', 'halloween': 'Halloween', 'veteran': "Veteran's Day", 'thanksgiving': 'Thanksgiving', 'christmas': 'Christmas', 'aapi': 'Asian American & Pacific Islander Heritage Month', 'disabilities': 'Day of Persons with Disabilities', 'black_history': 'Black History Month', 'lgbtq': 'LGBTQ+ Pride Month', 'latinx': 'Latinx Heritage Month', 'women': "Women's History Month"} |
[2025-07-01 13:54:31,383] [meta.py:1257]              [DEBUG]    | Exclude: ['christmas', 'easter', 'halloween', 'latinx', 'women']                                   |
[2025-07-01 13:54:31,383] [meta.py:1258]              [DEBUG]    | Exclude Final: ['christmas', 'easter', 'halloween', 'latinx', 'women']                             |
[2025-07-01 13:54:31,383] [meta.py:1259]              [DEBUG]    | Addons: {}                                                                                         |
[2025-07-01 13:54:31,383] [meta.py:1260]              [DEBUG]    | Template: ['holiday', 'shared', 'arr']                                                             |
[2025-07-01 13:54:31,383] [meta.py:1261]              [DEBUG]    | Other Template: ['holiday', 'shared', 'arr']                                                       |
[2025-07-01 13:54:31,383] [meta.py:1262]              [DEBUG]    | Library Variables: {'emoji': '', 'schedule_easter': 'range(03/20-04/05)', 'schedule_independence': 'range(06/28-07/05)', 'schedule_labor': 'range(09/01-09/05)', 'schedule_thanksgiving': 'range(11/01-11/24)', 'schedule_veteran': 'range(11/01-11/12)', 'schedule_valentine': 'range(02/05-02/15)', 'exclude': ['christmas', 'easter', 'halloween', 'latinx', 'women']} |
[2025-07-01 13:54:31,384] [meta.py:1263]              [DEBUG]    | Template Variables: {'emoji': {'years': '', 'valentine': '', 'patrick': '', 'easter': '', 'mother': '', 'memorial': '', 'father': '', 'independence': '', 'labor': '', 'halloween': '', 'veteran': '', 'thanksgiving': '', 'christmas': '', 'aapi': '', 'disabilities': '', 'lgbtq': '', 'latinx': '', 'women': '', 'black_history': ''}, 'schedule': {'years': 'range(12/26-01/04)', 'valentine': 'range(02/01-02/29)', 'patrick': 'range(03/01-03/18)', 'easter': 'range(03/20-04/30)', 'mother': 'range(05/05-05/10)', 'memorial': 'range(5/18-6/7)', 'father': 'range(06/15-06/20)', 'independence': 'range(06/23-07/11)', 'labor': 'range(09/01-09/10)', 'halloween': 'range(10/01-10/31)', 'veteran': 'range(11/01-11/30)', 'thanksgiving': 'range(11/01-11/30)', 'christmas': 'range(12/01-12/31)', 'aapi': 'range(04/30-05/31)', 'disabilities': 'range(12/02-12/04)', 'black_history': 'range(02/01-03/01)', 'lgbtq': 'range(05/31-06/30)', 'latinx': 'range(09/15-10/15)', 'women': 'range(02/28-03/31)'}, 'imdb_search': {'years': {'list.any': 'ls066838460', 'limit': 500}, 'black_history': {'list.any': 'ls023525790', 'limit': 500}, 'disabilities': {'keyword.any': 'disability', 'limit': 500}, 'valentine': {'list.any': ['ls032692441', 'ls000094398', 'ls057783436', 'ls064427905'], 'limit': 500}, 'patrick': {'list.any': 'ls067580975', 'limit': 500}, 'easter': {'list.any': ['ls062665509', 'ls051733651'], 'limit': 500}, 'mother': {'keyword.any': 'motherhood, pregnancy', 'limit': 500}, 'memorial': {'list.any': 'ls526590990', 'limit': 500}, 'father': {'keyword.any': 'fatherhood', 'limit': 500}, 'independence': {'list.any': ['ls561449172', 'ls541213215', 'ls068664510', 'ls080925875'], 'limit': 500}, 'labor': {'list.any': 'ls002014923', 'limit': 500}, 'lgbtq': {'list.any': 'ls080580859', 'limit': 500}, 'halloween': {'list.any': ['ls546214737', 'ls023118929', 'ls000099714'], 'limit': 500}, 'veteran': {'list.any': ['ls526590990', 'ls565595526'], 'limit': 500}, 'thanksgiving': {'keyword.any': 'thanksgiving', 'limit': 500}, 'women': {'type': 'movie', 'keyword.any': "women in film, women's rights, women's suffrage, womens rights, womens suffrage", 'sort_by': 'rating.desc', 'limit': 500}}, 'tmdb_collection': {'halloween': [185103, 11716, 750822, 313086, 91361, 8581, 1733, 8091, 2980, 751156]}, 'tmdb_movie': {'halloween': [23437]}, 'mdblist_list': {'aapi': ['https://mdblist.com/lists/k0meta/asian-american-pacific-islander-heritage-month'], 'christmas': ['https://mdblist.com/lists/k0meta/external/46597'], 'disabilities': ['https://mdblist.com/lists/k0meta/day-of-persons-with-disabilities'], 'lgbtq': ['https://mdblist.com/lists/k0meta/lgbtq-pride-month'], 'latinx': ['https://mdblist.com/lists/k0meta/latinx-heritage-month']}, 'letterboxd_list': {'black_history': ['https://letterboxd.com/mardarrius/list/black-is-beautiful/']}, 'delete_collections_named': {'years': "🎊 New Year's Day Movies", 'valentine': "💘 Valentine's Day Movies", 'patrick': "☘ St. Patrick's Day Movies", 'easter': '🐰 Easter Movies', 'mother': "🤱 Mother's Day Movies", 'memorial': '🪖 Memorial Day Movies', 'father': "👨 Father's Day Movies", 'independence': '🎆 Independence Day Movies', 'labor': '⚒ Labor Day Movies', 'halloween': '🎃 Halloween Movies', 'veteran': "🎖 Veteran's Day Movies", 'thanksgiving': '🦃 Thanksgiving Movies', 'christmas': '🎅 Christmas Movies', 'aapi': '🌊🌺 Asian American Pacific Islander Movies', 'disabilities': '♿ Disability Month Movies', 'black_history': '✊ 🏿 Black History Month Movies', 'lgbtq': 'L🏳️\u200d🌈 LGBTQ Month Movies', 'latinx': '🪅 National Hispanic Heritage Movies', 'women': "🚺 Women's History Month Movies"}, 'visible_home': {'default': True}, 'visible_shared': {'default': True}, 'image': {'default': 'seasonal/<<key>>'}, 'translation_key': {'default': 'seasonal'}} |
[2025-07-01 13:54:31,384] [meta.py:1264]              [DEBUG]    | Remove Prefix: []                                                                                  |
[2025-07-01 13:54:31,384] [meta.py:1265]              [DEBUG]    | Remove Suffix: []                                                                                  |
[2025-07-01 13:54:31,384] [meta.py:1266]              [DEBUG]    | Title Format: <<key_name>> Movies                                                                  |
[2025-07-01 13:54:31,384] [meta.py:1267]              [DEBUG]    | Key Name Override: {}                                                                              |
[2025-07-01 13:54:31,384] [meta.py:1268]              [DEBUG]    | Title Override: {}                                                                                 |
[2025-07-01 13:54:31,385] [meta.py:1269]              [DEBUG]    | Custom Keys: True                                                                                  |
[2025-07-01 13:54:31,385] [meta.py:1270]              [DEBUG]    | Test: False                                                                                        |
[2025-07-01 13:54:31,385] [meta.py:1271]              [DEBUG]    | Sync: {}                                                                                           |
[2025-07-01 13:54:31,385] [meta.py:1272]              [DEBUG]    | Include: []                                                                                        |
[2025-07-01 13:54:31,385] [meta.py:1273]              [DEBUG]    | Other Name: None                                                                                   |
[2025-07-01 13:54:31,385] [meta.py:1274]              [DEBUG]    | All Keys: dict_keys(['years', 'valentine', 'patrick', 'easter', 'mother', 'memorial', 'father', 'independence', 'labor', 'halloween', 'veteran', 'thanksgiving', 'christmas', 'aapi', 'disabilities', 'black_history', 'lgbtq', 'latinx', 'women']) |
[2025-07-01 13:54:31,386] [meta.py:1277]              [DEBUG]    | Keys (Title):                                                                                      |
[2025-07-01 13:54:31,386] [meta.py:1279]              [DEBUG]    |   - years (New Year's Day)                                                                         |
[2025-07-01 13:54:31,386] [meta.py:1279]              [DEBUG]    |   - valentine (Valentine's Day)                                                                    |
[2025-07-01 13:54:31,386] [meta.py:1279]              [DEBUG]    |   - patrick (St. Patrick's Day)                                                                    |
[2025-07-01 13:54:31,386] [meta.py:1279]              [DEBUG]    |   - mother (Mother's Day)                                                                          |
[2025-07-01 13:54:31,386] [meta.py:1279]              [DEBUG]    |   - memorial (Memorial Day)                                                                        |
[2025-07-01 13:54:31,386] [meta.py:1279]              [DEBUG]    |   - father (Father's Day)                                                                          |
[2025-07-01 13:54:31,386] [meta.py:1279]              [DEBUG]    |   - independence (Independence Day)                                                                |
[2025-07-01 13:54:31,386] [meta.py:1279]              [DEBUG]    |   - labor (Labor Day)                                                                              |
[2025-07-01 13:54:31,387] [meta.py:1279]              [DEBUG]    |   - veteran (Veteran's Day)                                                                        |
[2025-07-01 13:54:31,387] [meta.py:1279]              [DEBUG]    |   - thanksgiving (Thanksgiving)                                                                    |
[2025-07-01 13:54:31,387] [meta.py:1279]              [DEBUG]    |   - aapi (Asian American & Pacific Islander Heritage Month)                                        |
[2025-07-01 13:54:31,387] [meta.py:1279]              [DEBUG]    |   - disabilities (Day of Persons with Disabilities)                                                |
[2025-07-01 13:54:31,388] [meta.py:1279]              [DEBUG]    |   - black_history (Black History Month)                                                            |
[2025-07-01 13:54:31,388] [meta.py:1279]              [DEBUG]    |   - lgbtq (LGBTQ+ Pride Month)                                                                     |
[2025-07-01 13:54:31,388] [meta.py:1322]              [WARNING]  | Config Warning: Skipping duplicate collection: New Year's Day Movies                               |
[2025-07-01 13:54:31,388] [meta.py:1322]              [WARNING]  | Config Warning: Skipping duplicate collection: Valentine's Day Movies                              |
[2025-07-01 13:54:31,388] [meta.py:1324]              [INFO]     | [{'value': ['patrick'], 'custom': ['patrick'], 'key_name': "St. Patrick's Day", 'key': 'patrick', 'emoji': '', 'schedule': 'range(03/01-03/18)', 'imdb_search': {'list.any': 'ls067580975', 'limit': 500}, 'delete_collections_named': "☘ St. Patrick's Day Movies", 'visible_home': True, 'visible_shared': True, 'image': 'seasonal/<<key>>', 'translation_key': 'seasonal', 'name': 'holiday'}, {'value': ['patrick'], 'custom': ['patrick'], 'key_name': "St. Patrick's Day", 'key': 'patrick', 'emoji': '', 'schedule': 'range(03/01-03/18)', 'imdb_search': {'list.any': 'ls067580975', 'limit': 500}, 'delete_collections_named': "☘ St. Patrick's Day Movies", 'visible_home': True, 'visible_shared': True, 'image': 'seasonal/<<key>>', 'translation_key': 'seasonal', 'name': 'shared'}, {'value': ['patrick'], 'custom': ['patrick'], 'key_name': "St. Patrick's Day", 'key': 'patrick', 'emoji': '', 'schedule': 'range(03/01-03/18)', 'imdb_search': {'list.any': 'ls067580975', 'limit': 500}, 'delete_collections_named': "☘ St. Patrick's Day Movies", 'visible_home': True, 'visible_shared': True, 'image': 'seasonal/<<key>>', 'translation_key': 'seasonal', 'name': 'arr'}] |
[2025-07-01 13:54:31,388] [meta.py:1324]              [INFO]     | [{'value': ['mother'], 'custom': ['mother'], 'key_name': "Mother's Day", 'key': 'mother', 'emoji': '', 'schedule': 'range(05/05-05/10)', 'imdb_search': {'keyword.any': 'motherhood, pregnancy', 'limit': 500}, 'delete_collections_named': "🤱 Mother's Day Movies", 'visible_home': True, 'visible_shared': True, 'image': 'seasonal/<<key>>', 'translation_key': 'seasonal', 'name': 'holiday'}, {'value': ['mother'], 'custom': ['mother'], 'key_name': "Mother's Day", 'key': 'mother', 'emoji': '', 'schedule': 'range(05/05-05/10)', 'imdb_search': {'keyword.any': 'motherhood, pregnancy', 'limit': 500}, 'delete_collections_named': "🤱 Mother's Day Movies", 'visible_home': True, 'visible_shared': True, 'image': 'seasonal/<<key>>', 'translation_key': 'seasonal', 'name': 'shared'}, {'value': ['mother'], 'custom': ['mother'], 'key_name': "Mother's Day", 'key': 'mother', 'emoji': '', 'schedule': 'range(05/05-05/10)', 'imdb_search': {'keyword.any': 'motherhood, pregnancy', 'limit': 500}, 'delete_collections_named': "🤱 Mother's Day Movies", 'visible_home': True, 'visible_shared': True, 'image': 'seasonal/<<key>>', 'translation_key': 'seasonal', 'name': 'arr'}] |
[2025-07-01 13:54:31,389] [meta.py:1324]              [INFO]     | [{'value': ['memorial'], 'custom': ['memorial'], 'key_name': 'Memorial Day', 'key': 'memorial', 'emoji': '', 'schedule': 'range(5/18-6/7)', 'imdb_search': {'list.any': 'ls526590990', 'limit': 500}, 'delete_collections_named': '🪖 Memorial Day Movies', 'visible_home': True, 'visible_shared': True, 'image': 'seasonal/<<key>>', 'translation_key': 'seasonal', 'name': 'holiday'}, {'value': ['memorial'], 'custom': ['memorial'], 'key_name': 'Memorial Day', 'key': 'memorial', 'emoji': '', 'schedule': 'range(5/18-6/7)', 'imdb_search': {'list.any': 'ls526590990', 'limit': 500}, 'delete_collections_named': '🪖 Memorial Day Movies', 'visible_home': True, 'visible_shared': True, 'image': 'seasonal/<<key>>', 'translation_key': 'seasonal', 'name': 'shared'}, {'value': ['memorial'], 'custom': ['memorial'], 'key_name': 'Memorial Day', 'key': 'memorial', 'emoji': '', 'schedule': 'range(5/18-6/7)', 'imdb_search': {'list.any': 'ls526590990', 'limit': 500}, 'delete_collections_named': '🪖 Memorial Day Movies', 'visible_home': True, 'visible_shared': True, 'image': 'seasonal/<<key>>', 'translation_key': 'seasonal', 'name': 'arr'}] |
[2025-07-01 13:54:31,389] [meta.py:1324]              [INFO]     | [{'value': ['father'], 'custom': ['father'], 'key_name': "Father's Day", 'key': 'father', 'emoji': '', 'schedule': 'range(06/15-06/20)', 'imdb_search': {'keyword.any': 'fatherhood', 'limit': 500}, 'delete_collections_named': "👨 Father's Day Movies", 'visible_home': True, 'visible_shared': True, 'image': 'seasonal/<<key>>', 'translation_key': 'seasonal', 'name': 'holiday'}, {'value': ['father'], 'custom': ['father'], 'key_name': "Father's Day", 'key': 'father', 'emoji': '', 'schedule': 'range(06/15-06/20)', 'imdb_search': {'keyword.any': 'fatherhood', 'limit': 500}, 'delete_collections_named': "👨 Father's Day Movies", 'visible_home': True, 'visible_shared': True, 'image': 'seasonal/<<key>>', 'translation_key': 'seasonal', 'name': 'shared'}, {'value': ['father'], 'custom': ['father'], 'key_name': "Father's Day", 'key': 'father', 'emoji': '', 'schedule': 'range(06/15-06/20)', 'imdb_search': {'keyword.any': 'fatherhood', 'limit': 500}, 'delete_collections_named': "👨 Father's Day Movies", 'visible_home': True, 'visible_shared': True, 'image': 'seasonal/<<key>>', 'translation_key': 'seasonal', 'name': 'arr'}] |
[2025-07-01 13:54:31,389] [meta.py:1324]              [INFO]     | [{'value': ['independence'], 'custom': ['independence'], 'key_name': 'Independence Day', 'key': 'independence', 'emoji': '', 'schedule': 'range(06/23-07/11)', 'imdb_search': {'list.any': ['ls561449172', 'ls541213215', 'ls068664510', 'ls080925875'], 'limit': 500}, 'delete_collections_named': '🎆 Independence Day Movies', 'visible_home': True, 'visible_shared': True, 'image': 'seasonal/<<key>>', 'translation_key': 'seasonal', 'name': 'holiday'}, {'value': ['independence'], 'custom': ['independence'], 'key_name': 'Independence Day', 'key': 'independence', 'emoji': '', 'schedule': 'range(06/23-07/11)', 'imdb_search': {'list.any': ['ls561449172', 'ls541213215', 'ls068664510', 'ls080925875'], 'limit': 500}, 'delete_collections_named': '🎆 Independence Day Movies', 'visible_home': True, 'visible_shared': True, 'image': 'seasonal/<<key>>', 'translation_key': 'seasonal', 'name': 'shared'}, {'value': ['independence'], 'custom': ['independence'], 'key_name': 'Independence Day', 'key': 'independence', 'emoji': '', 'schedule': 'range(06/23-07/11)', 'imdb_search': {'list.any': ['ls561449172', 'ls541213215', 'ls068664510', 'ls080925875'], 'limit': 500}, 'delete_collections_named': '🎆 Independence Day Movies', 'visible_home': True, 'visible_shared': True, 'image': 'seasonal/<<key>>', 'translation_key': 'seasonal', 'name': 'arr'}] |
[2025-07-01 13:54:31,389] [meta.py:1324]              [INFO]     | [{'value': ['labor'], 'custom': ['labor'], 'key_name': 'Labor Day', 'key': 'labor', 'emoji': '', 'schedule': 'range(09/01-09/10)', 'imdb_search': {'list.any': 'ls002014923', 'limit': 500}, 'delete_collections_named': '⚒ Labor Day Movies', 'visible_home': True, 'visible_shared': True, 'image': 'seasonal/<<key>>', 'translation_key': 'seasonal', 'name': 'holiday'}, {'value': ['labor'], 'custom': ['labor'], 'key_name': 'Labor Day', 'key': 'labor', 'emoji': '', 'schedule': 'range(09/01-09/10)', 'imdb_search': {'list.any': 'ls002014923', 'limit': 500}, 'delete_collections_named': '⚒ Labor Day Movies', 'visible_home': True, 'visible_shared': True, 'image': 'seasonal/<<key>>', 'translation_key': 'seasonal', 'name': 'shared'}, {'value': ['labor'], 'custom': ['labor'], 'key_name': 'Labor Day', 'key': 'labor', 'emoji': '', 'schedule': 'range(09/01-09/10)', 'imdb_search': {'list.any': 'ls002014923', 'limit': 500}, 'delete_collections_named': '⚒ Labor Day Movies', 'visible_home': True, 'visible_shared': True, 'image': 'seasonal/<<key>>', 'translation_key': 'seasonal', 'name': 'arr'}] |
[2025-07-01 13:54:31,389] [meta.py:1324]              [INFO]     | [{'value': ['veteran'], 'custom': ['veteran'], 'key_name': "Veteran's Day", 'key': 'veteran', 'emoji': '', 'schedule': 'range(11/01-11/30)', 'imdb_search': {'list.any': ['ls526590990', 'ls565595526'], 'limit': 500}, 'delete_collections_named': "🎖 Veteran's Day Movies", 'visible_home': True, 'visible_shared': True, 'image': 'seasonal/<<key>>', 'translation_key': 'seasonal', 'name': 'holiday'}, {'value': ['veteran'], 'custom': ['veteran'], 'key_name': "Veteran's Day", 'key': 'veteran', 'emoji': '', 'schedule': 'range(11/01-11/30)', 'imdb_search': {'list.any': ['ls526590990', 'ls565595526'], 'limit': 500}, 'delete_collections_named': "🎖 Veteran's Day Movies", 'visible_home': True, 'visible_shared': True, 'image': 'seasonal/<<key>>', 'translation_key': 'seasonal', 'name': 'shared'}, {'value': ['veteran'], 'custom': ['veteran'], 'key_name': "Veteran's Day", 'key': 'veteran', 'emoji': '', 'schedule': 'range(11/01-11/30)', 'imdb_search': {'list.any': ['ls526590990', 'ls565595526'], 'limit': 500}, 'delete_collections_named': "🎖 Veteran's Day Movies", 'visible_home': True, 'visible_shared': True, 'image': 'seasonal/<<key>>', 'translation_key': 'seasonal', 'name': 'arr'}] |
[2025-07-01 13:54:31,389] [meta.py:1322]              [WARNING]  | Config Warning: Skipping duplicate collection: Thanksgiving Movies                                 |
[2025-07-01 13:54:31,389] [meta.py:1324]              [INFO]     | [{'value': ['aapi'], 'custom': ['aapi'], 'key_name': 'Asian American & Pacific Islander Heritage Month', 'key': 'aapi', 'emoji': '', 'schedule': 'range(04/30-05/31)', 'mdblist_list': ['https://mdblist.com/lists/k0meta/asian-american-pacific-islander-heritage-month'], 'delete_collections_named': '🌊🌺 Asian American Pacific Islander Movies', 'visible_home': True, 'visible_shared': True, 'image': 'seasonal/<<key>>', 'translation_key': 'seasonal', 'name': 'holiday'}, {'value': ['aapi'], 'custom': ['aapi'], 'key_name': 'Asian American & Pacific Islander Heritage Month', 'key': 'aapi', 'emoji': '', 'schedule': 'range(04/30-05/31)', 'mdblist_list': ['https://mdblist.com/lists/k0meta/asian-american-pacific-islander-heritage-month'], 'delete_collections_named': '🌊🌺 Asian American Pacific Islander Movies', 'visible_home': True, 'visible_shared': True, 'image': 'seasonal/<<key>>', 'translation_key': 'seasonal', 'name': 'shared'}, {'value': ['aapi'], 'custom': ['aapi'], 'key_name': 'Asian American & Pacific Islander Heritage Month', 'key': 'aapi', 'emoji': '', 'schedule': 'range(04/30-05/31)', 'mdblist_list': ['https://mdblist.com/lists/k0meta/asian-american-pacific-islander-heritage-month'], 'delete_collections_named': '🌊🌺 Asian American Pacific Islander Movies', 'visible_home': True, 'visible_shared': True, 'image': 'seasonal/<<key>>', 'translation_key': 'seasonal', 'name': 'arr'}] |
[2025-07-01 13:54:31,389] [meta.py:1324]              [INFO]     | [{'value': ['disabilities'], 'custom': ['disabilities'], 'key_name': 'Day of Persons with Disabilities', 'key': 'disabilities', 'emoji': '', 'schedule': 'range(12/02-12/04)', 'imdb_search': {'keyword.any': 'disability', 'limit': 500}, 'mdblist_list': ['https://mdblist.com/lists/k0meta/day-of-persons-with-disabilities'], 'delete_collections_named': '♿ Disability Month Movies', 'visible_home': True, 'visible_shared': True, 'image': 'seasonal/<<key>>', 'translation_key': 'seasonal', 'name': 'holiday'}, {'value': ['disabilities'], 'custom': ['disabilities'], 'key_name': 'Day of Persons with Disabilities', 'key': 'disabilities', 'emoji': '', 'schedule': 'range(12/02-12/04)', 'imdb_search': {'keyword.any': 'disability', 'limit': 500}, 'mdblist_list': ['https://mdblist.com/lists/k0meta/day-of-persons-with-disabilities'], 'delete_collections_named': '♿ Disability Month Movies', 'visible_home': True, 'visible_shared': True, 'image': 'seasonal/<<key>>', 'translation_key': 'seasonal', 'name': 'shared'}, {'value': ['disabilities'], 'custom': ['disabilities'], 'key_name': 'Day of Persons with Disabilities', 'key': 'disabilities', 'emoji': '', 'schedule': 'range(12/02-12/04)', 'imdb_search': {'keyword.any': 'disability', 'limit': 500}, 'mdblist_list': ['https://mdblist.com/lists/k0meta/day-of-persons-with-disabilities'], 'delete_collections_named': '♿ Disability Month Movies', 'visible_home': True, 'visible_shared': True, 'image': 'seasonal/<<key>>', 'translation_key': 'seasonal', 'name': 'arr'}] |
[2025-07-01 13:54:31,390] [meta.py:1324]              [INFO]     | [{'value': ['black_history'], 'custom': ['black_history'], 'key_name': 'Black History Month', 'key': 'black_history', 'emoji': '', 'schedule': 'range(02/01-03/01)', 'imdb_search': {'list.any': 'ls023525790', 'limit': 500}, 'letterboxd_list': ['https://letterboxd.com/mardarrius/list/black-is-beautiful/'], 'delete_collections_named': '✊ 🏿 Black History Month Movies', 'visible_home': True, 'visible_shared': True, 'image': 'seasonal/<<key>>', 'translation_key': 'seasonal', 'name': 'holiday'}, {'value': ['black_history'], 'custom': ['black_history'], 'key_name': 'Black History Month', 'key': 'black_history', 'emoji': '', 'schedule': 'range(02/01-03/01)', 'imdb_search': {'list.any': 'ls023525790', 'limit': 500}, 'letterboxd_list': ['https://letterboxd.com/mardarrius/list/black-is-beautiful/'], 'delete_collections_named': '✊ 🏿 Black History Month Movies', 'visible_home': True, 'visible_shared': True, 'image': 'seasonal/<<key>>', 'translation_key': 'seasonal', 'name': 'shared'}, {'value': ['black_history'], 'custom': ['black_history'], 'key_name': 'Black History Month', 'key': 'black_history', 'emoji': '', 'schedule': 'range(02/01-03/01)', 'imdb_search': {'list.any': 'ls023525790', 'limit': 500}, 'letterboxd_list': ['https://letterboxd.com/mardarrius/list/black-is-beautiful/'], 'delete_collections_named': '✊ 🏿 Black History Month Movies', 'visible_home': True, 'visible_shared': True, 'image': 'seasonal/<<key>>', 'translation_key': 'seasonal', 'name': 'arr'}] |
[2025-07-01 13:54:31,390] [meta.py:1324]              [INFO]     | [{'value': ['lgbtq'], 'custom': ['lgbtq'], 'key_name': 'LGBTQ+ Pride Month', 'key': 'lgbtq', 'emoji': '', 'schedule': 'range(05/31-06/30)', 'imdb_search': {'list.any': 'ls080580859', 'limit': 500}, 'mdblist_list': ['https://mdblist.com/lists/k0meta/lgbtq-pride-month'], 'delete_collections_named': 'L🏳️\u200d🌈 LGBTQ Month Movies', 'visible_home': True, 'visible_shared': True, 'image': 'seasonal/<<key>>', 'translation_key': 'seasonal', 'name': 'holiday'}, {'value': ['lgbtq'], 'custom': ['lgbtq'], 'key_name': 'LGBTQ+ Pride Month', 'key': 'lgbtq', 'emoji': '', 'schedule': 'range(05/31-06/30)', 'imdb_search': {'list.any': 'ls080580859', 'limit': 500}, 'mdblist_list': ['https://mdblist.com/lists/k0meta/lgbtq-pride-month'], 'delete_collections_named': 'L🏳️\u200d🌈 LGBTQ Month Movies', 'visible_home': True, 'visible_shared': True, 'image': 'seasonal/<<key>>', 'translation_key': 'seasonal', 'name': 'shared'}, {'value': ['lgbtq'], 'custom': ['lgbtq'], 'key_name': 'LGBTQ+ Pride Month', 'key': 'lgbtq', 'emoji': '', 'schedule': 'range(05/31-06/30)', 'imdb_search': {'list.any': 'ls080580859', 'limit': 500}, 'mdblist_list': ['https://mdblist.com/lists/k0meta/lgbtq-pride-month'], 'delete_collections_named': 'L🏳️\u200d🌈 LGBTQ Month Movies', 'visible_home': True, 'visible_shared': True, 'image': 'seasonal/<<key>>', 'translation_key': 'seasonal', 'name': 'arr'}] |
[2025-07-01 13:54:31,390] [meta.py:1374]              [INFO]     |                                                                                                    |
[2025-07-01 13:54:31,390] [meta.py:1375]              [INFO]     | Collection File Loaded Successfully                                                                |
[2025-07-01 13:54:31,390] [meta.py:71]                [INFO]     |                                                                                                    |
[2025-07-01 13:54:31,390] [meta.py:72]                [INFO]     |====================================================================================================|
[2025-07-01 13:54:31,390] [meta.py:72]                [INFO]     |                             Loading Collection File Default: tautulli                              |
[2025-07-01 13:54:31,390] [meta.py:72]                [INFO]     |====================================================================================================|
[2025-07-01 13:54:31,390] [meta.py:73]                [INFO]     |                                                                                                    |
[2025-07-01 13:54:31,393] [meta.py:165]               [DEBUG]    | File Loaded From: /defaults/chart/tautulli.yml                                                     |
[2025-07-01 13:54:31,393] [util.py:324]               [INFO]     |                                                                                                    |
[2025-07-01 13:54:31,393] [util.py:329]               [INFO]     | Reading default: templates                                                                         |
[2025-07-01 13:54:31,393] [util.py:368]               [INFO]     | Template Variables: {'collection_section': '020', 'image': 'chart/<<style>>/<<mapping_name_encoded>>'} |
[2025-07-01 13:54:31,407] [meta.py:165]               [DEBUG]    | File Loaded From: /defaults/templates.yml                                                          |
[2025-07-01 13:54:31,407] [meta.py:1374]              [INFO]     |                                                                                                    |
[2025-07-01 13:54:31,408] [meta.py:1375]              [INFO]     | Collection File Loaded Successfully                                                                |
[2025-07-01 13:54:31,408] [meta.py:71]                [INFO]     |                                                                                                    |
[2025-07-01 13:54:31,408] [meta.py:72]                [INFO]     |====================================================================================================|
[2025-07-01 13:54:31,408] [meta.py:72]                [INFO]     |                             Loading Collection File Default: universe                              |
[2025-07-01 13:54:31,408] [meta.py:72]                [INFO]     |====================================================================================================|
[2025-07-01 13:54:31,408] [meta.py:73]                [INFO]     |                                                                                                    |
[2025-07-01 13:54:31,414] [meta.py:165]               [DEBUG]    | File Loaded From: /defaults/both/universe.yml                                                      |
[2025-07-01 13:54:31,414] [util.py:324]               [INFO]     |                                                                                                    |
[2025-07-01 13:54:31,414] [util.py:329]               [INFO]     | Reading default: templates                                                                         |
[2025-07-01 13:54:31,414] [util.py:368]               [INFO]     | Template Variables: {'collection_section': '040'}                                                  |
[2025-07-01 13:54:31,428] [meta.py:165]               [DEBUG]    | File Loaded From: /defaults/templates.yml                                                          |
[2025-07-01 13:54:31,428] [meta.py:788]               [INFO]     |                                                                                                    |
[2025-07-01 13:54:31,428] [meta.py:789]               [INFO]     |======================== Building Universe Collections Dynamic Collections =========================|
[2025-07-01 13:54:31,428] [meta.py:790]               [INFO]     |                                                                                                    |
[2025-07-01 13:54:31,428] [meta.py:1254]              [DEBUG]    | Mapping Name: Universe Collections                                                                 |
[2025-07-01 13:54:31,428] [meta.py:1255]              [DEBUG]    | Type: custom                                                                                       |
[2025-07-01 13:54:31,429] [meta.py:1256]              [DEBUG]    | Data: {'avp': 'Alien / Predator', 'arrow': 'Arrowverse', 'askew': 'View Askewniverse', 'dca': 'DC Animated Universe', 'dcu': 'DC Universe', 'fast': 'Fast & Furious', 'marvel': 'In Association With Marvel', 'mcu': 'Marvel Cinematic Universe', 'middle': 'Middle Earth', 'rocky': 'Rocky / Creed', 'trek': 'Star Trek Universe', 'star': 'Star Wars Saga', 'mummy': 'The Mummy Universe', 'wizard': 'Wizarding World', 'xmen': 'X-Men Collection'} |
[2025-07-01 13:54:31,429] [meta.py:1257]              [DEBUG]    | Exclude: ['marvel', 'mummy', 'rocky']                                                              |
[2025-07-01 13:54:31,429] [meta.py:1258]              [DEBUG]    | Exclude Final: ['marvel', 'mummy', 'rocky']                                                        |
[2025-07-01 13:54:31,429] [meta.py:1259]              [DEBUG]    | Addons: {}                                                                                         |
[2025-07-01 13:54:31,429] [meta.py:1260]              [DEBUG]    | Template: ['universe', 'arr', 'custom', 'shared']                                                  |
[2025-07-01 13:54:31,430] [meta.py:1261]              [DEBUG]    | Other Template: ['universe', 'arr', 'custom', 'shared']                                            |
[2025-07-01 13:54:31,430] [meta.py:1262]              [DEBUG]    | Library Variables: {'trakt_list_avp': 'https://trakt.tv/users/oldmankestis/lists/alien-predator', 'trakt_list_mcu': 'https://trakt.tv/users/oldmankestis/lists/marvel-cinematic-universe', 'trakt_list_star': 'https://trakt.tv/users/oldmankestis/lists/star-wars', 'trakt_list_trek': 'https://trakt.tv/users/oldmankestis/lists/star-trek', 'trakt_list_xmen': 'https://trakt.tv/users/oldmankestis/lists/x-men-collection', 'summary_mcu': 'The Marvel Cinematic Universe (MCU) is an American media franchise and shared universe centered on a series of superhero films produced by Marvel Studios. Sorted in chronological order.', 'summary_xmen': 'The X-Men Collection. Sorted in chronological order.', 'minimum_items': 3, 'append_data': {'star': 'Star Wars Saga', 'trek': 'Star Trek Universe', 'xmen': 'X-Men Collection'}, 'exclude': ['marvel', 'mummy', 'rocky'], 'collection_section': '106'} |
[2025-07-01 13:54:31,430] [meta.py:1263]              [DEBUG]    | Template Variables: {'allowed_libraries': {'avp': 'movie', 'wizard': 'movie', 'fast': 'movie', 'rocky': 'movie', 'mummy': 'movie'}, 'imdb_url': {'arrow': 'https://www.imdb.com/list/ls566667558/', 'avp': 'https://www.imdb.com/list/ls543971628/', 'dca': 'https://www.imdb.com/list/ls590606031/', 'dcu': 'https://www.imdb.com/list/ls524274984/', 'mcu': 'https://www.imdb.com/list/ls539646485/', 'star': 'https://www.imdb.com/list/ls501373412/', 'trek': 'https://www.imdb.com/list/ls547463722/', 'xmen': 'https://www.imdb.com/list/ls567618635/'}, 'mdblist_url': {'fast': 'https://mdblist.com/lists/k0meta/external/9246', 'marvel': 'https://mdblist.com/lists/k0meta/external/15110', 'middle': 'https://mdblist.com/lists/k0meta/external/46550', 'mummy': 'https://mdblist.com/lists/k0meta/external/9249', 'rocky': 'https://mdblist.com/lists/k0meta/external/9248', 'askew': 'https://mdblist.com/lists/k0meta/external/15362', 'wizard': 'https://mdblist.com/lists/k0meta/external/23683'}, 'image': {'default': 'universe/<<key>>'}, 'delete_collections_named': {'dcu': 'DC Extended Universe'}} |
[2025-07-01 13:54:31,430] [meta.py:1264]              [DEBUG]    | Remove Prefix: []                                                                                  |
[2025-07-01 13:54:31,430] [meta.py:1265]              [DEBUG]    | Remove Suffix: []                                                                                  |
[2025-07-01 13:54:31,430] [meta.py:1266]              [DEBUG]    | Title Format: <<key_name>>                                                                         |
[2025-07-01 13:54:31,430] [meta.py:1267]              [DEBUG]    | Key Name Override: {}                                                                              |
[2025-07-01 13:54:31,431] [meta.py:1268]              [DEBUG]    | Title Override: {}                                                                                 |
[2025-07-01 13:54:31,431] [meta.py:1269]              [DEBUG]    | Custom Keys: True                                                                                  |
[2025-07-01 13:54:31,431] [meta.py:1270]              [DEBUG]    | Test: False                                                                                        |
[2025-07-01 13:54:31,432] [meta.py:1271]              [DEBUG]    | Sync: {}                                                                                           |
[2025-07-01 13:54:31,432] [meta.py:1272]              [DEBUG]    | Include: []                                                                                        |
[2025-07-01 13:54:31,432] [meta.py:1273]              [DEBUG]    | Other Name: None                                                                                   |
[2025-07-01 13:54:31,433] [meta.py:1274]              [DEBUG]    | All Keys: dict_keys(['avp', 'arrow', 'askew', 'dca', 'dcu', 'fast', 'marvel', 'mcu', 'middle', 'rocky', 'trek', 'star', 'mummy', 'wizard', 'xmen']) |
[2025-07-01 13:54:31,433] [meta.py:1277]              [DEBUG]    | Keys (Title):                                                                                      |
[2025-07-01 13:54:31,433] [meta.py:1279]              [DEBUG]    |   - avp (Alien / Predator)                                                                         |
[2025-07-01 13:54:31,433] [meta.py:1279]              [DEBUG]    |   - arrow (Arrowverse)                                                                             |
[2025-07-01 13:54:31,434] [meta.py:1279]              [DEBUG]    |   - askew (View Askewniverse)                                                                      |
[2025-07-01 13:54:31,434] [meta.py:1279]              [DEBUG]    |   - dca (DC Animated Universe)                                                                     |
[2025-07-01 13:54:31,434] [meta.py:1279]              [DEBUG]    |   - dcu (DC Universe)                                                                              |
[2025-07-01 13:54:31,434] [meta.py:1279]              [DEBUG]    |   - fast (Fast & Furious)                                                                          |
[2025-07-01 13:54:31,435] [meta.py:1279]              [DEBUG]    |   - mcu (Marvel Cinematic Universe)                                                                |
[2025-07-01 13:54:31,435] [meta.py:1279]              [DEBUG]    |   - middle (Middle Earth)                                                                          |
[2025-07-01 13:54:31,435] [meta.py:1279]              [DEBUG]    |   - trek (Star Trek Universe)                                                                      |
[2025-07-01 13:54:31,435] [meta.py:1279]              [DEBUG]    |   - star (Star Wars Saga)                                                                          |
[2025-07-01 13:54:31,435] [meta.py:1279]              [DEBUG]    |   - wizard (Wizarding World)                                                                       |
[2025-07-01 13:54:31,435] [meta.py:1279]              [DEBUG]    |   - xmen (X-Men Collection)                                                                        |
[2025-07-01 13:54:31,435] [meta.py:1324]              [INFO]     | [{'value': ['avp'], 'custom': ['avp'], 'key_name': 'Alien / Predator', 'key': 'avp', 'allowed_libraries': 'movie', 'imdb_url': 'https://www.imdb.com/list/ls543971628/', 'image': 'universe/<<key>>', 'name': 'universe'}, {'value': ['avp'], 'custom': ['avp'], 'key_name': 'Alien / Predator', 'key': 'avp', 'allowed_libraries': 'movie', 'imdb_url': 'https://www.imdb.com/list/ls543971628/', 'image': 'universe/<<key>>', 'name': 'arr'}, {'value': ['avp'], 'custom': ['avp'], 'key_name': 'Alien / Predator', 'key': 'avp', 'allowed_libraries': 'movie', 'imdb_url': 'https://www.imdb.com/list/ls543971628/', 'image': 'universe/<<key>>', 'name': 'custom'}, {'value': ['avp'], 'custom': ['avp'], 'key_name': 'Alien / Predator', 'key': 'avp', 'allowed_libraries': 'movie', 'imdb_url': 'https://www.imdb.com/list/ls543971628/', 'image': 'universe/<<key>>', 'name': 'shared'}] |
[2025-07-01 13:54:31,436] [meta.py:1322]              [WARNING]  | Config Warning: Skipping duplicate collection: Arrowverse                                          |
[2025-07-01 13:54:31,436] [meta.py:1324]              [INFO]     | [{'value': ['askew'], 'custom': ['askew'], 'key_name': 'View Askewniverse', 'key': 'askew', 'mdblist_url': 'https://mdblist.com/lists/k0meta/external/15362', 'image': 'universe/<<key>>', 'name': 'universe'}, {'value': ['askew'], 'custom': ['askew'], 'key_name': 'View Askewniverse', 'key': 'askew', 'mdblist_url': 'https://mdblist.com/lists/k0meta/external/15362', 'image': 'universe/<<key>>', 'name': 'arr'}, {'value': ['askew'], 'custom': ['askew'], 'key_name': 'View Askewniverse', 'key': 'askew', 'mdblist_url': 'https://mdblist.com/lists/k0meta/external/15362', 'image': 'universe/<<key>>', 'name': 'custom'}, {'value': ['askew'], 'custom': ['askew'], 'key_name': 'View Askewniverse', 'key': 'askew', 'mdblist_url': 'https://mdblist.com/lists/k0meta/external/15362', 'image': 'universe/<<key>>', 'name': 'shared'}] |
[2025-07-01 13:54:31,437] [meta.py:1324]              [INFO]     | [{'value': ['dca'], 'custom': ['dca'], 'key_name': 'DC Animated Universe', 'key': 'dca', 'imdb_url': 'https://www.imdb.com/list/ls590606031/', 'image': 'universe/<<key>>', 'name': 'universe'}, {'value': ['dca'], 'custom': ['dca'], 'key_name': 'DC Animated Universe', 'key': 'dca', 'imdb_url': 'https://www.imdb.com/list/ls590606031/', 'image': 'universe/<<key>>', 'name': 'arr'}, {'value': ['dca'], 'custom': ['dca'], 'key_name': 'DC Animated Universe', 'key': 'dca', 'imdb_url': 'https://www.imdb.com/list/ls590606031/', 'image': 'universe/<<key>>', 'name': 'custom'}, {'value': ['dca'], 'custom': ['dca'], 'key_name': 'DC Animated Universe', 'key': 'dca', 'imdb_url': 'https://www.imdb.com/list/ls590606031/', 'image': 'universe/<<key>>', 'name': 'shared'}] |
[2025-07-01 13:54:31,437] [meta.py:1324]              [INFO]     | [{'value': ['dcu'], 'custom': ['dcu'], 'key_name': 'DC Universe', 'key': 'dcu', 'imdb_url': 'https://www.imdb.com/list/ls524274984/', 'image': 'universe/<<key>>', 'delete_collections_named': 'DC Extended Universe', 'name': 'universe'}, {'value': ['dcu'], 'custom': ['dcu'], 'key_name': 'DC Universe', 'key': 'dcu', 'imdb_url': 'https://www.imdb.com/list/ls524274984/', 'image': 'universe/<<key>>', 'delete_collections_named': 'DC Extended Universe', 'name': 'arr'}, {'value': ['dcu'], 'custom': ['dcu'], 'key_name': 'DC Universe', 'key': 'dcu', 'imdb_url': 'https://www.imdb.com/list/ls524274984/', 'image': 'universe/<<key>>', 'delete_collections_named': 'DC Extended Universe', 'name': 'custom'}, {'value': ['dcu'], 'custom': ['dcu'], 'key_name': 'DC Universe', 'key': 'dcu', 'imdb_url': 'https://www.imdb.com/list/ls524274984/', 'image': 'universe/<<key>>', 'delete_collections_named': 'DC Extended Universe', 'name': 'shared'}] |
[2025-07-01 13:54:31,437] [meta.py:1324]              [INFO]     | [{'value': ['fast'], 'custom': ['fast'], 'key_name': 'Fast & Furious', 'key': 'fast', 'allowed_libraries': 'movie', 'mdblist_url': 'https://mdblist.com/lists/k0meta/external/9246', 'image': 'universe/<<key>>', 'name': 'universe'}, {'value': ['fast'], 'custom': ['fast'], 'key_name': 'Fast & Furious', 'key': 'fast', 'allowed_libraries': 'movie', 'mdblist_url': 'https://mdblist.com/lists/k0meta/external/9246', 'image': 'universe/<<key>>', 'name': 'arr'}, {'value': ['fast'], 'custom': ['fast'], 'key_name': 'Fast & Furious', 'key': 'fast', 'allowed_libraries': 'movie', 'mdblist_url': 'https://mdblist.com/lists/k0meta/external/9246', 'image': 'universe/<<key>>', 'name': 'custom'}, {'value': ['fast'], 'custom': ['fast'], 'key_name': 'Fast & Furious', 'key': 'fast', 'allowed_libraries': 'movie', 'mdblist_url': 'https://mdblist.com/lists/k0meta/external/9246', 'image': 'universe/<<key>>', 'name': 'shared'}] |
[2025-07-01 13:54:31,437] [meta.py:1322]              [WARNING]  | Config Warning: Skipping duplicate collection: Marvel Cinematic Universe                           |
[2025-07-01 13:54:31,437] [meta.py:1324]              [INFO]     | [{'value': ['middle'], 'custom': ['middle'], 'key_name': 'Middle Earth', 'key': 'middle', 'mdblist_url': 'https://mdblist.com/lists/k0meta/external/46550', 'image': 'universe/<<key>>', 'name': 'universe'}, {'value': ['middle'], 'custom': ['middle'], 'key_name': 'Middle Earth', 'key': 'middle', 'mdblist_url': 'https://mdblist.com/lists/k0meta/external/46550', 'image': 'universe/<<key>>', 'name': 'arr'}, {'value': ['middle'], 'custom': ['middle'], 'key_name': 'Middle Earth', 'key': 'middle', 'mdblist_url': 'https://mdblist.com/lists/k0meta/external/46550', 'image': 'universe/<<key>>', 'name': 'custom'}, {'value': ['middle'], 'custom': ['middle'], 'key_name': 'Middle Earth', 'key': 'middle', 'mdblist_url': 'https://mdblist.com/lists/k0meta/external/46550', 'image': 'universe/<<key>>', 'name': 'shared'}] |
[2025-07-01 13:54:31,438] [meta.py:1324]              [INFO]     | [{'value': ['trek'], 'custom': ['trek'], 'key_name': 'Star Trek Universe', 'key': 'trek', 'imdb_url': 'https://www.imdb.com/list/ls547463722/', 'image': 'universe/<<key>>', 'name': 'universe'}, {'value': ['trek'], 'custom': ['trek'], 'key_name': 'Star Trek Universe', 'key': 'trek', 'imdb_url': 'https://www.imdb.com/list/ls547463722/', 'image': 'universe/<<key>>', 'name': 'arr'}, {'value': ['trek'], 'custom': ['trek'], 'key_name': 'Star Trek Universe', 'key': 'trek', 'imdb_url': 'https://www.imdb.com/list/ls547463722/', 'image': 'universe/<<key>>', 'name': 'custom'}, {'value': ['trek'], 'custom': ['trek'], 'key_name': 'Star Trek Universe', 'key': 'trek', 'imdb_url': 'https://www.imdb.com/list/ls547463722/', 'image': 'universe/<<key>>', 'name': 'shared'}] |
[2025-07-01 13:54:31,438] [meta.py:1324]              [INFO]     | [{'value': ['star'], 'custom': ['star'], 'key_name': 'Star Wars Saga', 'key': 'star', 'imdb_url': 'https://www.imdb.com/list/ls501373412/', 'image': 'universe/<<key>>', 'name': 'universe'}, {'value': ['star'], 'custom': ['star'], 'key_name': 'Star Wars Saga', 'key': 'star', 'imdb_url': 'https://www.imdb.com/list/ls501373412/', 'image': 'universe/<<key>>', 'name': 'arr'}, {'value': ['star'], 'custom': ['star'], 'key_name': 'Star Wars Saga', 'key': 'star', 'imdb_url': 'https://www.imdb.com/list/ls501373412/', 'image': 'universe/<<key>>', 'name': 'custom'}, {'value': ['star'], 'custom': ['star'], 'key_name': 'Star Wars Saga', 'key': 'star', 'imdb_url': 'https://www.imdb.com/list/ls501373412/', 'image': 'universe/<<key>>', 'name': 'shared'}] |
[2025-07-01 13:54:31,438] [meta.py:1324]              [INFO]     | [{'value': ['wizard'], 'custom': ['wizard'], 'key_name': 'Wizarding World', 'key': 'wizard', 'allowed_libraries': 'movie', 'mdblist_url': 'https://mdblist.com/lists/k0meta/external/23683', 'image': 'universe/<<key>>', 'name': 'universe'}, {'value': ['wizard'], 'custom': ['wizard'], 'key_name': 'Wizarding World', 'key': 'wizard', 'allowed_libraries': 'movie', 'mdblist_url': 'https://mdblist.com/lists/k0meta/external/23683', 'image': 'universe/<<key>>', 'name': 'arr'}, {'value': ['wizard'], 'custom': ['wizard'], 'key_name': 'Wizarding World', 'key': 'wizard', 'allowed_libraries': 'movie', 'mdblist_url': 'https://mdblist.com/lists/k0meta/external/23683', 'image': 'universe/<<key>>', 'name': 'custom'}, {'value': ['wizard'], 'custom': ['wizard'], 'key_name': 'Wizarding World', 'key': 'wizard', 'allowed_libraries': 'movie', 'mdblist_url': 'https://mdblist.com/lists/k0meta/external/23683', 'image': 'universe/<<key>>', 'name': 'shared'}] |
[2025-07-01 13:54:31,438] [meta.py:1324]              [INFO]     | [{'value': ['xmen'], 'custom': ['xmen'], 'key_name': 'X-Men Collection', 'key': 'xmen', 'imdb_url': 'https://www.imdb.com/list/ls567618635/', 'image': 'universe/<<key>>', 'name': 'universe'}, {'value': ['xmen'], 'custom': ['xmen'], 'key_name': 'X-Men Collection', 'key': 'xmen', 'imdb_url': 'https://www.imdb.com/list/ls567618635/', 'image': 'universe/<<key>>', 'name': 'arr'}, {'value': ['xmen'], 'custom': ['xmen'], 'key_name': 'X-Men Collection', 'key': 'xmen', 'imdb_url': 'https://www.imdb.com/list/ls567618635/', 'image': 'universe/<<key>>', 'name': 'custom'}, {'value': ['xmen'], 'custom': ['xmen'], 'key_name': 'X-Men Collection', 'key': 'xmen', 'imdb_url': 'https://www.imdb.com/list/ls567618635/', 'image': 'universe/<<key>>', 'name': 'shared'}] |
[2025-07-01 13:54:31,438] [meta.py:1374]              [INFO]     |                                                                                                    |
[2025-07-01 13:54:31,438] [meta.py:1375]              [INFO]     | Collection File Loaded Successfully                                                                |
[2025-07-01 13:54:31,438] [config.py:1254]            [INFO]     |                                                                                                    |
[2025-07-01 13:54:31,439] [config.py:1255]            [INFO]     |======================================= Radarr Configuration =======================================|
[2025-07-01 13:54:31,439] [config.py:1256]            [INFO]     |                                                                                                    |
[2025-07-01 13:54:31,439] [config.py:1257]            [INFO]     | Connecting to Movies library's Radarr...                                                           |
[2025-07-01 13:54:31,439] [config.py:1258]            [INFO]     |                                                                                                    |
[2025-07-01 13:54:31,494] [config.py:1281]            [INFO]     | Movies library's Radarr Connection Successful                                                      |
[2025-07-01 13:54:31,494] [config.py:1284]            [INFO]     |                                                                                                    |
[2025-07-01 13:54:31,494] [config.py:1285]            [INFO]     |======================================= Sonarr Configuration =======================================|
[2025-07-01 13:54:31,494] [config.py:1286]            [INFO]     |                                                                                                    |
[2025-07-01 13:54:31,494] [config.py:1287]            [INFO]     | Connecting to Movies library's Sonarr...                                                           |
[2025-07-01 13:54:31,494] [config.py:1288]            [INFO]     |                                                                                                    |
[2025-07-01 13:54:31,503] [config.py:1314]            [INFO]     | Movies library's Sonarr Connection Successful                                                      |
[2025-07-01 13:54:31,504] [config.py:1317]            [INFO]     |                                                                                                    |
[2025-07-01 13:54:31,504] [config.py:1318]            [INFO]     |====================================== Tautulli Configuration ======================================|
[2025-07-01 13:54:31,504] [config.py:1319]            [INFO]     |                                                                                                    |
[2025-07-01 13:54:31,504] [config.py:1320]            [INFO]     | Connecting to Movies library's Tautulli...                                                         |
[2025-07-01 13:54:31,504] [config.py:1321]            [INFO]     |                                                                                                    |
[2025-07-01 13:54:31,512] [config.py:1331]            [INFO]     | Movies library's Tautulli Connection Successful                                                    |
[2025-07-01 13:54:31,512] [config.py:1336]            [INFO]     |                                                                                                    |
[2025-07-01 13:54:31,513] [config.py:881]             [INFO]     |====================================================================================================|
[2025-07-01 13:54:31,513] [config.py:881]             [INFO]     |                                       TV Shows Configuration                                       |
[2025-07-01 13:54:31,513] [config.py:881]             [INFO]     |====================================================================================================|
[2025-07-01 13:54:31,513] [config.py:882]             [INFO]     |                                                                                                    |
[2025-07-01 13:54:31,513] [config.py:883]             [INFO]     | Connecting to TV Shows Library...                                                                  |
[2025-07-01 13:54:31,514] [config.py:927]             [INFO]     |===================================== Operation Configuration ======================================|
[2025-07-01 13:54:31,514] [config.py:931]             [INFO]     |                                                                                                    |
[2025-07-01 13:54:31,514] [config.py:932]             [INFO]     | Operation 1/1                                                                                      |
[2025-07-01 13:54:31,514] [config.py:934]             [INFO]     |     assets_for_all: True                                                                           |
[2025-07-01 13:54:31,514] [config.py:1072]            [INFO]     |                                                                                                    |
[2025-07-01 13:54:31,515] [config.py:1073]            [INFO]     | Reading in Collection Files                                                                        |
[2025-07-01 13:54:31,515] [util.py:324]               [INFO]     |                                                                                                    |
[2025-07-01 13:54:31,515] [util.py:329]               [INFO]     | Reading default: basic                                                                             |
[2025-07-01 13:54:31,515] [util.py:324]               [INFO]     |                                                                                                    |
[2025-07-01 13:54:31,515] [util.py:329]               [INFO]     | Reading default: imdb                                                                              |
[2025-07-01 13:54:31,515] [util.py:324]               [INFO]     |                                                                                                    |
[2025-07-01 13:54:31,515] [util.py:329]               [INFO]     | Reading file: config/franchise.yml                                                                 |
[2025-07-01 13:54:31,516] [config.py:1210]            [INFO]     |                                                                                                    |
[2025-07-01 13:54:31,516] [config.py:1211]            [INFO]     |======================================== Plex Configuration ========================================|
[2025-07-01 13:54:31,517] [library.py:142]            [INFO]     |                                                                                                    |
[2025-07-01 13:54:31,517] [library.py:144]            [INFO]     | Using Asset Directory: config/assets/plex/Movies                                                   |
[2025-07-01 13:54:31,520] [plex.py:467]               [INFO]     | Connected to server Mr Meeseeks version 1.41.8.9834-071366d65                                      |
[2025-07-01 13:54:31,520] [plex.py:468]               [INFO]     | Running on MacOSX version 15.5.0                                                                   |
[2025-07-01 13:54:31,528] [plex.py:472]               [INFO]     | Plex DB cache setting: 256 MB                                                                      |
[2025-07-01 13:54:31,528] [plex.py:489]               [INFO]     | PlexPass: True on Unknown update channel: 0.                                                       |
[2025-07-01 13:54:31,528] [plex.py:491]               [INFO]     | Scheduled maintenance running between 2:00 and 5:00                                                |
[2025-07-01 13:54:31,533] [plex.py:539]               [INFO]     | Connected to library TV Shows                                                                      |
[2025-07-01 13:54:31,533] [plex.py:540]               [INFO]     | Type: Show                                                                                         |
[2025-07-01 13:54:31,534] [plex.py:541]               [INFO]     | Agent: tv.plex.agents.series                                                                       |
[2025-07-01 13:54:31,534] [plex.py:542]               [INFO]     | Scanner: Plex TV Series                                                                            |
[2025-07-01 13:54:31,534] [plex.py:543]               [INFO]     | Ratings Source: N/A                                                                                |
[2025-07-01 13:54:31,534] [config.py:1239]            [INFO]     |                                                                                                    |
[2025-07-01 13:54:31,535] [config.py:1240]            [INFO]     | TV Shows Library Connection Successful                                                             |
[2025-07-01 13:54:31,535] [config.py:1241]            [INFO]     |                                                                                                    |
[2025-07-01 13:54:31,535] [config.py:1242]            [INFO]     |========================================== Scanning Files ==========================================|
[2025-07-01 13:54:31,535] [meta.py:71]                [INFO]     |                                                                                                    |
[2025-07-01 13:54:31,535] [meta.py:72]                [INFO]     |====================================================================================================|
[2025-07-01 13:54:31,535] [meta.py:72]                [INFO]     |                               Loading Collection File Default: basic                               |
[2025-07-01 13:54:31,536] [meta.py:72]                [INFO]     |====================================================================================================|
[2025-07-01 13:54:31,536] [meta.py:73]                [INFO]     |                                                                                                    |
[2025-07-01 13:54:31,538] [meta.py:165]               [DEBUG]    | File Loaded From: /defaults/chart/basic.yml                                                        |
[2025-07-01 13:54:31,538] [util.py:324]               [INFO]     |                                                                                                    |
[2025-07-01 13:54:31,538] [util.py:329]               [INFO]     | Reading default: templates                                                                         |
[2025-07-01 13:54:31,538] [util.py:368]               [INFO]     | Template Variables: {'collection_section': '010', 'image': 'chart/<<style>>/<<mapping_name_encoded>>'} |
[2025-07-01 13:54:31,552] [meta.py:165]               [DEBUG]    | File Loaded From: /defaults/templates.yml                                                          |
[2025-07-01 13:54:31,553] [meta.py:1374]              [INFO]     |                                                                                                    |
[2025-07-01 13:54:31,553] [meta.py:1375]              [INFO]     | Collection File Loaded Successfully                                                                |
[2025-07-01 13:54:31,553] [meta.py:71]                [INFO]     |                                                                                                    |
[2025-07-01 13:54:31,553] [meta.py:72]                [INFO]     |====================================================================================================|
[2025-07-01 13:54:31,553] [meta.py:72]                [INFO]     |                               Loading Collection File Default: imdb                                |
[2025-07-01 13:54:31,553] [meta.py:72]                [INFO]     |====================================================================================================|
[2025-07-01 13:54:31,553] [meta.py:73]                [INFO]     |                                                                                                    |
[2025-07-01 13:54:31,556] [meta.py:165]               [DEBUG]    | File Loaded From: /defaults/chart/imdb.yml                                                         |
[2025-07-01 13:54:31,556] [util.py:324]               [INFO]     |                                                                                                    |
[2025-07-01 13:54:31,556] [util.py:329]               [INFO]     | Reading default: templates                                                                         |
[2025-07-01 13:54:31,557] [util.py:368]               [INFO]     | Template Variables: {'collection_section': '020', 'image': 'chart/<<style>>/<<mapping_name_encoded>>'} |
[2025-07-01 13:54:31,570] [meta.py:165]               [DEBUG]    | File Loaded From: /defaults/templates.yml                                                          |
[2025-07-01 13:54:31,571] [meta.py:1374]              [INFO]     |                                                                                                    |
[2025-07-01 13:54:31,571] [meta.py:1375]              [INFO]     | Collection File Loaded Successfully                                                                |
[2025-07-01 13:54:31,571] [meta.py:71]                [INFO]     |                                                                                                    |
[2025-07-01 13:54:31,571] [meta.py:72]                [INFO]     |====================================================================================================|
[2025-07-01 13:54:31,571] [meta.py:72]                [INFO]     |                         Loading Collection File File: config/franchise.yml                         |
[2025-07-01 13:54:31,571] [meta.py:72]                [INFO]     |====================================================================================================|
[2025-07-01 13:54:31,572] [meta.py:73]                [INFO]     |                                                                                                    |
[2025-07-01 13:54:31,576] [meta.py:165]               [DEBUG]    | File Loaded From: /config/franchise.yml                                                            |
[2025-07-01 13:54:31,576] [meta.py:788]               [INFO]     |                                                                                                    |
[2025-07-01 13:54:31,576] [meta.py:789]               [INFO]     |===================== Building Show Franchise Collections Dynamic Collections ======================|
[2025-07-01 13:54:31,576] [meta.py:790]               [INFO]     |                                                                                                    |
[2025-07-01 13:54:31,577] [meta.py:1254]              [DEBUG]    | Mapping Name: Show Franchise Collections                                                           |
[2025-07-01 13:54:31,577] [meta.py:1255]              [DEBUG]    | Type: custom                                                                                       |
[2025-07-01 13:54:31,577] [meta.py:1256]              [DEBUG]    | Data: {'1412': 'Arrowverse'}                                                                       |
[2025-07-01 13:54:31,577] [meta.py:1257]              [DEBUG]    | Exclude: []                                                                                        |
[2025-07-01 13:54:31,577] [meta.py:1258]              [DEBUG]    | Exclude Final: ['60735', '60743', '62688', '62643', '71663', '89247', '80986', '95057']            |
[2025-07-01 13:54:31,577] [meta.py:1259]              [DEBUG]    | Addons: {'1412': ['60735', '60743', '62688', '62643', '71663', '89247', '80986', '95057']}         |
[2025-07-01 13:54:31,578] [meta.py:1260]              [DEBUG]    | Template: ['tmdbshow']                                                                             |
[2025-07-01 13:54:31,578] [meta.py:1261]              [DEBUG]    | Other Template: ['tmdbshow']                                                                       |
[2025-07-01 13:54:31,578] [meta.py:1262]              [DEBUG]    | Library Variables: {}                                                                              |
[2025-07-01 13:54:31,578] [meta.py:1263]              [DEBUG]    | Template Variables: {}                                                                             |
[2025-07-01 13:54:31,578] [meta.py:1264]              [DEBUG]    | Remove Prefix: []                                                                                  |
[2025-07-01 13:54:31,578] [meta.py:1265]              [DEBUG]    | Remove Suffix: []                                                                                  |
[2025-07-01 13:54:31,578] [meta.py:1266]              [DEBUG]    | Title Format: <<key_name>>                                                                         |
[2025-07-01 13:54:31,579] [meta.py:1267]              [DEBUG]    | Key Name Override: {}                                                                              |
[2025-07-01 13:54:31,579] [meta.py:1268]              [DEBUG]    | Title Override: {}                                                                                 |
[2025-07-01 13:54:31,579] [meta.py:1269]              [DEBUG]    | Custom Keys: True                                                                                  |
[2025-07-01 13:54:31,579] [meta.py:1270]              [DEBUG]    | Test: False                                                                                        |
[2025-07-01 13:54:31,579] [meta.py:1271]              [DEBUG]    | Sync: {}                                                                                           |
[2025-07-01 13:54:31,579] [meta.py:1272]              [DEBUG]    | Include: []                                                                                        |
[2025-07-01 13:54:31,579] [meta.py:1273]              [DEBUG]    | Other Name: None                                                                                   |
[2025-07-01 13:54:31,579] [meta.py:1274]              [DEBUG]    | All Keys: dict_keys(['1412'])                                                                      |
[2025-07-01 13:54:31,579] [meta.py:1277]              [DEBUG]    | Keys (Title):                                                                                      |
[2025-07-01 13:54:31,579] [meta.py:1279]              [DEBUG]    |   - 1412 (Arrowverse)                                                                              |
[2025-07-01 13:54:31,579] [meta.py:1324]              [INFO]     | [{'value': ['1412', '60735', '60743', '62688', '62643', '71663', '89247', '80986', '95057'], 'custom': ['1412', '60735', '60743', '62688', '62643', '71663', '89247', '80986', '95057'], 'key_name': 'Arrowverse', 'key': '1412', 'name': 'tmdbshow'}] |
[2025-07-01 13:54:31,579] [meta.py:1374]              [INFO]     |                                                                                                    |
[2025-07-01 13:54:31,580] [meta.py:1375]              [INFO]     | Collection File Loaded Successfully                                                                |
[2025-07-01 13:54:31,580] [config.py:1254]            [INFO]     |                                                                                                    |
[2025-07-01 13:54:31,580] [config.py:1255]            [INFO]     |======================================= Radarr Configuration =======================================|
[2025-07-01 13:54:31,580] [config.py:1256]            [INFO]     |                                                                                                    |
[2025-07-01 13:54:31,580] [config.py:1257]            [INFO]     | Connecting to TV Shows library's Radarr...                                                         |
[2025-07-01 13:54:31,580] [config.py:1258]            [INFO]     |                                                                                                    |
[2025-07-01 13:54:31,633] [config.py:1281]            [INFO]     | TV Shows library's Radarr Connection Successful                                                    |
[2025-07-01 13:54:31,634] [config.py:1284]            [INFO]     |                                                                                                    |
[2025-07-01 13:54:31,634] [config.py:1285]            [INFO]     |======================================= Sonarr Configuration =======================================|
[2025-07-01 13:54:31,634] [config.py:1286]            [INFO]     |                                                                                                    |
[2025-07-01 13:54:31,634] [config.py:1287]            [INFO]     | Connecting to TV Shows library's Sonarr...                                                         |
[2025-07-01 13:54:31,634] [config.py:1288]            [INFO]     |                                                                                                    |
[2025-07-01 13:54:31,682] [config.py:1314]            [INFO]     | TV Shows library's Sonarr Connection Successful                                                    |
[2025-07-01 13:54:31,682] [config.py:1317]            [INFO]     |                                                                                                    |
[2025-07-01 13:54:31,682] [config.py:1318]            [INFO]     |====================================== Tautulli Configuration ======================================|
[2025-07-01 13:54:31,683] [config.py:1319]            [INFO]     |                                                                                                    |
[2025-07-01 13:54:31,683] [config.py:1320]            [INFO]     | Connecting to TV Shows library's Tautulli...                                                       |
[2025-07-01 13:54:31,683] [config.py:1321]            [INFO]     |                                                                                                    |
[2025-07-01 13:54:31,691] [config.py:1331]            [INFO]     | TV Shows library's Tautulli Connection Successful                                                  |
[2025-07-01 13:54:31,691] [config.py:1336]            [INFO]     |                                                                                                    |
[2025-07-01 13:54:31,691] [config.py:1339]            [INFO]     |====================================================================================================|
[2025-07-01 13:54:31,691] [config.py:1344]            [INFO]     | 3 Plex Library Connections Successful                                                              |
[2025-07-01 13:54:31,691] [config.py:1348]            [INFO]     |====================================================================================================|
[2025-07-01 13:54:31,691] [kometa.py:630]             [INFO]     |                                                                                                    |
[2025-07-01 13:54:31,691] [kometa.py:631]             [INFO]     |====================================================================================================|
[2025-07-01 13:54:31,691] [kometa.py:631]             [INFO]     |                                         Scheduled Library                                          |
[2025-07-01 13:54:31,691] [kometa.py:631]             [INFO]     |====================================================================================================|
[2025-07-01 13:54:31,691] [kometa.py:633]             [DEBUG]    |                                                                                                    |
[2025-07-01 13:54:31,692] [kometa.py:634]             [DEBUG]    | Library Name: Movies                                                                               |
[2025-07-01 13:54:31,692] [kometa.py:635]             [DEBUG]    | Run Order: operations, metadata, collections, overlays                                             |
[2025-07-01 13:54:31,692] [kometa.py:636]             [DEBUG]    | Folder Name: Scheduled                                                                             |
[2025-07-01 13:54:31,692] [kometa.py:638]             [DEBUG]    | Asset Directory: config/assets/plex/Movies                                                         |
[2025-07-01 13:54:31,692] [kometa.py:639]             [DEBUG]    | Asset Folders: True                                                                                |
[2025-07-01 13:54:31,692] [kometa.py:640]             [DEBUG]    | Asset Depth: 2                                                                                     |
[2025-07-01 13:54:31,692] [kometa.py:641]             [DEBUG]    | Create Asset Folders: True                                                                         |
[2025-07-01 13:54:31,692] [kometa.py:642]             [DEBUG]    | Prioritize Assets: True                                                                            |
[2025-07-01 13:54:31,692] [kometa.py:643]             [DEBUG]    | Dimensional Asset Rename: False                                                                    |
[2025-07-01 13:54:31,692] [kometa.py:644]             [DEBUG]    | Download URL Assets: True                                                                          |
[2025-07-01 13:54:31,692] [kometa.py:645]             [DEBUG]    | Show Missing Assets: False                                                                         |
[2025-07-01 13:54:31,693] [kometa.py:646]             [DEBUG]    | Show Missing Season Assets: False                                                                  |
[2025-07-01 13:54:31,693] [kometa.py:647]             [DEBUG]    | Show Missing Episode Assets: False                                                                 |
[2025-07-01 13:54:31,693] [kometa.py:648]             [DEBUG]    | Show Assets Not Needed: False                                                                      |
[2025-07-01 13:54:31,693] [kometa.py:649]             [DEBUG]    | Sync Mode: append                                                                                  |
[2025-07-01 13:54:31,693] [kometa.py:650]             [DEBUG]    | Minimum Items: 1                                                                                   |
[2025-07-01 13:54:31,693] [kometa.py:651]             [DEBUG]    | Delete Below Minimum: True                                                                         |
[2025-07-01 13:54:31,693] [kometa.py:652]             [DEBUG]    | Delete Not Scheduled: True                                                                         |
[2025-07-01 13:54:31,693] [kometa.py:653]             [DEBUG]    | Default Collection Order: None                                                                     |
[2025-07-01 13:54:31,693] [kometa.py:654]             [DEBUG]    | Missing Only Released: False                                                                       |
[2025-07-01 13:54:31,693] [kometa.py:655]             [DEBUG]    | Only Filter Missing: False                                                                         |
[2025-07-01 13:54:31,693] [kometa.py:656]             [DEBUG]    | Show Unmanaged: True                                                                               |
[2025-07-01 13:54:31,693] [kometa.py:657]             [DEBUG]    | Show Unconfigured: True                                                                            |
[2025-07-01 13:54:31,693] [kometa.py:658]             [DEBUG]    | Show Filtered: False                                                                               |
[2025-07-01 13:54:31,693] [kometa.py:659]             [DEBUG]    | Show Unfiltered: False                                                                             |
[2025-07-01 13:54:31,693] [kometa.py:660]             [DEBUG]    | Show Options: True                                                                                 |
[2025-07-01 13:54:31,694] [kometa.py:661]             [DEBUG]    | Show Missing: False                                                                                |
[2025-07-01 13:54:31,694] [kometa.py:662]             [DEBUG]    | Save Report: False                                                                                 |
[2025-07-01 13:54:31,694] [kometa.py:663]             [DEBUG]    | Report Path: //config/Scheduled_report.yml                                                         |
[2025-07-01 13:54:31,694] [kometa.py:664]             [DEBUG]    | Ignore IDs: []                                                                                     |
[2025-07-01 13:54:31,694] [kometa.py:665]             [DEBUG]    | Ignore IMDb IDs: []                                                                                |
[2025-07-01 13:54:31,694] [kometa.py:666]             [DEBUG]    | Item Refresh Delay: 0                                                                              |
[2025-07-01 13:54:31,694] [kometa.py:667]             [DEBUG]    | Clean Bundles: False                                                                               |
[2025-07-01 13:54:31,694] [kometa.py:668]             [DEBUG]    | Empty Trash: True                                                                                  |
[2025-07-01 13:54:31,694] [kometa.py:669]             [DEBUG]    | Optimize: True                                                                                     |
[2025-07-01 13:54:31,695] [kometa.py:670]             [DEBUG]    | Timeout: 60                                                                                        |
[2025-07-01 13:54:31,695] [library.py:389]            [INFO]     |                                                                                                    |
[2025-07-01 13:54:31,696] [library.py:390]            [INFO]     |=================================== Caching Movies Library Items ===================================|
[2025-07-01 13:54:31,696] [library.py:391]            [INFO]     |                                                                                                    |
[2025-07-01 13:54:31,696] [plex.py:606]               [INFO]     | Loading All Movies from Library: Movies                                                            |
[2025-07-01 13:54:41,740] [plex.py:626]               [INFO]     | Loaded 6454 Movies                                                                                 |
[2025-07-01 13:54:41,747] [kometa.py:716]             [INFO]     |                                                                                                    |
[2025-07-01 13:54:41,747] [kometa.py:717]             [INFO]     |==================================== Mapping Scheduled Library =====================================|
[2025-07-01 13:54:41,747] [kometa.py:718]             [INFO]     |                                                                                                    |
[2025-07-01 13:54:41,994] [kometa.py:791]             [DEBUG]    | Traceback (most recent call last):                                                                 |
                                                                 |   File "//kometa.py", line 719, in run_libraries                                                   |
                                                                 |     library.map_guids(temp_items)                                                                  |
                                                                 |     ~~~~~~~~~~~~~~~~~^^^^^^^^^^^^                                                                  |
                                                                 |   File "/modules/library.py", line 411, in map_guids                                               |
                                                                 |     id_type, main_id, imdb_id = self.config.Convert.get_id(item, self)                             |
                                                                 |                                 ~~~~~~~~~~~~~~~~~~~~~~~~~~^^^^^^^^^^^^                             |
                                                                 |   File "/modules/convert.py", line 290, in get_id                                                  |
                                                                 |     media_id_type, cache_id, imdb_check, expired = self.ids_from_cache(item.ratingKey, item.guid, item_type, check_id, library) |
                                                                 |                                                    ~~~~~~~~~~~~~~~~~~~^^^^^^^^^^^^^^^^^^^^^^^^^^^^^^^^^^^^^^^^^^^^^^^^^^^^^^^^^ |
                                                                 |   File "/modules/convert.py", line 269, in ids_from_cache                                          |
                                                                 |     cache_id, imdb_check, media_type, expired = self.cache.query_guid_map(guid)                    |
                                                                 |                                                 ~~~~~~~~~~~~~~~~~~~~~~~~~^^^^^^                    |
                                                                 |   File "/modules/cache.py", line 343, in query_guid_map                                            |
                                                                 |     cursor.execute(f"SELECT * FROM guids_map WHERE plex_guid = ?", (plex_guid,))                   |
                                                                 |     ~~~~~~~~~~~~~~^^^^^^^^^^^^^^^^^^^^^^^^^^^^^^^^^^^^^^^^^^^^^^^^^^^^^^^^^^^^^^                   |
                                                                 | sqlite3.OperationalError: unable to open database file                                             |
                                                                 |                                                                                                    |
[2025-07-01 13:54:41,996] [kometa.py:792]             [CRITICAL] | unable to open database file                                                                       |
[2025-07-01 13:54:41,996] [kometa.py:630]             [INFO]     |                                                                                                    |
[2025-07-01 13:54:41,996] [kometa.py:631]             [INFO]     |====================================================================================================|
[2025-07-01 13:54:41,996] [kometa.py:631]             [INFO]     |                                           Movies Library                                           |
[2025-07-01 13:54:41,996] [kometa.py:631]             [INFO]     |====================================================================================================|
[2025-07-01 13:54:41,996] [kometa.py:633]             [DEBUG]    |                                                                                                    |
[2025-07-01 13:54:41,996] [kometa.py:634]             [DEBUG]    | Library Name: Movies                                                                               |
[2025-07-01 13:54:41,997] [kometa.py:635]             [DEBUG]    | Run Order: operations, metadata, collections, overlays                                             |
[2025-07-01 13:54:41,997] [kometa.py:636]             [DEBUG]    | Folder Name: Movies                                                                                |
[2025-07-01 13:54:41,997] [kometa.py:638]             [DEBUG]    | Asset Directory: config/assets/plex/Movies                                                         |
[2025-07-01 13:54:41,997] [kometa.py:639]             [DEBUG]    | Asset Folders: True                                                                                |
[2025-07-01 13:54:41,997] [kometa.py:640]             [DEBUG]    | Asset Depth: 2                                                                                     |
[2025-07-01 13:54:41,997] [kometa.py:641]             [DEBUG]    | Create Asset Folders: True                                                                         |
[2025-07-01 13:54:41,997] [kometa.py:642]             [DEBUG]    | Prioritize Assets: True                                                                            |
[2025-07-01 13:54:41,997] [kometa.py:643]             [DEBUG]    | Dimensional Asset Rename: False                                                                    |
[2025-07-01 13:54:41,997] [kometa.py:644]             [DEBUG]    | Download URL Assets: True                                                                          |
[2025-07-01 13:54:41,997] [kometa.py:645]             [DEBUG]    | Show Missing Assets: False                                                                         |
[2025-07-01 13:54:41,997] [kometa.py:646]             [DEBUG]    | Show Missing Season Assets: False                                                                  |
[2025-07-01 13:54:41,997] [kometa.py:647]             [DEBUG]    | Show Missing Episode Assets: False                                                                 |
[2025-07-01 13:54:41,997] [kometa.py:648]             [DEBUG]    | Show Assets Not Needed: False                                                                      |
[2025-07-01 13:54:41,998] [kometa.py:649]             [DEBUG]    | Sync Mode: append                                                                                  |
[2025-07-01 13:54:41,998] [kometa.py:650]             [DEBUG]    | Minimum Items: 1                                                                                   |
[2025-07-01 13:54:41,998] [kometa.py:651]             [DEBUG]    | Delete Below Minimum: True                                                                         |
[2025-07-01 13:54:41,998] [kometa.py:652]             [DEBUG]    | Delete Not Scheduled: False                                                                        |
[2025-07-01 13:54:41,998] [kometa.py:653]             [DEBUG]    | Default Collection Order: None                                                                     |
[2025-07-01 13:54:41,998] [kometa.py:654]             [DEBUG]    | Missing Only Released: False                                                                       |
[2025-07-01 13:54:41,998] [kometa.py:655]             [DEBUG]    | Only Filter Missing: False                                                                         |
[2025-07-01 13:54:41,998] [kometa.py:656]             [DEBUG]    | Show Unmanaged: True                                                                               |
[2025-07-01 13:54:41,999] [kometa.py:657]             [DEBUG]    | Show Unconfigured: True                                                                            |
[2025-07-01 13:54:41,999] [kometa.py:658]             [DEBUG]    | Show Filtered: False                                                                               |
[2025-07-01 13:54:41,999] [kometa.py:659]             [DEBUG]    | Show Unfiltered: False                                                                             |
[2025-07-01 13:54:41,999] [kometa.py:660]             [DEBUG]    | Show Options: True                                                                                 |
[2025-07-01 13:54:41,999] [kometa.py:661]             [DEBUG]    | Show Missing: False                                                                                |
[2025-07-01 13:54:41,999] [kometa.py:662]             [DEBUG]    | Save Report: False                                                                                 |
[2025-07-01 13:54:41,999] [kometa.py:663]             [DEBUG]    | Report Path: //config/Movies_report.yml                                                            |
[2025-07-01 13:54:41,999] [kometa.py:664]             [DEBUG]    | Ignore IDs: []                                                                                     |
[2025-07-01 13:54:41,999] [kometa.py:665]             [DEBUG]    | Ignore IMDb IDs: []                                                                                |
[2025-07-01 13:54:41,999] [kometa.py:666]             [DEBUG]    | Item Refresh Delay: 0                                                                              |
[2025-07-01 13:54:42,000] [kometa.py:667]             [DEBUG]    | Clean Bundles: False                                                                               |
[2025-07-01 13:54:42,000] [kometa.py:668]             [DEBUG]    | Empty Trash: True                                                                                  |
[2025-07-01 13:54:42,000] [kometa.py:669]             [DEBUG]    | Optimize: True                                                                                     |
[2025-07-01 13:54:42,000] [kometa.py:670]             [DEBUG]    | Timeout: 60                                                                                        |
[2025-07-01 13:54:42,001] [library.py:389]            [INFO]     |                                                                                                    |
[2025-07-01 13:54:42,001] [library.py:390]            [INFO]     |=================================== Caching Movies Library Items ===================================|
[2025-07-01 13:54:42,001] [library.py:391]            [INFO]     |                                                                                                    |
[2025-07-01 13:54:42,001] [plex.py:606]               [INFO]     | Loading All Movies from Library: Movies                                                            |
[2025-07-01 13:54:52,273] [plex.py:626]               [INFO]     | Loaded 6454 Movies                                                                                 |
[2025-07-01 13:54:52,279] [kometa.py:716]             [INFO]     |                                                                                                    |
[2025-07-01 13:54:52,280] [kometa.py:717]             [INFO]     |====================================== Mapping Movies Library ======================================|
[2025-07-01 13:54:52,280] [kometa.py:718]             [INFO]     |                                                                                                    |
[2025-07-01 13:54:52,678] [kometa.py:791]             [DEBUG]    | Traceback (most recent call last):                                                                 |
                                                                 |   File "//kometa.py", line 719, in run_libraries                                                   |
                                                                 |     library.map_guids(temp_items)                                                                  |
                                                                 |     ~~~~~~~~~~~~~~~~~^^^^^^^^^^^^                                                                  |
                                                                 |   File "/modules/library.py", line 411, in map_guids                                               |
                                                                 |     id_type, main_id, imdb_id = self.config.Convert.get_id(item, self)                             |
                                                                 |                                 ~~~~~~~~~~~~~~~~~~~~~~~~~~^^^^^^^^^^^^                             |
                                                                 |   File "/modules/convert.py", line 290, in get_id                                                  |
                                                                 |     media_id_type, cache_id, imdb_check, expired = self.ids_from_cache(item.ratingKey, item.guid, item_type, check_id, library) |
                                                                 |                                                    ~~~~~~~~~~~~~~~~~~~^^^^^^^^^^^^^^^^^^^^^^^^^^^^^^^^^^^^^^^^^^^^^^^^^^^^^^^^^ |
                                                                 |   File "/modules/convert.py", line 269, in ids_from_cache                                          |
                                                                 |     cache_id, imdb_check, media_type, expired = self.cache.query_guid_map(guid)                    |
                                                                 |                                                 ~~~~~~~~~~~~~~~~~~~~~~~~~^^^^^^                    |
                                                                 |   File "/modules/cache.py", line 343, in query_guid_map                                            |
                                                                 |     cursor.execute(f"SELECT * FROM guids_map WHERE plex_guid = ?", (plex_guid,))                   |
                                                                 |     ~~~~~~~~~~~~~~^^^^^^^^^^^^^^^^^^^^^^^^^^^^^^^^^^^^^^^^^^^^^^^^^^^^^^^^^^^^^^                   |
                                                                 | sqlite3.OperationalError: unable to open database file                                             |
                                                                 |                                                                                                    |
[2025-07-01 13:54:52,680] [kometa.py:792]             [CRITICAL] | unable to open database file                                                                       |
[2025-07-01 13:54:52,680] [kometa.py:630]             [INFO]     |                                                                                                    |
[2025-07-01 13:54:52,680] [kometa.py:631]             [INFO]     |====================================================================================================|
[2025-07-01 13:54:52,680] [kometa.py:631]             [INFO]     |                                          TV Shows Library                                          |
[2025-07-01 13:54:52,680] [kometa.py:631]             [INFO]     |====================================================================================================|
[2025-07-01 13:54:52,680] [kometa.py:633]             [DEBUG]    |                                                                                                    |
[2025-07-01 13:54:52,680] [kometa.py:634]             [DEBUG]    | Library Name: TV Shows                                                                             |
[2025-07-01 13:54:52,680] [kometa.py:635]             [DEBUG]    | Run Order: operations, metadata, collections, overlays                                             |
[2025-07-01 13:54:52,680] [kometa.py:636]             [DEBUG]    | Folder Name: TV Shows                                                                              |
[2025-07-01 13:54:52,680] [kometa.py:638]             [DEBUG]    | Asset Directory: config/assets/plex/Movies                                                         |
[2025-07-01 13:54:52,680] [kometa.py:639]             [DEBUG]    | Asset Folders: True                                                                                |
[2025-07-01 13:54:52,680] [kometa.py:640]             [DEBUG]    | Asset Depth: 2                                                                                     |
[2025-07-01 13:54:52,680] [kometa.py:641]             [DEBUG]    | Create Asset Folders: True                                                                         |
[2025-07-01 13:54:52,681] [kometa.py:642]             [DEBUG]    | Prioritize Assets: True                                                                            |
[2025-07-01 13:54:52,681] [kometa.py:643]             [DEBUG]    | Dimensional Asset Rename: False                                                                    |
[2025-07-01 13:54:52,681] [kometa.py:644]             [DEBUG]    | Download URL Assets: True                                                                          |
[2025-07-01 13:54:52,681] [kometa.py:645]             [DEBUG]    | Show Missing Assets: False                                                                         |
[2025-07-01 13:54:52,681] [kometa.py:646]             [DEBUG]    | Show Missing Season Assets: False                                                                  |
[2025-07-01 13:54:52,681] [kometa.py:647]             [DEBUG]    | Show Missing Episode Assets: False                                                                 |
[2025-07-01 13:54:52,681] [kometa.py:648]             [DEBUG]    | Show Assets Not Needed: False                                                                      |
[2025-07-01 13:54:52,681] [kometa.py:649]             [DEBUG]    | Sync Mode: append                                                                                  |
[2025-07-01 13:54:52,681] [kometa.py:650]             [DEBUG]    | Minimum Items: 1                                                                                   |
[2025-07-01 13:54:52,681] [kometa.py:651]             [DEBUG]    | Delete Below Minimum: True                                                                         |
[2025-07-01 13:54:52,681] [kometa.py:652]             [DEBUG]    | Delete Not Scheduled: False                                                                        |
[2025-07-01 13:54:52,682] [kometa.py:653]             [DEBUG]    | Default Collection Order: None                                                                     |
[2025-07-01 13:54:52,682] [kometa.py:654]             [DEBUG]    | Missing Only Released: False                                                                       |
[2025-07-01 13:54:52,682] [kometa.py:655]             [DEBUG]    | Only Filter Missing: False                                                                         |
[2025-07-01 13:54:52,682] [kometa.py:656]             [DEBUG]    | Show Unmanaged: True                                                                               |
[2025-07-01 13:54:52,682] [kometa.py:657]             [DEBUG]    | Show Unconfigured: True                                                                            |
[2025-07-01 13:54:52,682] [kometa.py:658]             [DEBUG]    | Show Filtered: False                                                                               |
[2025-07-01 13:54:52,682] [kometa.py:659]             [DEBUG]    | Show Unfiltered: False                                                                             |
[2025-07-01 13:54:52,682] [kometa.py:660]             [DEBUG]    | Show Options: True                                                                                 |
[2025-07-01 13:54:52,682] [kometa.py:661]             [DEBUG]    | Show Missing: False                                                                                |
[2025-07-01 13:54:52,682] [kometa.py:662]             [DEBUG]    | Save Report: False                                                                                 |
[2025-07-01 13:54:52,682] [kometa.py:663]             [DEBUG]    | Report Path: //config/TV Shows_report.yml                                                          |
[2025-07-01 13:54:52,683] [kometa.py:664]             [DEBUG]    | Ignore IDs: []                                                                                     |
[2025-07-01 13:54:52,683] [kometa.py:665]             [DEBUG]    | Ignore IMDb IDs: []                                                                                |
[2025-07-01 13:54:52,683] [kometa.py:666]             [DEBUG]    | Item Refresh Delay: 0                                                                              |
[2025-07-01 13:54:52,683] [kometa.py:667]             [DEBUG]    | Clean Bundles: False                                                                               |
[2025-07-01 13:54:52,683] [kometa.py:668]             [DEBUG]    | Empty Trash: True                                                                                  |
[2025-07-01 13:54:52,683] [kometa.py:669]             [DEBUG]    | Optimize: True                                                                                     |
[2025-07-01 13:54:52,683] [kometa.py:670]             [DEBUG]    | Timeout: 60                                                                                        |
[2025-07-01 13:54:52,684] [kometa.py:791]             [DEBUG]    | Traceback (most recent call last):                                                                 |
                                                                 |   File "//kometa.py", line 709, in run_libraries                                                   |
                                                                 |     list_key, _ = config.Cache.query_list_cache("library", library.mapping_name, 1)                |
                                                                 |                   ~~~~~~~~~~~~~~~~~~~~~~~~~~~~~^^^^^^^^^^^^^^^^^^^^^^^^^^^^^^^^^^^^                |
                                                                 |   File "/modules/cache.py", line 970, in query_list_cache                                          |
                                                                 |     cursor.execute(f"SELECT * FROM list_cache WHERE list_type = ? AND list_data = ?", (list_type, list_data)) |
                                                                 |     ~~~~~~~~~~~~~~^^^^^^^^^^^^^^^^^^^^^^^^^^^^^^^^^^^^^^^^^^^^^^^^^^^^^^^^^^^^^^^^^^^^^^^^^^^^^^^^^^^^^^^^^^^ |
                                                                 | sqlite3.OperationalError: unable to open database file                                             |
                                                                 |                                                                                                    |
[2025-07-01 13:54:52,685] [kometa.py:792]             [CRITICAL] | unable to open database file                                                                       |
[2025-07-01 13:54:52,829] [kometa.py:576]             [INFO]     |                                                                                                    |
[2025-07-01 13:54:52,829] [kometa.py:577]             [INFO]     |====================================================================================================|
[2025-07-01 13:54:52,829] [kometa.py:577]             [INFO]     |                                              Summary                                               |
[2025-07-01 13:54:52,829] [kometa.py:577]             [INFO]     |====================================================================================================|
[2025-07-01 13:54:52,829] [kometa.py:579]             [INFO]     |                                                                                                    |
[2025-07-01 13:54:52,830] [kometa.py:580]             [INFO]     |========================================== Movies Summary ==========================================|
[2025-07-01 13:54:52,830] [kometa.py:581]             [INFO]     |                                                                                                    |
[2025-07-01 13:54:52,830] [kometa.py:582]             [INFO]     | Title                       | Run Time |                                                           |
[2025-07-01 13:54:52,830] [kometa.py:583]             [INFO]     | =========================== | ======== |                                                           |
[2025-07-01 13:54:52,830] [kometa.py:587]             [INFO]     |                                                                                                    |
[2025-07-01 13:54:52,830] [kometa.py:566]             [INFO]     |        Title         |   +   |   =   |   -   | Run Time | Status                                   |
[2025-07-01 13:54:52,830] [kometa.py:568]             [INFO]     |======================|=======|=======|=======|==========|==========================================|
[2025-07-01 13:54:52,830] [kometa.py:579]             [INFO]     |                                                                                                    |
[2025-07-01 13:54:52,830] [kometa.py:580]             [INFO]     |========================================== Movies Summary ==========================================|
[2025-07-01 13:54:52,831] [kometa.py:581]             [INFO]     |                                                                                                    |
[2025-07-01 13:54:52,831] [kometa.py:582]             [INFO]     | Title                       | Run Time |                                                           |
[2025-07-01 13:54:52,831] [kometa.py:583]             [INFO]     | =========================== | ======== |                                                           |
[2025-07-01 13:54:52,831] [kometa.py:587]             [INFO]     |                                                                                                    |
[2025-07-01 13:54:52,831] [kometa.py:566]             [INFO]     |        Title         |   +   |   =   |   -   | Run Time | Status                                   |
[2025-07-01 13:54:52,831] [kometa.py:568]             [INFO]     |======================|=======|=======|=======|==========|==========================================|
[2025-07-01 13:54:52,831] [kometa.py:579]             [INFO]     |                                                                                                    |
[2025-07-01 13:54:52,831] [kometa.py:580]             [INFO]     |========================================= TV Shows Summary =========================================|
[2025-07-01 13:54:52,831] [kometa.py:581]             [INFO]     |                                                                                                    |
[2025-07-01 13:54:52,832] [kometa.py:582]             [INFO]     | Title                       | Run Time |                                                           |
[2025-07-01 13:54:52,832] [kometa.py:583]             [INFO]     | =========================== | ======== |                                                           |
[2025-07-01 13:54:52,832] [kometa.py:587]             [INFO]     |                                                                                                    |
[2025-07-01 13:54:52,832] [kometa.py:566]             [INFO]     |        Title         |   +   |   =   |   -   | Run Time | Status                                   |
[2025-07-01 13:54:52,832] [kometa.py:568]             [INFO]     |======================|=======|=======|=======|==========|==========================================|
[2025-07-01 13:54:52,832] [kometa.py:378]             [INFO]     |                                                                                                    |
[2025-07-01 13:54:52,834] [kometa.py:453]             [INFO]     |========================================= Warning Summary ==========================================|
[2025-07-01 13:54:52,834] [kometa.py:455]             [INFO]     |                                                                                                    |
[2025-07-01 13:54:52,834] [kometa.py:456]             [INFO]     | Count | Message                                                                                    |
[2025-07-01 13:54:52,834] [kometa.py:457]             [INFO]     |=======|============================================================================================|
[2025-07-01 13:54:52,834] [kometa.py:459]             [INFO]     |     1 | Config Warning: seasons attribute not found using True as default                          |
[2025-07-01 13:54:52,834] [kometa.py:459]             [INFO]     |     1 | Config Warning: episodes attribute not found using True as default                         |
[2025-07-01 13:54:52,834] [kometa.py:459]             [INFO]     |     1 | Config Warning: ignore_locked attribute not found using False as default                   |
[2025-07-01 13:54:52,834] [kometa.py:459]             [INFO]     |     1 | Config Warning: ignore_overlays attribute not found using False as default                 |
[2025-07-01 13:54:52,834] [kometa.py:459]             [INFO]     |     1 | Config Warning: Skipping duplicate collection: "Marvel Cinematic Universe"                 |
[2025-07-01 13:54:52,835] [kometa.py:459]             [INFO]     |     1 | Config Warning: Skipping duplicate collection: "IMDb Popular"                              |
[2025-07-01 13:54:52,835] [kometa.py:459]             [INFO]     |     1 | Config Warning: Skipping duplicate collection: "IMDb Top 250"                              |
[2025-07-01 13:54:52,835] [kometa.py:459]             [INFO]     |     1 | Config Warning: Skipping duplicate collection: "IMDb Lowest Rated"                         |
[2025-07-01 13:54:52,835] [kometa.py:459]             [INFO]     |     1 | Config Warning: Skipping duplicate collection: New Year's Day Movies                       |
[2025-07-01 13:54:52,835] [kometa.py:459]             [INFO]     |     1 | Config Warning: Skipping duplicate collection: Valentine's Day Movies                      |
[2025-07-01 13:54:52,835] [kometa.py:459]             [INFO]     |     1 | Config Warning: Skipping duplicate collection: Thanksgiving Movies                         |
[2025-07-01 13:54:52,835] [kometa.py:459]             [INFO]     |     1 | Config Warning: Skipping duplicate collection: Arrowverse                                  |
[2025-07-01 13:54:52,835] [kometa.py:459]             [INFO]     |     1 | Config Warning: Skipping duplicate collection: Marvel Cinematic Universe                   |
[2025-07-01 13:54:52,835] [kometa.py:460]             [INFO]     |                                                                                                    |
[2025-07-01 13:54:52,835] [kometa.py:453]             [INFO]     |========================================== Error Summary ===========================================|
[2025-07-01 13:54:52,835] [kometa.py:455]             [INFO]     |                                                                                                    |
[2025-07-01 13:54:52,835] [kometa.py:456]             [INFO]     | Count | Message                                                                                    |
[2025-07-01 13:54:52,835] [kometa.py:457]             [INFO]     |=======|============================================================================================|
[2025-07-01 13:54:52,835] [kometa.py:459]             [INFO]     |     1 | Config Error: Folder /config/missing does not exist                                        |
[2025-07-01 13:54:52,836] [kometa.py:459]             [INFO]     |     1 | Config Error: mass_critic_rating_update cannot use mdb_tomatoes without a successful MDBList Connection |
[2025-07-01 13:54:52,836] [kometa.py:459]             [INFO]     |     1 | YAML Error: collections or dynamic_collections attribute is required                       |
[2025-07-01 13:54:52,836] [kometa.py:460]             [INFO]     |                                                                                                    |
[2025-07-01 13:54:52,836] [kometa.py:453]             [INFO]     |========================================= Critical Summary =========================================|
[2025-07-01 13:54:52,836] [kometa.py:455]             [INFO]     |                                                                                                    |
[2025-07-01 13:54:52,836] [kometa.py:456]             [INFO]     | Count | Message                                                                                    |
[2025-07-01 13:54:52,836] [kometa.py:457]             [INFO]     |=======|============================================================================================|
[2025-07-01 13:54:52,836] [kometa.py:459]             [INFO]     |     3 | unable to open database file                                                               |
[2025-07-01 13:54:52,836] [kometa.py:460]             [INFO]     |                                                                                                    |
[2025-07-01 13:54:52,837] [kometa.py:467]             [INFO]     |====================================================================================================|
[2025-07-01 13:54:52,837] [kometa.py:467]             [INFO]     |                                            Finished Run                                            |
[2025-07-01 13:54:52,837] [kometa.py:467]             [INFO]     |                                           Version: 2.2.0                                           |
[2025-07-01 13:54:52,837] [kometa.py:467]             [INFO]     |      Start Time: 13:54:29 2025-07-01     Finished: 13:54:52 2025-07-01     Run Time: 0:00:23       |
[2025-07-01 13:54:52,837] [kometa.py:467]             [INFO]     |====================================================================================================|
